id,source,target,relation,source_text
E001,E001,P213,HAS_SUBJECT,空海以去延暦二十三年。銜命留學之末。問津萬里之外。其年臘月得到長安。
E002,E001,L320,HAS_OBJECT,空海以去延暦二十三年。銜命留學之末。問津萬里之外。其年臘月得到長安。
E003,E001,L320,AT_LOCATION,空海以去延暦二十三年。銜命留學之末。問津萬里之外。其年臘月得到長安。
E004,P213,L320,TRAVEL,空海以去延暦二十三年。銜命留學之末。問津萬里之外。其年臘月得到長安。
E005,E112,P213,HAS_SUBJECT,二十四年二月十日。准勅配住西明寺。
E006,E112,L300,HAS_OBJECT,二十四年二月十日。准勅配住西明寺。
E007,E112,L323,AT_LOCATION,二十四年二月十日。准勅配住西明寺。
E008,P213,L300,TRAVEL,二十四年二月十日。准勅配住西明寺。
E009,P213,L323,TRAVEL,二十四年二月十日。准勅配住西明寺。
E010,E223,P213,HAS_SUBJECT,幸遇青龍寺灌頂阿闍梨法號惠果和尚。以爲師主。
E011,E223,P149,HAS_OBJECT,幸遇青龍寺灌頂阿闍梨法號惠果和尚。以爲師主。
E012,E223,L331,AT_LOCATION,幸遇青龍寺灌頂阿闍梨法號惠果和尚。以爲師主。
E013,P213,P149,LEARN,幸遇青龍寺灌頂阿闍梨法號惠果和尚。以爲師主。
E014,P213,L331,LEARN,幸遇青龍寺灌頂阿闍梨法號惠果和尚。以爲師主。
E015,E334,P213,HAS_SUBJECT,授我以發菩提心戒。許我以入灌頂道場。沐受明灌頂再三焉。受阿闍梨位一度也。
E016,E334,P149,HAS_OBJECT,授我以發菩提心戒。許我以入灌頂道場。沐受明灌頂再三焉。受阿闍梨位一度也。
E017,E334,L324,AT_LOCATION,授我以發菩提心戒。許我以入灌頂道場。沐受明灌頂再三焉。受阿闍梨位一度也。
E018,P213,L324,LEARN,授我以發菩提心戒。許我以入灌頂道場。沐受明灌頂再三焉。受阿闍梨位一度也。
E019,E445,P040,HAS_SUBJECT,至秋七月。巡礼南臺。
E020,E445,L074,HAS_OBJECT,至秋七月。巡礼南臺。
E021,E445,L023,AT_LOCATION,至秋七月。巡礼南臺。
E022,P040,L074,TRAVEL,至秋七月。巡礼南臺。
E023,P040,L023,TRAVEL,至秋七月。巡礼南臺。
E024,E556,P040,HAS_SUBJECT,其年八月。到長安城。
E025,E556,L322,HAS_OBJECT,其年八月。到長安城。
E026,E556,L320,AT_LOCATION,其年八月。到長安城。
E027,P040,L322,TRAVEL,其年八月。到長安城。
E028,P040,L320,TRAVEL,其年八月。到長安城。
E029,E667,P040,HAS_SUBJECT,礼拜大興善寺翻經院元政阿闍梨。屈請以爲師。始學金剛界大教。
E030,E667,P036,HAS_OBJECT,礼拜大興善寺翻經院元政阿闍梨。屈請以爲師。始學金剛界大教。
E031,E667,L140,AT_LOCATION,礼拜大興善寺翻經院元政阿闍梨。屈請以爲師。始學金剛界大教。
E032,P040,P036,LEARN,礼拜大興善寺翻經院元政阿闍梨。屈請以爲師。始學金剛界大教。
E033,P040,L140,LEARN,礼拜大興善寺翻經院元政阿闍梨。屈請以爲師。始學金剛界大教。
E034,E720,P040,HAS_SUBJECT,數月受五瓶潅頂。被許傳法也。
E035,E720,P036,HAS_OBJECT,數月受五瓶潅頂。被許傳法也。
E036,E720,L139,AT_LOCATION,數月受五瓶潅頂。被許傳法也。
E037,P040,L139,LEARN,數月受五瓶潅頂。被許傳法也。
E038,E731,P040,HAS_SUBJECT,明年向青竜寺。礼拜義眞阿闍梨。屈請爲師。
E039,E731,P228,HAS_OBJECT,明年向青竜寺。礼拜義眞阿闍梨。屈請爲師。
E040,E731,L330,AT_LOCATION,明年向青竜寺。礼拜義眞阿闍梨。屈請爲師。
E041,P040,P228,LEARN,明年向青竜寺。礼拜義眞阿闍梨。屈請爲師。
E042,P040,L330,LEARN,明年向青竜寺。礼拜義眞阿闍梨。屈請爲師。
E043,E742,P040,HAS_SUBJECT,入胎藏潅頂道場。始習學毘盧遮那經中眞言印契。
E044,E742,P228,HAS_OBJECT,入胎藏潅頂道場。始習學毘盧遮那經中眞言印契。
E045,E742,L330,AT_LOCATION,入胎藏潅頂道場。始習學毘盧遮那經中眞言印契。
E046,E012,P040,HAS_SUBJECT,凡住長安六年之間。求得念誦教法經論章疏等五百五十九卷。胎藏金剛界兩部大曼荼羅。及諸尊曼荼羅。壇樣。高僧眞影。舍利并道具等廿一種。
E047,E012,L167,HAS_OBJECT,凡住長安六年之間。求得念誦教法經論章疏等五百五十九卷。胎藏金剛界兩部大曼荼羅。及諸尊曼荼羅。壇樣。高僧眞影。舍利并道具等廿一種。
E048,E012,L320,AT_LOCATION,凡住長安六年之間。求得念誦教法經論章疏等五百五十九卷。胎藏金剛界兩部大曼荼羅。及諸尊曼荼羅。壇樣。高僧眞影。舍利并道具等廿一種。
E049,P040,L167,INTRODUCE,凡住長安六年之間。求得念誦教法經論章疏等五百五十九卷。胎藏金剛界兩部大曼荼羅。及諸尊曼荼羅。壇樣。高僧眞影。舍利并道具等廿一種。
E050,P040,L320,INTRODUCE,凡住長安六年之間。求得念誦教法經論章疏等五百五十九卷。胎藏金剛界兩部大曼荼羅。及諸尊曼荼羅。壇樣。高僧眞影。舍利并道具等廿一種。
E051,E023,P319,HAS_SUBJECT,縁齊詮等求法入唐也。
E052,E023,L132,AT_LOCATION,縁齊詮等求法入唐也。
E053,P319,L132,TRAVEL,縁齊詮等求法入唐也。
E054,E034,P238,HAS_SUBJECT,大丘天平勝寳四年。隨使入唐。問先聖之遺風。覽膠庠之餘烈。
E055,E045,P181,HAS_SUBJECT,海中遭風所向迷方。柁師水手爲波所沒。
E056,E045,L247,AT_LOCATION,海中遭風所向迷方。柁師水手爲波所沒。
E057,P181,L247,TRAVEL,海中遭風所向迷方。柁師水手爲波所沒。
E058,E056,G039,HAS_SUBJECT,八月十日到福州長溪縣赤岸鎭已南海口。
E059,E056,L270,HAS_OBJECT,八月十日到福州長溪縣赤岸鎭已南海口。
E060,E056,L270,AT_LOCATION,八月十日到福州長溪縣赤岸鎭已南海口。
E061,G039,L270,TRAVEL,八月十日到福州長溪縣赤岸鎭已南海口。
E062,E067,G039,HAS_SUBJECT,遣唐使第一船到泊對馬嶋下縣郡。
E063,E067,L154,HAS_OBJECT,遣唐使第一船到泊對馬嶋下縣郡。
E064,E067,L154,AT_LOCATION,遣唐使第一船到泊對馬嶋下縣郡。
E065,G039,L154,TRAVEL,遣唐使第一船到泊對馬嶋下縣郡。
E066,E078,P168,HAS_SUBJECT,最澄師入唐以後。
E067,E089,P168,HAS_SUBJECT,秋八月宣勅令最澄師修入唐所受潅頂秘法。是大法師修圓勤操等七人爲受法弟子。於清瀧峯高雄寺。
E068,E089,L334,AT_LOCATION,秋八月宣勅令最澄師修入唐所受潅頂秘法。是大法師修圓勤操等七人爲受法弟子。於清瀧峯高雄寺。
E069,P168,L334,LEARN,秋八月宣勅令最澄師修入唐所受潅頂秘法。是大法師修圓勤操等七人爲受法弟子。於清瀧峯高雄寺。
E070,E100,G005,HAS_SUBJECT,法師亦在其中。共禀潅頂三摩耶戒。是則本朝潅頂始興之日也。
E071,E100,P168,HAS_OBJECT,法師亦在其中。共禀潅頂三摩耶戒。是則本朝潅頂始興之日也。
E072,E100,L334,AT_LOCATION,法師亦在其中。共禀潅頂三摩耶戒。是則本朝潅頂始興之日也。
E073,G005,P168,LEARN,法師亦在其中。共禀潅頂三摩耶戒。是則本朝潅頂始興之日也。
E074,G005,L334,LEARN,法師亦在其中。共禀潅頂三摩耶戒。是則本朝潅頂始興之日也。
E075,E111,C030,HAS_SUBJECT,大同元年冬十一月於叡山止觀院法師爲上首。與百餘人。受圓頓菩薩大戒。
E076,E111,L077,AT_LOCATION,大同元年冬十一月於叡山止觀院法師爲上首。與百餘人。受圓頓菩薩大戒。
E077,C030,L077,LEARN,大同元年冬十一月於叡山止觀院法師爲上首。與百餘人。受圓頓菩薩大戒。
E078,E123,G022,HAS_SUBJECT,風勢猶猛。漂流十餘日。着隱岐國。
E079,E123,L247,AT_LOCATION,風勢猶猛。漂流十餘日。着隱岐國。
E080,G022,L247,TRAVEL,風勢猶猛。漂流十餘日。着隱岐國。
E081,E134,G022,HAS_SUBJECT,漂流十餘日。着隱岐國。
E082,E134,P301,HAS_OBJECT,漂流十餘日。着隱岐國。
E083,E134,P301,AT_LOCATION,漂流十餘日。着隱岐國。
E084,G022,P301,TRAVEL,漂流十餘日。着隱岐國。
E085,E145,P314,HAS_SUBJECT,遣大唐押使大錦上高向史玄理。大使小錦下河邊臣麻呂。副使大山下藥師惠日。
E086,E145,L193,AT_LOCATION,遣大唐押使大錦上高向史玄理。大使小錦下河邊臣麻呂。副使大山下藥師惠日。
E087,P314,L193,PARTICIPATE,遣大唐押使大錦上高向史玄理。大使小錦下河邊臣麻呂。副使大山下藥師惠日。
E088,E156,P189,HAS_SUBJECT,大使小錦下河邊臣麻呂。
E089,E156,L193,AT_LOCATION,大使小錦下河邊臣麻呂。
E090,P189,L193,PARTICIPATE,大使小錦下河邊臣麻呂。
E091,E167,P254,HAS_SUBJECT,副使大山下藥師惠日。
E092,E167,L193,AT_LOCATION,副使大山下藥師惠日。
E093,P254,L193,PARTICIPATE,副使大山下藥師惠日。
E094,E178,P272,HAS_SUBJECT,分乘二船。留連數月。取新羅道。泊於萊州。遂到于京。奉覲天子。
E095,E178,L291,HAS_OBJECT,分乘二船。留連數月。取新羅道。泊於萊州。遂到于京。奉覲天子。
E096,E178,L290,AT_LOCATION,分乘二船。留連數月。取新羅道。泊於萊州。遂到于京。奉覲天子。
E097,P272,L291,TRAVEL,分乘二船。留連數月。取新羅道。泊於萊州。遂到于京。奉覲天子。
E098,P272,L290,TRAVEL,分乘二船。留連數月。取新羅道。泊於萊州。遂到于京。奉覲天子。
E099,E189,P273,HAS_SUBJECT,遣唐使第二船判官正六位上菅原朝臣清公。來到肥前国松浦郡鹿嶋。
E100,E189,L280,HAS_OBJECT,遣唐使第二船判官正六位上菅原朝臣清公。來到肥前国松浦郡鹿嶋。
E101,E189,L280,AT_LOCATION,遣唐使第二船判官正六位上菅原朝臣清公。來到肥前国松浦郡鹿嶋。
E102,P273,L280,TRAVEL,遣唐使第二船判官正六位上菅原朝臣清公。來到肥前国松浦郡鹿嶋。
E103,E200,P126,HAS_SUBJECT,以左中弁兼中衛中將鑄錢長官從五位上小野朝臣石根。備中守從五位下大神朝臣末足並爲副使。
E104,E200,L193,AT_LOCATION,以左中弁兼中衛中將鑄錢長官從五位上小野朝臣石根。備中守從五位下大神朝臣末足並爲副使。
E105,P126,L193,PARTICIPATE,以左中弁兼中衛中將鑄錢長官從五位上小野朝臣石根。備中守從五位下大神朝臣末足並爲副使。
E106,E211,P103,HAS_SUBJECT,以左中弁兼中衛中將鑄錢長官從五位上小野朝臣石根。備中守從五位下大神朝臣末足並爲副使。
E107,E211,L193,AT_LOCATION,以左中弁兼中衛中將鑄錢長官從五位上小野朝臣石根。備中守從五位下大神朝臣末足並爲副使。
E108,P103,L193,PARTICIPATE,以左中弁兼中衛中將鑄錢長官從五位上小野朝臣石根。備中守從五位下大神朝臣末足並爲副使。
E109,E222,G043,HAS_SUBJECT,遣唐使駕船一隻自安藝國到于難波江口。著灘不浮。其柁亦復不得發出。爲浪所搖。船尾破裂。
E110,E222,L328,AT_LOCATION,遣唐使駕船一隻自安藝國到于難波江口。著灘不浮。其柁亦復不得發出。爲浪所搖。船尾破裂。
E111,G043,L328,TRAVEL,遣唐使駕船一隻自安藝國到于難波江口。著灘不浮。其柁亦復不得發出。爲浪所搖。船尾破裂。
E112,E234,P010,HAS_SUBJECT,授判官正六位上中臣朝臣鷹主從五位下爲使。賜節刀。正六位上高麗朝臣廣山爲副。
E113,E234,L193,AT_LOCATION,授判官正六位上中臣朝臣鷹主從五位下爲使。賜節刀。正六位上高麗朝臣廣山爲副。
E114,P010,L193,PARTICIPATE,授判官正六位上中臣朝臣鷹主從五位下爲使。賜節刀。正六位上高麗朝臣廣山爲副。
E115,E245,C011,HAS_SUBJECT,留唐僧法惠。令住觀音寺。以備通事。
E116,E245,L301,HAS_OBJECT,留唐僧法惠。令住觀音寺。以備通事。
E117,E245,L135,AT_LOCATION,留唐僧法惠。令住觀音寺。以備通事。
E118,C011,L301,TRAVEL,留唐僧法惠。令住觀音寺。以備通事。
E119,C011,L135,TRAVEL,留唐僧法惠。令住觀音寺。以備通事。
E120,E256,P152,HAS_SUBJECT,入唐求法僧慧雲献孔雀一。鸚鵡三。狗三。
E121,E267,P048,HAS_SUBJECT,遣唐天台請益僧圓仁及弟子二人唐人■二人到自大唐。
E122,E267,L193,HAS_OBJECT,遣唐天台請益僧圓仁及弟子二人唐人■二人到自大唐。
E123,E267,L193,AT_LOCATION,遣唐天台請益僧圓仁及弟子二人唐人■二人到自大唐。
E124,P048,L193,TRAVEL,遣唐天台請益僧圓仁及弟子二人唐人■二人到自大唐。
E125,E278,P191,HAS_SUBJECT,清上從聘唐使。入於大唐。
E126,E289,P191,HAS_SUBJECT,歸朝之日。舶遭造風。漂墮南海賊地。爲賊所殺。
E127,E289,L072,HAS_OBJECT,歸朝之日。舶遭造風。漂墮南海賊地。爲賊所殺。
E128,E289,L067,AT_LOCATION,歸朝之日。舶遭造風。漂墮南海賊地。爲賊所殺。
E129,P191,L072,TRAVEL,歸朝之日。舶遭造風。漂墮南海賊地。爲賊所殺。
E130,P191,L067,TRAVEL,歸朝之日。舶遭造風。漂墮南海賊地。爲賊所殺。
E131,E300,C021,HAS_SUBJECT,渤海國人崔宗佐。門孫。宰孫等漂着肥後國天草郡。
E132,E300,P234,HAS_OBJECT,渤海國人崔宗佐。門孫。宰孫等漂着肥後國天草郡。
E133,E300,P234,AT_LOCATION,渤海國人崔宗佐。門孫。宰孫等漂着肥後國天草郡。
E134,C021,P234,TRAVEL,渤海國人崔宗佐。門孫。宰孫等漂着肥後國天草郡。
E135,E311,P227,HAS_SUBJECT,延暦寺僧傳灯大法師位義眞奏言。天台一門。已立圓宗。
E136,E311,L142,HAS_OBJECT,延暦寺僧傳灯大法師位義眞奏言。天台一門。已立圓宗。
E137,E311,L161,AT_LOCATION,延暦寺僧傳灯大法師位義眞奏言。天台一門。已立圓宗。
E138,P227,L142,INTRODUCE,延暦寺僧傳灯大法師位義眞奏言。天台一門。已立圓宗。
E139,P227,L161,INTRODUCE,延暦寺僧傳灯大法師位義眞奏言。天台一門。已立圓宗。
E140,E322,G044,HAS_SUBJECT,遣唐使駕船一隻自安藝國到于難波江口。著灘不浮。其柁亦復不得發出。爲浪所搖。船尾破裂。
E141,E322,L328,AT_LOCATION,遣唐使駕船一隻自安藝國到于難波江口。著灘不浮。其柁亦復不得發出。爲浪所搖。船尾破裂。
E142,G044,L328,TRAVEL,遣唐使駕船一隻自安藝國到于難波江口。著灘不浮。其柁亦復不得發出。爲浪所搖。船尾破裂。
E143,E333,P010,HAS_SUBJECT,授判官正六位上中臣朝臣鷹主從五位下爲使。賜節刀。
E144,E333,L193,AT_LOCATION,授判官正六位上中臣朝臣鷹主從五位下爲使。賜節刀。
E145,E345,P127,HAS_SUBJECT,遣唐副使小野朝臣篁發自鴻臚。向大宰府。
E146,E345,L132,AT_LOCATION,遣唐副使小野朝臣篁發自鴻臚。向大宰府。
E147,P127,L132,PARTICIPATE,遣唐副使小野朝臣篁發自鴻臚。向大宰府。
E148,E356,P259,HAS_SUBJECT,召遣唐大使從四位上藤原朝臣葛野麻呂。副使從五位上石川朝臣道益等兩人。賜餞殿上。
E149,E356,L193,AT_LOCATION,召遣唐大使從四位上藤原朝臣葛野麻呂。副使從五位上石川朝臣道益等兩人。賜餞殿上。
E150,P259,L193,PARTICIPATE,召遣唐大使從四位上藤原朝臣葛野麻呂。副使從五位上石川朝臣道益等兩人。賜餞殿上。
E151,E367,P259,HAS_SUBJECT,授大使葛野麻呂節刀。
E152,E367,P219,HAS_OBJECT,授大使葛野麻呂節刀。
E153,E367,L193,AT_LOCATION,授大使葛野麻呂節刀。
E154,P259,P219,PARTICIPATE,授大使葛野麻呂節刀。
E155,E378,P272,HAS_SUBJECT,從彼郷達於大唐。欲迎前年入唐大使藤原朝臣河清。
E156,E389,G004,HAS_SUBJECT,大使上奏。更復卜定。換其次第。第二舶改爲第一。
E157,E389,L132,AT_LOCATION,大使上奏。更復卜定。換其次第。第二舶改爲第一。
E158,G004,L132,TRAVEL,大使上奏。更復卜定。換其次第。第二舶改爲第一。
E159,E400,P066,HAS_SUBJECT,以從四位上吉備朝臣眞備爲入唐副使。
E160,E400,L193,AT_LOCATION,以從四位上吉備朝臣眞備爲入唐副使。
E161,P066,L193,PARTICIPATE,以從四位上吉備朝臣眞備爲入唐副使。
E162,E411,P085,HAS_SUBJECT,天台留學僧圓載從仁好及僧惠蕚等至自大唐。
E163,E411,L193,HAS_OBJECT,天台留學僧圓載從仁好及僧惠蕚等至自大唐。
E164,E411,L193,AT_LOCATION,天台留學僧圓載從仁好及僧惠蕚等至自大唐。
E165,P085,L193,TRAVEL,天台留學僧圓載從仁好及僧惠蕚等至自大唐。
E166,E422,G034,HAS_SUBJECT,大宰府奏遣唐使三ケ舶漂廻之状。
E167,E422,L247,AT_LOCATION,大宰府奏遣唐使三ケ舶漂廻之状。
E168,G034,L247,TRAVEL,大宰府奏遣唐使三ケ舶漂廻之状。
E169,E433,P220,HAS_SUBJECT,正四位下粟田朝臣眞人自唐國至。初至唐時。有人來問曰。何處使人。荅曰。日本國使。
E170,E433,L193,HAS_OBJECT,正四位下粟田朝臣眞人自唐國至。初至唐時。有人來問曰。何處使人。荅曰。日本國使。
E171,E433,L193,AT_LOCATION,正四位下粟田朝臣眞人自唐國至。初至唐時。有人來問曰。何處使人。荅曰。日本國使。
E172,P220,L193,TRAVEL,正四位下粟田朝臣眞人自唐國至。初至唐時。有人來問曰。何處使人。荅曰。日本國使。
E173,E444,P258,HAS_SUBJECT,以從六位下藤原朝臣貞敏爲遣唐准判官。
E174,E444,L193,AT_LOCATION,以從六位下藤原朝臣貞敏爲遣唐准判官。
E175,P258,L193,PARTICIPATE,以從六位下藤原朝臣貞敏爲遣唐准判官。
E176,E456,P282,HAS_SUBJECT,遣唐大使副使等自大宰府入京。奉還節刀。
E177,E456,P219,HAS_OBJECT,遣唐大使副使等自大宰府入京。奉還節刀。
E178,E456,L193,AT_LOCATION,遣唐大使副使等自大宰府入京。奉還節刀。
E179,P282,P219,PARTICIPATE,遣唐大使副使等自大宰府入京。奉還節刀。
E180,P282,L193,PARTICIPATE,遣唐大使副使等自大宰府入京。奉還節刀。
E181,E467,P047,HAS_SUBJECT,迎藤原河清使判官内藏忌寸全成。自渤海却廻。海中遭風。漂着對馬。
E182,E467,P123,HAS_OBJECT,迎藤原河清使判官内藏忌寸全成。自渤海却廻。海中遭風。漂着對馬。
E183,E467,P123,AT_LOCATION,迎藤原河清使判官内藏忌寸全成。自渤海却廻。海中遭風。漂着對馬。
E184,P047,P123,TRAVEL,迎藤原河清使判官内藏忌寸全成。自渤海却廻。海中遭風。漂着對馬。
E185,E478,P024,HAS_SUBJECT,遣唐大使佐伯宿祢今毛人自大宰還而進節刀。
E186,E478,P219,HAS_OBJECT,遣唐大使佐伯宿祢今毛人自大宰還而進節刀。
E187,E478,L193,AT_LOCATION,遣唐大使佐伯宿祢今毛人自大宰還而進節刀。
E188,P024,P219,PARTICIPATE,遣唐大使佐伯宿祢今毛人自大宰還而進節刀。
E189,P024,L193,PARTICIPATE,遣唐大使佐伯宿祢今毛人自大宰還而進節刀。
E190,E489,P133,HAS_SUBJECT,以從五位下布勢朝臣清直爲送唐客使。正六位上甘南備眞人清野。從六位下多治比眞人濱成爲判官。
E191,E489,P077,HAS_OBJECT,以從五位下布勢朝臣清直爲送唐客使。正六位上甘南備眞人清野。從六位下多治比眞人濱成爲判官。
E192,E489,L193,AT_LOCATION,以從五位下布勢朝臣清直爲送唐客使。正六位上甘南備眞人清野。從六位下多治比眞人濱成爲判官。
E193,P133,P077,PARTICIPATE,以從五位下布勢朝臣清直爲送唐客使。正六位上甘南備眞人清野。從六位下多治比眞人濱成爲判官。
E194,P133,L193,PARTICIPATE,以從五位下布勢朝臣清直爲送唐客使。正六位上甘南備眞人清野。從六位下多治比眞人濱成爲判官。
E195,E500,P272,HAS_SUBJECT,爲令遣唐使等平安也。
E196,E500,L042,HAS_OBJECT,爲令遣唐使等平安也。
E197,E500,L193,AT_LOCATION,爲令遣唐使等平安也。
E198,P272,L042,TRAVEL,爲令遣唐使等平安也。
E199,P272,L193,TRAVEL,爲令遣唐使等平安也。
E200,E511,G047,HAS_SUBJECT,第一船擧帆指奄美嶋發去。未知其着處。
E201,E511,P109,HAS_OBJECT,第一船擧帆指奄美嶋發去。未知其着處。
E202,E511,L247,AT_LOCATION,第一船擧帆指奄美嶋發去。未知其着處。
E203,G047,P109,TRAVEL,第一船擧帆指奄美嶋發去。未知其着處。
E204,G047,L247,TRAVEL,第一船擧帆指奄美嶋發去。未知其着處。
E205,E522,G046,HAS_SUBJECT,第一第四舶。忽遇逆風。流着壹伎嶋。
E206,E522,P090,HAS_OBJECT,第一第四舶。忽遇逆風。流着壹伎嶋。
E207,E522,P090,AT_LOCATION,第一第四舶。忽遇逆風。流着壹伎嶋。
E208,G046,P090,TRAVEL,第一第四舶。忽遇逆風。流着壹伎嶋。
E209,E533,G049,HAS_SUBJECT,第二舶左右方便漂着値賀嶋。
E210,E533,P029,HAS_OBJECT,第二舶左右方便漂着値賀嶋。
E211,E533,P029,AT_LOCATION,第二舶左右方便漂着値賀嶋。
E212,G049,P029,TRAVEL,第二舶左右方便漂着値賀嶋。
E213,E544,P089,HAS_SUBJECT,遣小錦下坂合部連石布、大仙下津守連吉祥，使於唐國。
E214,E544,L193,AT_LOCATION,遣小錦下坂合部連石布、大仙下津守連吉祥，使於唐國。
E215,P089,L193,PARTICIPATE,遣小錦下坂合部連石布、大仙下津守連吉祥，使於唐國。
E216,E555,P190,HAS_SUBJECT,遣小錦下坂合部連石布、大仙下津守連吉祥，使於唐國。
E217,E555,L193,AT_LOCATION,遣小錦下坂合部連石布、大仙下津守連吉祥，使於唐國。
E218,P190,L193,PARTICIPATE,遣小錦下坂合部連石布、大仙下津守連吉祥，使於唐國。
E219,E567,P245,HAS_SUBJECT,遣唐知乘船事菅原梶成等所駕第二舶廻着於大隅國。
E220,E567,P104,HAS_OBJECT,遣唐知乘船事菅原梶成等所駕第二舶廻着於大隅國。
E221,E567,P104,AT_LOCATION,遣唐知乘船事菅原梶成等所駕第二舶廻着於大隅國。
E222,P245,P104,TRAVEL,遣唐知乘船事菅原梶成等所駕第二舶廻着於大隅國。
E223,E578,P087,HAS_SUBJECT,大唐學生土師宿禰甥、白豬史寶然，及百濟役時沒大唐者豬使連子首、筑紫三宅連得許，傳新羅至。
E224,E578,L193,HAS_OBJECT,大唐學生土師宿禰甥、白豬史寶然，及百濟役時沒大唐者豬使連子首、筑紫三宅連得許，傳新羅至。
E225,E578,L193,AT_LOCATION,大唐學生土師宿禰甥、白豬史寶然，及百濟役時沒大唐者豬使連子首、筑紫三宅連得許，傳新羅至。
E226,P087,L193,TRAVEL,大唐學生土師宿禰甥、白豬史寶然，及百濟役時沒大唐者豬使連子首、筑紫三宅連得許，傳新羅至。
E227,E589,L295,HAS_SUBJECT,召遣唐使副使已上於内裏。詔給節刀。仍授大使從四位上藤原朝臣清河正四位下。
E228,E589,L193,AT_LOCATION,召遣唐使副使已上於内裏。詔給節刀。仍授大使從四位上藤原朝臣清河正四位下。
E229,L295,L193,PARTICIPATE,召遣唐使副使已上於内裏。詔給節刀。仍授大使從四位上藤原朝臣清河正四位下。
E230,E600,P272,HAS_SUBJECT,遣唐使等拜朝。
E231,E600,L193,AT_LOCATION,遣唐使等拜朝。
E232,P272,L193,PARTICIPATE,遣唐使等拜朝。
E233,E611,P272,HAS_SUBJECT,遣唐使於八省院朝拜。
E234,E611,L193,AT_LOCATION,遣唐使於八省院朝拜。
E235,E622,P168,HAS_SUBJECT,請入唐求法僧最澄於殿上。悔過讀經。最澄獻唐国佛像。
E236,E622,C012,HAS_OBJECT,請入唐求法僧最澄於殿上。悔過讀經。最澄獻唐国佛像。
E237,E622,L193,AT_LOCATION,請入唐求法僧最澄於殿上。悔過讀經。最澄獻唐国佛像。
E238,P168,C012,INTRODUCE,請入唐求法僧最澄於殿上。悔過讀經。最澄獻唐国佛像。
E239,P168,L193,INTRODUCE,請入唐求法僧最澄於殿上。悔過讀經。最澄獻唐国佛像。
E240,E633,L295,HAS_SUBJECT,任遣唐使。以從四位下藤原朝臣清河爲大使。從五位下大伴宿祢古麻呂爲副使。
E241,E633,L193,AT_LOCATION,任遣唐使。以從四位下藤原朝臣清河爲大使。從五位下大伴宿祢古麻呂爲副使。
E242,E644,P094,HAS_SUBJECT,從五位下大伴宿祢古麻呂爲副使。
E243,E644,L193,AT_LOCATION,從五位下大伴宿祢古麻呂爲副使。
E244,P094,L193,PARTICIPATE,從五位下大伴宿祢古麻呂爲副使。
E245,E655,P220,HAS_SUBJECT,以守民部尚書直大貳粟田朝臣眞人。爲遣唐執節使。
E246,E655,L193,AT_LOCATION,以守民部尚書直大貳粟田朝臣眞人。爲遣唐執節使。
E247,P220,L193,PARTICIPATE,以守民部尚書直大貳粟田朝臣眞人。爲遣唐執節使。
E248,E666,P315,HAS_SUBJECT,左大辨直廣參高橋朝臣笠間爲大使。
E249,E666,L193,AT_LOCATION,左大辨直廣參高橋朝臣笠間爲大使。
E250,P315,L193,PARTICIPATE,左大辨直廣參高橋朝臣笠間爲大使。
E251,E678,P088,HAS_SUBJECT,右兵衛率直廣肆坂合部宿祢大分爲副使。
E252,E678,L193,AT_LOCATION,右兵衛率直廣肆坂合部宿祢大分爲副使。
E253,P088,L193,PARTICIPATE,右兵衛率直廣肆坂合部宿祢大分爲副使。
E254,E689,P065,HAS_SUBJECT,勝寳四年爲入唐副使。廻日授正四位下。
E255,E689,L193,AT_LOCATION,勝寳四年爲入唐副使。廻日授正四位下。
E256,P065,L193,PARTICIPATE,勝寳四年爲入唐副使。廻日授正四位下。
E257,E700,P272,HAS_SUBJECT,遣唐使拜朝。
E258,E700,L193,AT_LOCATION,遣唐使拜朝。
E259,E711,P281,HAS_SUBJECT,遣唐大使佐伯宿祢今毛人等辞見。
E260,E711,L193,AT_LOCATION,遣唐大使佐伯宿祢今毛人等辞見。
E261,P281,L193,PARTICIPATE,遣唐大使佐伯宿祢今毛人等辞見。
E262,E714,P272,HAS_SUBJECT,遣唐使等去年從筑紫而入海。風浪暴險不得渡海。至是乃發。
E263,E714,P218,AT_LOCATION,遣唐使等去年從筑紫而入海。風浪暴險不得渡海。至是乃發。
E264,P272,P218,PARTICIPATE,遣唐使等去年從筑紫而入海。風浪暴險不得渡海。至是乃發。
E265,E715,L107,HAS_OBJECT,造東海。南海。西海等道節度使料綿襖冑各二万二百五十具於大宰府。其製一如唐國新樣。
E266,E715,L209,AT_LOCATION,造東海。南海。西海等道節度使料綿襖冑各二万二百五十具於大宰府。其製一如唐國新樣。
E267,E716,G048,HAS_SUBJECT,柁折棚落。潮溢人溺。船頭已下百・餘人任波漂蕩。
E268,E716,L247,AT_LOCATION,柁折棚落。潮溢人溺。船頭已下百・餘人任波漂蕩。
E269,G048,L247,TRAVEL,柁折棚落。潮溢人溺。船頭已下百・餘人任波漂蕩。
E270,E717,P204,HAS_SUBJECT,眞言請益僧眞濟等。僅作書答云。柁折棚落。潮溢人溺。
E271,E717,L247,AT_LOCATION,眞言請益僧眞濟等。僅作書答云。柁折棚落。潮溢人溺。
E272,P204,L247,TRAVEL,眞言請益僧眞濟等。僅作書答云。柁折棚落。潮溢人溺。
E273,E718,P092,HAS_SUBJECT,遣唐大使從四位上多治比眞人廣成等拜朝。
E274,E718,L193,AT_LOCATION,遣唐大使從四位上多治比眞人廣成等拜朝。
E275,P092,L193,PARTICIPATE,遣唐大使從四位上多治比眞人廣成等拜朝。
E276,E719,C023,HAS_SUBJECT,送日本國僧戒融。令達本郷已畢。
E277,E719,L193,HAS_OBJECT,送日本國僧戒融。令達本郷已畢。
E278,E719,L193,AT_LOCATION,送日本國僧戒融。令達本郷已畢。
E279,C023,L193,TRAVEL,送日本國僧戒融。令達本郷已畢。
E280,E721,L132,HAS_SUBJECT,令大宰府進上自大唐所奉請大元帥畫像。
E281,E721,C016,HAS_OBJECT,令大宰府進上自大唐所奉請大元帥畫像。
E282,E721,L132,AT_LOCATION,令大宰府進上自大唐所奉請大元帥畫像。
E283,L132,C016,INTRODUCE,令大宰府進上自大唐所奉請大元帥畫像。
E284,E722,P255,HAS_SUBJECT,遣唐大使藤原常嗣朝臣等率七隻船。廻着肥前國松浦郡生属嶋。
E285,E722,L284,HAS_OBJECT,遣唐大使藤原常嗣朝臣等率七隻船。廻着肥前國松浦郡生属嶋。
E286,E722,L284,AT_LOCATION,遣唐大使藤原常嗣朝臣等率七隻船。廻着肥前國松浦郡生属嶋。
E287,P255,L284,TRAVEL,遣唐大使藤原常嗣朝臣等率七隻船。廻着肥前國松浦郡生属嶋。
E288,E723,P255,HAS_SUBJECT,以遣唐大使參議從四位上藤原朝臣常嗣爲兼備中權守。
E289,E723,L193,AT_LOCATION,以遣唐大使參議從四位上藤原朝臣常嗣爲兼備中權守。
E290,P255,L193,PARTICIPATE,以遣唐大使參議從四位上藤原朝臣常嗣爲兼備中權守。
E291,E724,P067,HAS_SUBJECT,發遣大唐大使小山上吉士長丹，副使小乙上吉士駒。
E292,E724,L193,AT_LOCATION,發遣大唐大使小山上吉士長丹，副使小乙上吉士駒。
E293,P067,L193,PARTICIPATE,發遣大唐大使小山上吉士長丹，副使小乙上吉士駒。
E294,E725,P068,HAS_SUBJECT,副使小乙上吉士駒。
E295,E725,L193,AT_LOCATION,副使小乙上吉士駒。
E296,P068,L193,PARTICIPATE,副使小乙上吉士駒。
E297,E726,L310,HAS_SUBJECT,學問僧道嚴、道通、道光、惠施、覺勝、辨正、惠照、僧忍、知聰、道昭、定惠...并一百廿人。
E298,E727,P099,HAS_SUBJECT,靈龜二年。入唐請益。凝滯之處。多有發明。
E299,E728,P213,HAS_SUBJECT,延暦廿三年入唐留學。遇青龍寺惠果和尚。禀學眞言。
E300,E729,P213,HAS_SUBJECT,遇青龍寺惠果和尚。禀學眞言。其宗旨義味莫不該通。
E301,E729,P149,HAS_OBJECT,遇青龍寺惠果和尚。禀學眞言。其宗旨義味莫不該通。
E302,E729,L331,AT_LOCATION,遇青龍寺惠果和尚。禀學眞言。其宗旨義味莫不該通。
E303,E730,P213,HAS_SUBJECT,遂懷法寳。歸來本朝。啓秘密之門。弘大日之化。
E304,E730,C029,HAS_OBJECT,遂懷法寳。歸來本朝。啓秘密之門。弘大日之化。
E305,E730,L193,AT_LOCATION,遂懷法寳。歸來本朝。啓秘密之門。弘大日之化。
E306,P213,C029,INTRODUCE,遂懷法寳。歸來本朝。啓秘密之門。弘大日之化。
E307,P213,L193,INTRODUCE,遂懷法寳。歸來本朝。啓秘密之門。弘大日之化。
E308,E732,G052,HAS_SUBJECT,遣唐第四船來泊薩摩國甑嶋郡。
E309,E732,P253,HAS_OBJECT,遣唐第四船來泊薩摩國甑嶋郡。
E310,E732,P253,AT_LOCATION,遣唐第四船來泊薩摩國甑嶋郡。
E311,G052,P253,TRAVEL,遣唐第四船來泊薩摩國甑嶋郡。
E312,E733,G047,HAS_SUBJECT,第一船海中中斷。舳艫各分。
E313,E733,L247,AT_LOCATION,第一船海中中斷。舳艫各分。
E314,E734,G051,HAS_SUBJECT,第二船到泊薩摩國出水郡。
E315,E734,P251,HAS_OBJECT,第二船到泊薩摩國出水郡。
E316,E734,P251,AT_LOCATION,第二船到泊薩摩國出水郡。
E317,G051,P251,TRAVEL,第二船到泊薩摩國出水郡。
E318,E735,G048,HAS_SUBJECT,遣唐第三舶漂着對馬嶋上縣郡南浦舶上唯有三人。
E319,E735,L153,HAS_OBJECT,遣唐第三舶漂着對馬嶋上縣郡南浦舶上唯有三人。
E320,E735,L153,AT_LOCATION,遣唐第三舶漂着對馬嶋上縣郡南浦舶上唯有三人。
E321,G048,L153,TRAVEL,遣唐第三舶漂着對馬嶋上縣郡南浦舶上唯有三人。
E322,E736,P220,HAS_SUBJECT,正四位下粟田朝臣眞人自唐國至。初至唐時...荅曰。是大周楚州塩城縣界也。
E323,E736,L120,HAS_OBJECT,正四位下粟田朝臣眞人自唐國至。初至唐時...荅曰。是大周楚州塩城縣界也。
E324,E736,L237,AT_LOCATION,正四位下粟田朝臣眞人自唐國至。初至唐時...荅曰。是大周楚州塩城縣界也。
E325,P220,L120,TRAVEL,正四位下粟田朝臣眞人自唐國至。初至唐時...荅曰。是大周楚州塩城縣界也。
E326,P220,L237,TRAVEL,正四位下粟田朝臣眞人自唐國至。初至唐時...荅曰。是大周楚州塩城縣界也。
E327,E737,P048,HAS_SUBJECT,天台宗入唐請益僧圓仁。將弟子僧性海惟正等。去年十月駕新羅商船。來著鎭西府。▼是日歸朝。
E328,E737,L193,HAS_OBJECT,天台宗入唐請益僧圓仁。將弟子僧性海惟正等。去年十月駕新羅商船。來著鎭西府。▼是日歸朝。
E329,E737,L318,AT_LOCATION,天台宗入唐請益僧圓仁。將弟子僧性海惟正等。去年十月駕新羅商船。來著鎭西府。▼是日歸朝。
E330,P048,L318,TRAVEL,天台宗入唐請益僧圓仁。將弟子僧性海惟正等。去年十月駕新羅商船。來著鎭西府。▼是日歸朝。
E331,E738,P091,HAS_SUBJECT,遣唐押使從四位下多治比眞人。
E332,E738,L193,AT_LOCATION,遣唐押使從四位下多治比眞人。
E333,P091,L193,PARTICIPATE,遣唐押使從四位下多治比眞人。
E334,E739,P255,HAS_SUBJECT,遣唐大使參議右大弁從四位上藤原朝臣常嗣爲兼近江權守。
E335,E739,L193,AT_LOCATION,遣唐大使參議右大弁從四位上藤原朝臣常嗣爲兼近江權守。
E336,E740,G038,HAS_SUBJECT,遣唐使第一第四舶廻着肥前國之状。
E337,E740,P233,HAS_OBJECT,遣唐使第一第四舶廻着肥前國之状。
E338,E740,P233,AT_LOCATION,遣唐使第一第四舶廻着肥前國之状。
E339,G038,P233,TRAVEL,遣唐使第一第四舶廻着肥前國之状。
E340,E741,G035,HAS_SUBJECT,兩舶摧殘。更須改營。
E341,E741,P233,AT_LOCATION,兩舶摧殘。更須改營。
E342,G035,P233,TRAVEL,兩舶摧殘。更須改營。
E343,E002,P083,HAS_SUBJECT,圓珍奉詔入唐。傳得眞言天台兩宗教文。
E344,E003,P136,HAS_SUBJECT,天平五年隨大使多治比眞人廣成入唐。
E345,E004,G017,HAS_SUBJECT,六年十月事畢却歸。四船同發從蘇州入海。悪風忽起彼此相失。廣成之船一百一十五人漂着崑崙國。
E346,E004,P129,HAS_OBJECT,六年十月事畢却歸。四船同發從蘇州入海。悪風忽起彼此相失。廣成之船一百一十五人漂着崑崙國。
E347,E004,P129,AT_LOCATION,六年十月事畢却歸。四船同發從蘇州入海。悪風忽起彼此相失。廣成之船一百一十五人漂着崑崙國。
E348,G017,P129,TRAVEL,六年十月事畢却歸。四船同發從蘇州入海。悪風忽起彼此相失。廣成之船一百一十五人漂着崑崙國。
E349,E005,P136,HAS_SUBJECT,請取渤海路歸朝。天子許之。給船粮發遣。十年三月。從登州入海。五月到渤海界。
E350,E005,L193,HAS_OBJECT,請取渤海路歸朝。天子許之。給船粮發遣。十年三月。從登州入海。五月到渤海界。
E351,E005,L256,AT_LOCATION,請取渤海路歸朝。天子許之。給船粮發遣。十年三月。從登州入海。五月到渤海界。
E352,P136,L193,TRAVEL,請取渤海路歸朝。天子許之。給船粮發遣。十年三月。從登州入海。五月到渤海界。
E353,P136,L256,TRAVEL,請取渤海路歸朝。天子許之。給船粮發遣。十年三月。從登州入海。五月到渤海界。
E354,E006,P048,HAS_SUBJECT,到五台而問津。
E355,E006,L018,HAS_OBJECT,到五台而問津。
E356,E006,L018,AT_LOCATION,到五台而問津。
E357,P048,L018,TRAVEL,到五台而問津。
E358,E007,P204,HAS_SUBJECT,承和之初。遣使聘唐。眞濟奉朝命。隨使渡海。
E359,E008,P204,HAS_SUBJECT,中途漂蕩。船舶破裂。眞濟纔駕一筏。随波而去...凡在海上廿三日。
E360,E008,L247,AT_LOCATION,中途漂蕩。船舶破裂。眞濟纔駕一筏。随波而去...凡在海上廿三日。
E361,E009,P013,AT_LOCATION,"餘人而來歸。
乙夘。第二船到泊薩摩國出水郡。又第一船海中中斷。舳艫各分。主神津守宿祢國麻呂。并唐判官等五十六人。乘其艫而着甑嶋郡。判官大伴宿祢繼人。并前入唐大使藤原朝臣河清之女喜娘等■一人。乘其舳而着肥後國天草郡。繼人等上奏言。繼人等去年六月"
E362,E010,P012,HAS_SUBJECT,"餘人而來歸。
乙夘。第二船到泊薩摩國出水郡。又第一船海中中斷。舳艫各分。主神津守宿祢國麻呂。并唐判官等五十六人。乘其艫而着甑嶋郡。判官大伴宿祢繼人。并前入唐大使藤原朝臣河清之女喜娘等■一人。乘其舳而着肥後國天草郡。繼人等上奏言。繼人等去年六月廿四日。四船同入海。七月三日着泊揚州海陵縣。八月廿九日。到揚州大都督府。即節度使陳少遊"
E363,E010,G002,AT_LOCATION,"餘人而來歸。
乙夘。第二船到泊薩摩國出水郡。又第一船海中中斷。舳艫各分。主神津守宿祢國麻呂。并唐判官等五十六人。乘其艫而着甑嶋郡。判官大伴宿祢繼人。并前入唐大使藤原朝臣河清之女喜娘等■一人。乘其舳而着肥後國天草郡。繼人等上奏言。繼人等去年六月廿四日。四船同入海。七月三日着泊揚州海陵縣。八月廿九日。到揚州大都督府。即節度使陳少遊"
E364,P012,G002,TRAVEL,"餘人而來歸。
乙夘。第二船到泊薩摩國出水郡。又第一船海中中斷。舳艫各分。主神津守宿祢國麻呂。并唐判官等五十六人。乘其艫而着甑嶋郡。判官大伴宿祢繼人。并前入唐大使藤原朝臣河清之女喜娘等■一人。乘其舳而着肥後國天草郡。繼人等上奏言。繼人等去年六月廿四日。四船同入海。七月三日着泊揚州海陵縣。八月廿九日。到揚州大都督府。即節度使陳少遊"
E365,E011,L058,HAS_SUBJECT,守宿祢國麻呂。并唐判官等五十六人。乘其艫而着甑嶋郡。判官大伴宿祢繼人。并前入唐大使藤原朝臣河清之女喜娘等■一人。乘其舳而着肥後國天草郡。繼人等上奏言。繼人等去年六月廿四日。四船同入海。七月三日着泊揚州海陵縣。八月廿九日。到揚州大都督府。即節度使陳少遊且奏且放。六十五人入京。十月十六日。發赴上都。至高武縣。有中書門下勅牒。爲路次乏車馬
E366,E011,G002,AT_LOCATION,守宿祢國麻呂。并唐判官等五十六人。乘其艫而着甑嶋郡。判官大伴宿祢繼人。并前入唐大使藤原朝臣河清之女喜娘等■一人。乘其舳而着肥後國天草郡。繼人等上奏言。繼人等去年六月廿四日。四船同入海。七月三日着泊揚州海陵縣。八月廿九日。到揚州大都督府。即節度使陳少遊且奏且放。六十五人入京。十月十六日。發赴上都。至高武縣。有中書門下勅牒。爲路次乏車馬
E367,L058,G002,TRAVEL,守宿祢國麻呂。并唐判官等五十六人。乘其艫而着甑嶋郡。判官大伴宿祢繼人。并前入唐大使藤原朝臣河清之女喜娘等■一人。乘其舳而着肥後國天草郡。繼人等上奏言。繼人等去年六月廿四日。四船同入海。七月三日着泊揚州海陵縣。八月廿九日。到揚州大都督府。即節度使陳少遊且奏且放。六十五人入京。十月十六日。發赴上都。至高武縣。有中書門下勅牒。爲路次乏車馬
E368,E013,L058,HAS_SUBJECT,前入唐大使藤原朝臣河清之女喜娘等■一人。乘其舳而着肥後國天草郡。繼人等上奏言。繼人等去年六月廿四日。四船同入海。七月三日着泊揚州海陵縣。八月廿九日。到揚州大都督府。即節度使陳少遊且奏且放。六十五人入京。十月十六日。發赴上都。至高武縣。有中書門下勅牒。爲路次乏車馬。減却人數。定廿人。正月十三日。到長安。即遣内使
E369,E013,L002,AT_LOCATION,前入唐大使藤原朝臣河清之女喜娘等■一人。乘其舳而着肥後國天草郡。繼人等上奏言。繼人等去年六月廿四日。四船同入海。七月三日着泊揚州海陵縣。八月廿九日。到揚州大都督府。即節度使陳少遊且奏且放。六十五人入京。十月十六日。發赴上都。至高武縣。有中書門下勅牒。爲路次乏車馬。減却人數。定廿人。正月十三日。到長安。即遣内使
E370,L058,L002,TRAVEL,前入唐大使藤原朝臣河清之女喜娘等■一人。乘其舳而着肥後國天草郡。繼人等上奏言。繼人等去年六月廿四日。四船同入海。七月三日着泊揚州海陵縣。八月廿九日。到揚州大都督府。即節度使陳少遊且奏且放。六十五人入京。十月十六日。發赴上都。至高武縣。有中書門下勅牒。爲路次乏車馬。減却人數。定廿人。正月十三日。到長安。即遣内使
E371,E014,L058,HAS_SUBJECT,娘等■一人。乘其舳而着肥後國天草郡。繼人等上奏言。繼人等去年六月廿四日。四船同入海。七月三日着泊揚州海陵縣。八月廿九日。到揚州大都督府。即節度使陳少遊且奏且放。六十五人入京。十月十六日。發赴上都。至高武縣。有中書門下勅牒。爲路次乏車馬。減却人數。定廿人。正月十三日。到長安。即遣内使
E372,E014,L170,AT_LOCATION,娘等■一人。乘其舳而着肥後國天草郡。繼人等上奏言。繼人等去年六月廿四日。四船同入海。七月三日着泊揚州海陵縣。八月廿九日。到揚州大都督府。即節度使陳少遊且奏且放。六十五人入京。十月十六日。發赴上都。至高武縣。有中書門下勅牒。爲路次乏車馬。減却人數。定廿人。正月十三日。到長安。即遣内使
E373,L058,L170,TRAVEL,娘等■一人。乘其舳而着肥後國天草郡。繼人等上奏言。繼人等去年六月廿四日。四船同入海。七月三日着泊揚州海陵縣。八月廿九日。到揚州大都督府。即節度使陳少遊且奏且放。六十五人入京。十月十六日。發赴上都。至高武縣。有中書門下勅牒。爲路次乏車馬。減却人數。定廿人。正月十三日。到長安。即遣内使
E374,E015,L333,AT_LOCATION,同入海。七月三日着泊揚州海陵縣。八月廿九日。到揚州大都督府。即節度使陳少遊且奏且放。六十五人入京。十月十六日。發赴上都。至高武縣。有中書門下勅牒。爲路次乏車馬。減却人數。定廿人。正月十三日。到長安。即遣内使
E375,E016,P138,HAS_SUBJECT,摩國出水郡。又第一船海中中斷。舳艫各分。主神津守宿祢國麻呂。并唐判官等五十六人。乘其艫而着甑嶋郡。判官大伴宿祢繼人。并前入唐大使藤原朝臣河清之女喜娘等■一人。乘其舳而着肥後國天草郡。繼人等上奏言。繼人等去年六月廿四日。四船同入海。七月三日着泊揚州海陵縣。八月廿九日。到揚州大都督府。即節度使陳少遊且奏且放。六十五人入京。十月
E376,E016,G002,AT_LOCATION,摩國出水郡。又第一船海中中斷。舳艫各分。主神津守宿祢國麻呂。并唐判官等五十六人。乘其艫而着甑嶋郡。判官大伴宿祢繼人。并前入唐大使藤原朝臣河清之女喜娘等■一人。乘其舳而着肥後國天草郡。繼人等上奏言。繼人等去年六月廿四日。四船同入海。七月三日着泊揚州海陵縣。八月廿九日。到揚州大都督府。即節度使陳少遊且奏且放。六十五人入京。十月
E377,P138,G002,TRAVEL,摩國出水郡。又第一船海中中斷。舳艫各分。主神津守宿祢國麻呂。并唐判官等五十六人。乘其艫而着甑嶋郡。判官大伴宿祢繼人。并前入唐大使藤原朝臣河清之女喜娘等■一人。乘其舳而着肥後國天草郡。繼人等上奏言。繼人等去年六月廿四日。四船同入海。七月三日着泊揚州海陵縣。八月廿九日。到揚州大都督府。即節度使陳少遊且奏且放。六十五人入京。十月
E378,E017,P063,HAS_SUBJECT,"餘人而來歸。
乙夘。第二船到泊薩摩國出水郡。又第一船海中中斷。舳艫各分。主神津守宿祢國麻呂。并唐判官等五十六人。乘其艫而着甑嶋郡。判官大伴宿祢繼人。并前入唐大使藤原朝臣河清之女喜娘等■一人。乘其舳而着肥後國天草郡。繼人等上奏言。繼人等去年六月廿四日。四船同入海"
E379,E017,P197,AT_LOCATION,"餘人而來歸。
乙夘。第二船到泊薩摩國出水郡。又第一船海中中斷。舳艫各分。主神津守宿祢國麻呂。并唐判官等五十六人。乘其艫而着甑嶋郡。判官大伴宿祢繼人。并前入唐大使藤原朝臣河清之女喜娘等■一人。乘其舳而着肥後國天草郡。繼人等上奏言。繼人等去年六月廿四日。四船同入海"
E380,P063,P197,TRAVEL,"餘人而來歸。
乙夘。第二船到泊薩摩國出水郡。又第一船海中中斷。舳艫各分。主神津守宿祢國麻呂。并唐判官等五十六人。乘其艫而着甑嶋郡。判官大伴宿祢繼人。并前入唐大使藤原朝臣河清之女喜娘等■一人。乘其舳而着肥後國天草郡。繼人等上奏言。繼人等去年六月廿四日。四船同入海"
E381,E018,G012,HAS_SUBJECT,"餘人而來歸。
乙夘。第二船到泊薩摩國出水郡。又第一船海中中斷。舳艫各分。主神津守宿祢國麻呂。并唐判官等五十六人。乘其艫而着甑嶋郡。判官大伴宿祢繼人。并前入唐大使藤原朝臣河清之女喜娘等■一人。乘其舳而着肥後國天草郡。繼人等上奏言。繼人等去年六月廿四日。四船同入海"
E382,E018,P197,AT_LOCATION,"餘人而來歸。
乙夘。第二船到泊薩摩國出水郡。又第一船海中中斷。舳艫各分。主神津守宿祢國麻呂。并唐判官等五十六人。乘其艫而着甑嶋郡。判官大伴宿祢繼人。并前入唐大使藤原朝臣河清之女喜娘等■一人。乘其舳而着肥後國天草郡。繼人等上奏言。繼人等去年六月廿四日。四船同入海"
E383,G012,P197,TRAVEL,"餘人而來歸。
乙夘。第二船到泊薩摩國出水郡。又第一船海中中斷。舳艫各分。主神津守宿祢國麻呂。并唐判官等五十六人。乘其艫而着甑嶋郡。判官大伴宿祢繼人。并前入唐大使藤原朝臣河清之女喜娘等■一人。乘其舳而着肥後國天草郡。繼人等上奏言。繼人等去年六月廿四日。四船同入海"
E384,E019,P163,HAS_SUBJECT,"力。」傳聞熊野權現之神，就六萬餘言中，特舉此偈告解脫上人，其意不待言而可知也。况八幡神請佛光禪師來此國，日吉神勸智證大師入唐，皆爲佛法流通也。神能如此歸佛，非佛國而何耶？慈覺大師云：「雖神明應迹國，而大日本國，故號日本，亦有旨哉。」
吾國第三十代欽明天皇御宇，佛教始來。既而聖德太子始講《法華》《勝鬘》二經，雨華放光，聳動"
E385,E019,C033,AT_LOCATION,"力。」傳聞熊野權現之神，就六萬餘言中，特舉此偈告解脫上人，其意不待言而可知也。况八幡神請佛光禪師來此國，日吉神勸智證大師入唐，皆爲佛法流通也。神能如此歸佛，非佛國而何耶？慈覺大師云：「雖神明應迹國，而大日本國，故號日本，亦有旨哉。」
吾國第三十代欽明天皇御宇，佛教始來。既而聖德太子始講《法華》《勝鬘》二經，雨華放光，聳動"
E386,P163,C033,TRAVEL,"力。」傳聞熊野權現之神，就六萬餘言中，特舉此偈告解脫上人，其意不待言而可知也。况八幡神請佛光禪師來此國，日吉神勸智證大師入唐，皆爲佛法流通也。神能如此歸佛，非佛國而何耶？慈覺大師云：「雖神明應迹國，而大日本國，故號日本，亦有旨哉。」
吾國第三十代欽明天皇御宇，佛教始來。既而聖德太子始講《法華》《勝鬘》二經，雨華放光，聳動"
E387,E020,P085,HAS_SUBJECT,涕淚難耐。即就其船遷國[A2]信物。錄事一人。知乘船事二人。學問僧圓載等已下廿七人。同遷乘之。指陸發去。午時到江口。未時到揚州海陵縣白潮鎮桑田鄉東梁豐村。日本國承和五年七月二日。即大唐開成三年七月二日。雖年號殊。而月日共同。留學僧等到守捉軍中季賓宅停宿。聞大使以六月廿九日未時。離船。以後漂流之間。風強濤猛。怕船將沈。捨矴擲物。口稱觀音妙
E388,E020,L174,AT_LOCATION,涕淚難耐。即就其船遷國[A2]信物。錄事一人。知乘船事二人。學問僧圓載等已下廿七人。同遷乘之。指陸發去。午時到江口。未時到揚州海陵縣白潮鎮桑田鄉東梁豐村。日本國承和五年七月二日。即大唐開成三年七月二日。雖年號殊。而月日共同。留學僧等到守捉軍中季賓宅停宿。聞大使以六月廿九日未時。離船。以後漂流之間。風強濤猛。怕船將沈。捨矴擲物。口稱觀音妙
E389,P085,L174,TRAVEL,涕淚難耐。即就其船遷國[A2]信物。錄事一人。知乘船事二人。學問僧圓載等已下廿七人。同遷乘之。指陸發去。午時到江口。未時到揚州海陵縣白潮鎮桑田鄉東梁豐村。日本國承和五年七月二日。即大唐開成三年七月二日。雖年號殊。而月日共同。留學僧等到守捉軍中季賓宅停宿。聞大使以六月廿九日未時。離船。以後漂流之間。風強濤猛。怕船將沈。捨矴擲物。口稱觀音妙
E390,E021,P085,HAS_SUBJECT,。乍聞驚悲。涕淚難耐。即就其船遷國[A2]信物。錄事一人。知乘船事二人。學問僧圓載等已下廿七人。同遷乘之。指陸發去。午時到江口。未時到揚州海陵縣白潮鎮桑田鄉東梁豐村。日本國承和五年七月二日。即大唐開成三年七月二日。雖年號殊。而月日共同。留學僧等到守捉軍中季賓宅停宿。聞大使以六月廿九日未時。離船。以後漂流之間。風強濤猛。怕船將沈。捨矴擲物
E391,E021,L174,AT_LOCATION,。乍聞驚悲。涕淚難耐。即就其船遷國[A2]信物。錄事一人。知乘船事二人。學問僧圓載等已下廿七人。同遷乘之。指陸發去。午時到江口。未時到揚州海陵縣白潮鎮桑田鄉東梁豐村。日本國承和五年七月二日。即大唐開成三年七月二日。雖年號殊。而月日共同。留學僧等到守捉軍中季賓宅停宿。聞大使以六月廿九日未時。離船。以後漂流之間。風強濤猛。怕船將沈。捨矴擲物
E392,E022,P202,HAS_SUBJECT,風強濤猛。怕船將沈。捨矴擲物。口稱觀音妙見。意求活路。猛風時止。子時流着大江口南蘆原之邊。七月一日曉。潮落不得進行。令人登桅頭看山閭。南方遙有三山。未識
E393,E022,L038,AT_LOCATION,風強濤猛。怕船將沈。捨矴擲物。口稱觀音妙見。意求活路。猛風時止。子時流着大江口南蘆原之邊。七月一日曉。潮落不得進行。令人登桅頭看山閭。南方遙有三山。未識
E394,P202,L038,TRAVEL,風強濤猛。怕船將沈。捨矴擲物。口稱觀音妙見。意求活路。猛風時止。子時流着大江口南蘆原之邊。七月一日曉。潮落不得進行。令人登桅頭看山閭。南方遙有三山。未識
E395,E024,P202,HAS_SUBJECT,宅停宿。聞大使以六月廿九日未時。離船。以後漂流之間。風強濤猛。怕船將沈。捨矴擲物。口稱觀音妙見。意求活路。猛風時止。子時流着大江口南蘆原之邊。七月一日曉。潮落不得進行。令人登桅頭看山閭。南方遙有三山。未識
E396,E024,L038,AT_LOCATION,宅停宿。聞大使以六月廿九日未時。離船。以後漂流之間。風強濤猛。怕船將沈。捨矴擲物。口稱觀音妙見。意求活路。猛風時止。子時流着大江口南蘆原之邊。七月一日曉。潮落不得進行。令人登桅頭看山閭。南方遙有三山。未識
E397,E025,P048,HAS_SUBJECT,寸。太政官處分。以爲誓護朝庭之處。先是。内供奉十禪師傳灯大法師位雲申牒。昔者慈覺大師入唐求法之日。巡礼臺山之時。感遇文殊化現師子聖燈圓光。頼此大聖之感應。得遂求道之大願。欲使彼大聖之應化。感來於我本朝。鎭護國家。利益黎庶。由是祈乞於五臺現化之處。掘取五峯清淨之土。經歴一紀。跋渉万里。秘藏潔塊
E398,E025,L160,AT_LOCATION,寸。太政官處分。以爲誓護朝庭之處。先是。内供奉十禪師傳灯大法師位雲申牒。昔者慈覺大師入唐求法之日。巡礼臺山之時。感遇文殊化現師子聖燈圓光。頼此大聖之感應。得遂求道之大願。欲使彼大聖之應化。感來於我本朝。鎭護國家。利益黎庶。由是祈乞於五臺現化之處。掘取五峯清淨之土。經歴一紀。跋渉万里。秘藏潔塊
E399,P048,L160,TRAVEL,寸。太政官處分。以爲誓護朝庭之處。先是。内供奉十禪師傳灯大法師位雲申牒。昔者慈覺大師入唐求法之日。巡礼臺山之時。感遇文殊化現師子聖燈圓光。頼此大聖之感應。得遂求道之大願。欲使彼大聖之應化。感來於我本朝。鎭護國家。利益黎庶。由是祈乞於五臺現化之處。掘取五峯清淨之土。經歴一紀。跋渉万里。秘藏潔塊
E400,E026,L160,AT_LOCATION,"彼大聖之應化。感來於我本朝。鎭護國家。利益黎庶。由是祈乞於五臺現化之處。掘取五峯清淨之土。經歴一紀。跋渉万里。秘藏潔塊。將來此間。埋置五方之壇下。構造二重之高樓。專令雲勾當其事。成功未半。大師无常。雲師遺命。果師本願。重樓尊像。功夫甫就。請奉進公家。爲護王之處。至是聽其所請焉。

辛酉十六日。雷"
E401,E027,P019,HAS_SUBJECT,"止既了。須明年將發歸時。奉畫供養者。仍以戌時到開元寺大門。誓禱其由。
七日馳書信。諮開元寺三綱。兼贈土物。附還信送報禮書([□@考]書東本作唐今從池本)。
八日聞第四舶猶在泥上。未到泊處。國信物未運上。其舶廣棚離脫。淦水殆滿。隨潮生潮落。舶裏涸沈。不足"
E402,E027,L303,AT_LOCATION,"止既了。須明年將發歸時。奉畫供養者。仍以戌時到開元寺大門。誓禱其由。
七日馳書信。諮開元寺三綱。兼贈土物。附還信送報禮書([□@考]書東本作唐今從池本)。
八日聞第四舶猶在泥上。未到泊處。國信物未運上。其舶廣棚離脫。淦水殆滿。隨潮生潮落。舶裏涸沈。不足"
E403,P019,L303,TRAVEL,"止既了。須明年將發歸時。奉畫供養者。仍以戌時到開元寺大門。誓禱其由。
七日馳書信。諮開元寺三綱。兼贈土物。附還信送報禮書([□@考]書東本作唐今從池本)。
八日聞第四舶猶在泥上。未到泊處。國信物未運上。其舶廣棚離脫。淦水殆滿。隨潮生潮落。舶裏涸沈。不足"
E404,E028,L303,AT_LOCATION,"禱其由。
七日馳書信。諮開元寺三綱。兼贈土物。附還信送報禮書([□@考]書東本作唐今從池本)。
八日聞第四舶猶在泥上。未到泊處。國信物未運上。其舶廣棚離脫。淦水殆滿。隨潮生潮落。舶裏涸沈。不足為渡海之器。求法僧等。未登陸地頭判官登陸。居白水郎舍。船中人五人身腫死。大唐迎船十隻許來。一日一度。運國信物至。波如高山。風吹不能運遷。辛苦尤甚。聞噵昨日揚州帖可行迎舶之狀。令發赴既了。未詳子細。九日巳時。節"
E405,E029,P019,HAS_SUBJECT,"止既了。須明年將發歸時。奉畫供養者。仍以戌時到開元寺大門。誓禱其由。
七日馳書信。諮開元寺三綱。兼贈土物。附還信送報禮書([□@考]書東本作唐今從池本)。
八日聞第四舶猶在泥上。未到泊處。國信物未運上。其舶廣棚離脫。淦水殆滿。隨潮生潮落。舶裏涸沈。不足"
E406,E029,L303,AT_LOCATION,"止既了。須明年將發歸時。奉畫供養者。仍以戌時到開元寺大門。誓禱其由。
七日馳書信。諮開元寺三綱。兼贈土物。附還信送報禮書([□@考]書東本作唐今從池本)。
八日聞第四舶猶在泥上。未到泊處。國信物未運上。其舶廣棚離脫。淦水殆滿。隨潮生潮落。舶裏涸沈。不足"
E407,E030,P117,HAS_SUBJECT,。阿闍梨以金剛杵并儀軌法門等、付属宗叡、用充印信。更尋慈恩寺造玄、興善寺智慧輪等阿闍梨、承受秘奥、詢求幽■、廻至洛陽、便入聖善寺善無畏三蔵旧院。其門徒、以三蔵所持金剛杵并経論梵夾諸尊儀軌等授之。八年到明州望海鎮。適遇李延孝、遥指扶桑、将泛一葉。宗叡同舟、順風解纜、三日夜間、帰着本朝。主上大悦、遇以殊礼。当時法侶皆望和尚之伝金剛
E408,E030,L222,AT_LOCATION,。阿闍梨以金剛杵并儀軌法門等、付属宗叡、用充印信。更尋慈恩寺造玄、興善寺智慧輪等阿闍梨、承受秘奥、詢求幽■、廻至洛陽、便入聖善寺善無畏三蔵旧院。其門徒、以三蔵所持金剛杵并経論梵夾諸尊儀軌等授之。八年到明州望海鎮。適遇李延孝、遥指扶桑、将泛一葉。宗叡同舟、順風解纜、三日夜間、帰着本朝。主上大悦、遇以殊礼。当時法侶皆望和尚之伝金剛
E409,P117,L222,TRAVEL,。阿闍梨以金剛杵并儀軌法門等、付属宗叡、用充印信。更尋慈恩寺造玄、興善寺智慧輪等阿闍梨、承受秘奥、詢求幽■、廻至洛陽、便入聖善寺善無畏三蔵旧院。其門徒、以三蔵所持金剛杵并経論梵夾諸尊儀軌等授之。八年到明州望海鎮。適遇李延孝、遥指扶桑、将泛一葉。宗叡同舟、順風解纜、三日夜間、帰着本朝。主上大悦、遇以殊礼。当時法侶皆望和尚之伝金剛
E410,E031,P044,HAS_SUBJECT,等阿闍梨、承受秘奥、詢求幽■、廻至洛陽、便入聖善寺善無畏三蔵旧院。其門徒、以三蔵所持金剛杵并経論梵夾諸尊儀軌等授之。八年到明州望海鎮。適遇李延孝、遥指扶桑、将泛一葉。宗叡同舟、順風解纜、三日夜間、帰着本朝。主上大悦、遇以殊礼。当時法侶皆望和尚之伝金剛界法胎蔵界法密教。和尚於東寺、教授之。学徒有数、傾懐而説。十一年春為権律師、十六年
E411,E031,L222,AT_LOCATION,等阿闍梨、承受秘奥、詢求幽■、廻至洛陽、便入聖善寺善無畏三蔵旧院。其門徒、以三蔵所持金剛杵并経論梵夾諸尊儀軌等授之。八年到明州望海鎮。適遇李延孝、遥指扶桑、将泛一葉。宗叡同舟、順風解纜、三日夜間、帰着本朝。主上大悦、遇以殊礼。当時法侶皆望和尚之伝金剛界法胎蔵界法密教。和尚於東寺、教授之。学徒有数、傾懐而説。十一年春為権律師、十六年
E412,P044,L222,TRAVEL,等阿闍梨、承受秘奥、詢求幽■、廻至洛陽、便入聖善寺善無畏三蔵旧院。其門徒、以三蔵所持金剛杵并経論梵夾諸尊儀軌等授之。八年到明州望海鎮。適遇李延孝、遥指扶桑、将泛一葉。宗叡同舟、順風解纜、三日夜間、帰着本朝。主上大悦、遇以殊礼。当時法侶皆望和尚之伝金剛界法胎蔵界法密教。和尚於東寺、教授之。学徒有数、傾懐而説。十一年春為権律師、十六年
E413,E032,P117,HAS_SUBJECT,三蔵所持金剛杵并経論梵夾諸尊儀軌等授之。八年到明州望海鎮。適遇李延孝、遥指扶桑、将泛一葉。宗叡同舟、順風解纜、三日夜間、帰着本朝。主上大悦、遇以殊礼。当時法侶皆望和尚之伝金剛界法胎蔵界法密教。和尚於東寺、教授之。学徒有数、傾懐而説。十一年春為権律師、十六年冬転権少僧都、奉授天皇金
E414,E032,L223,AT_LOCATION,三蔵所持金剛杵并経論梵夾諸尊儀軌等授之。八年到明州望海鎮。適遇李延孝、遥指扶桑、将泛一葉。宗叡同舟、順風解纜、三日夜間、帰着本朝。主上大悦、遇以殊礼。当時法侶皆望和尚之伝金剛界法胎蔵界法密教。和尚於東寺、教授之。学徒有数、傾懐而説。十一年春為権律師、十六年冬転権少僧都、奉授天皇金
E415,P117,L223,TRAVEL,三蔵所持金剛杵并経論梵夾諸尊儀軌等授之。八年到明州望海鎮。適遇李延孝、遥指扶桑、将泛一葉。宗叡同舟、順風解纜、三日夜間、帰着本朝。主上大悦、遇以殊礼。当時法侶皆望和尚之伝金剛界法胎蔵界法密教。和尚於東寺、教授之。学徒有数、傾懐而説。十一年春為権律師、十六年冬転権少僧都、奉授天皇金
E416,E033,P292,HAS_SUBJECT,重受潅頂、学胎蔵界法、尽其殊旨。阿闍梨以金剛杵并儀軌法門等、付属宗叡、用充印信。更尋慈恩寺造玄、興善寺智慧輪等阿闍梨、承受秘奥、詢求幽■、廻至洛陽、便入聖善寺善無畏三蔵旧院。其門徒、以三蔵所持金剛杵并経論梵夾
E417,E033,L286,AT_LOCATION,重受潅頂、学胎蔵界法、尽其殊旨。阿闍梨以金剛杵并儀軌法門等、付属宗叡、用充印信。更尋慈恩寺造玄、興善寺智慧輪等阿闍梨、承受秘奥、詢求幽■、廻至洛陽、便入聖善寺善無畏三蔵旧院。其門徒、以三蔵所持金剛杵并経論梵夾
E418,P292,L286,LEARN,重受潅頂、学胎蔵界法、尽其殊旨。阿闍梨以金剛杵并儀軌法門等、付属宗叡、用充印信。更尋慈恩寺造玄、興善寺智慧輪等阿闍梨、承受秘奥、詢求幽■、廻至洛陽、便入聖善寺善無畏三蔵旧院。其門徒、以三蔵所持金剛杵并経論梵夾
E419,E035,P117,HAS_SUBJECT,。阿闍梨以金剛杵并儀軌法門等、付属宗叡、用充印信。更尋慈恩寺造玄、興善寺智慧輪等阿闍梨、承受秘奥、詢求幽■、廻至洛陽、便入聖善寺善無畏三蔵旧院。其門徒、以三蔵所持金剛杵并経論梵夾諸尊儀軌等授之。八年到明州望海鎮。適遇李延孝、遥指扶桑、将泛一葉。宗叡同舟、順風解纜、三日夜間、帰着本朝。主上大悦、遇以殊礼。当時法侶皆望和尚之伝金剛
E420,E035,L222,AT_LOCATION,。阿闍梨以金剛杵并儀軌法門等、付属宗叡、用充印信。更尋慈恩寺造玄、興善寺智慧輪等阿闍梨、承受秘奥、詢求幽■、廻至洛陽、便入聖善寺善無畏三蔵旧院。其門徒、以三蔵所持金剛杵并経論梵夾諸尊儀軌等授之。八年到明州望海鎮。適遇李延孝、遥指扶桑、将泛一葉。宗叡同舟、順風解纜、三日夜間、帰着本朝。主上大悦、遇以殊礼。当時法侶皆望和尚之伝金剛
E421,E036,P255,HAS_SUBJECT,度持沙彌戒。七年於東大寺受具足戒。最澄圓寂後，益勤學修鍊，張講席於各地。仁明帝承和三年(八三六)受詔入唐請益。五年六月，隨日本第十八次遣唐使藤原常嗣西渡，時年四十五。遊唐十年歸國，大弘佛法，受文德、清和諸帝寵遇，尊為傳燈大師，補天台座主，奏建總持院，為天
E422,E037,P064,HAS_SUBJECT,試得第。次年正月，受度持沙彌戒。七年於東大寺受具足戒。最澄圓寂後，益勤學修鍊，張講席於各地。仁明帝承和三年(八三六)受詔入唐請益。五年六月，隨日本第十八次遣唐使藤原常嗣西渡，時年四十五。遊唐十年歸國，大弘佛法，受文德、清和諸帝寵遇，尊為傳燈大師，補天台座主，奏建總持院，為天
E423,E039,P255,HAS_SUBJECT,益勤學修鍊，張講席於各地。仁明帝承和三年(八三六)受詔入唐請益。五年六月，隨日本第十八次遣唐使藤原常嗣西渡，時年四十五。遊唐十年歸國，大弘佛法，受文德、清和諸帝寵遇，尊為傳燈大師，補天台座主，奏建總持院，為天
E424,E040,L191,HAS_SUBJECT,。有請教止觀者，傳教輒令仁講授，己居傍聽證，率以為常。弘仁四年。歲二十，逢官試得第。次年正月，受度持沙彌戒。七年於東大寺受具足戒。最澄圓寂後，益勤學修鍊，張講席於各地。仁明帝承和三年(八三六)受詔入唐請益。五年六月，隨日本第十八次遣唐使藤原常嗣西渡，時年四十五。遊唐十年歸國，大弘佛法，受文德、清和諸帝寵遇，尊為傳燈大師，補天台
E425,E040,L234,AT_LOCATION,。有請教止觀者，傳教輒令仁講授，己居傍聽證，率以為常。弘仁四年。歲二十，逢官試得第。次年正月，受度持沙彌戒。七年於東大寺受具足戒。最澄圓寂後，益勤學修鍊，張講席於各地。仁明帝承和三年(八三六)受詔入唐請益。五年六月，隨日本第十八次遣唐使藤原常嗣西渡，時年四十五。遊唐十年歸國，大弘佛法，受文德、清和諸帝寵遇，尊為傳燈大師，補天台
E426,L191,L234,LEARN,。有請教止觀者，傳教輒令仁講授，己居傍聽證，率以為常。弘仁四年。歲二十，逢官試得第。次年正月，受度持沙彌戒。七年於東大寺受具足戒。最澄圓寂後，益勤學修鍊，張講席於各地。仁明帝承和三年(八三六)受詔入唐請益。五年六月，隨日本第十八次遣唐使藤原常嗣西渡，時年四十五。遊唐十年歸國，大弘佛法，受文德、清和諸帝寵遇，尊為傳燈大師，補天台
E427,E041,P255,HAS_SUBJECT,止觀大定妙慧，嶄然出儕輩上。有請教止觀者，傳教輒令仁講授，己居傍聽證，率以為常。弘仁四年。歲二十，逢官試得第。次年正月，受度持沙彌戒。七年於東大寺受具足戒。最澄圓寂後，益勤學修鍊，張講席於各地。仁明帝承和三年(八三六)受詔入唐請益。五年六月，隨日本第十八次遣唐使藤原常嗣西渡，時年四十五。遊唐十年歸國，大弘佛法，受文德、清和諸帝寵遇
E428,E041,L001,AT_LOCATION,止觀大定妙慧，嶄然出儕輩上。有請教止觀者，傳教輒令仁講授，己居傍聽證，率以為常。弘仁四年。歲二十，逢官試得第。次年正月，受度持沙彌戒。七年於東大寺受具足戒。最澄圓寂後，益勤學修鍊，張講席於各地。仁明帝承和三年(八三六)受詔入唐請益。五年六月，隨日本第十八次遣唐使藤原常嗣西渡，時年四十五。遊唐十年歸國，大弘佛法，受文德、清和諸帝寵遇
E429,P255,L001,LEARN,止觀大定妙慧，嶄然出儕輩上。有請教止觀者，傳教輒令仁講授，己居傍聽證，率以為常。弘仁四年。歲二十，逢官試得第。次年正月，受度持沙彌戒。七年於東大寺受具足戒。最澄圓寂後，益勤學修鍊，張講席於各地。仁明帝承和三年(八三六)受詔入唐請益。五年六月，隨日本第十八次遣唐使藤原常嗣西渡，時年四十五。遊唐十年歸國，大弘佛法，受文德、清和諸帝寵遇
E430,E042,P001,HAS_SUBJECT,出儕輩上。有請教止觀者，傳教輒令仁講授，己居傍聽證，率以為常。弘仁四年。歲二十，逢官試得第。次年正月，受度持沙彌戒。七年於東大寺受具足戒。最澄圓寂後，益勤學修鍊，張講席於各地。仁明帝承和三年(八三六)受詔入唐請益。五年六月，隨日本第十八次遣唐使藤原常嗣西渡，時年四十五。遊唐十年歸國，大弘佛法，受文德、清和諸帝寵遇，尊為傳燈大師，補天台
E431,E042,L001,AT_LOCATION,出儕輩上。有請教止觀者，傳教輒令仁講授，己居傍聽證，率以為常。弘仁四年。歲二十，逢官試得第。次年正月，受度持沙彌戒。七年於東大寺受具足戒。最澄圓寂後，益勤學修鍊，張講席於各地。仁明帝承和三年(八三六)受詔入唐請益。五年六月，隨日本第十八次遣唐使藤原常嗣西渡，時年四十五。遊唐十年歸國，大弘佛法，受文德、清和諸帝寵遇，尊為傳燈大師，補天台
E432,P001,L001,LEARN,出儕輩上。有請教止觀者，傳教輒令仁講授，己居傍聽證，率以為常。弘仁四年。歲二十，逢官試得第。次年正月，受度持沙彌戒。七年於東大寺受具足戒。最澄圓寂後，益勤學修鍊，張講席於各地。仁明帝承和三年(八三六)受詔入唐請益。五年六月，隨日本第十八次遣唐使藤原常嗣西渡，時年四十五。遊唐十年歸國，大弘佛法，受文德、清和諸帝寵遇，尊為傳燈大師，補天台
E433,E043,P168,HAS_SUBJECT,唐鑑真和尚三傳弟子，德行該博，鞠為法嗣，遂專修內典。年十五，登京都比叡山謁傳教大師最澄，教以止觀大定妙慧，嶄然出儕輩上。有請教止觀者，傳教輒令仁講授，己居傍聽證，率以為常。弘仁四年。歲二十，逢官試得第。次年正月，受度持沙彌戒。七年於東大寺受具足戒。最澄圓寂後，益勤學修鍊，
E434,E043,L262,AT_LOCATION,唐鑑真和尚三傳弟子，德行該博，鞠為法嗣，遂專修內典。年十五，登京都比叡山謁傳教大師最澄，教以止觀大定妙慧，嶄然出儕輩上。有請教止觀者，傳教輒令仁講授，己居傍聽證，率以為常。弘仁四年。歲二十，逢官試得第。次年正月，受度持沙彌戒。七年於東大寺受具足戒。最澄圓寂後，益勤學修鍊，
E435,P168,L262,TRAVEL,唐鑑真和尚三傳弟子，德行該博，鞠為法嗣，遂專修內典。年十五，登京都比叡山謁傳教大師最澄，教以止觀大定妙慧，嶄然出儕輩上。有請教止觀者，傳教輒令仁講授，己居傍聽證，率以為常。弘仁四年。歲二十，逢官試得第。次年正月，受度持沙彌戒。七年於東大寺受具足戒。最澄圓寂後，益勤學修鍊，
E436,E044,P119,AT_LOCATION,"十日平明。向東遙見對馬嶋。午時。前路見本國山。從東至西南。相連而分明。至初夜。到肥前國松浦郡北界鹿嶋泊船。
十一日平旦。筑前國丹判官家人大和武藏共嶋長來相見。粗知國中事宜。
十五日到橘浦。
十七日到博太西南能舉嶋下泊船。
十八日到鴻臚館前。
十九日入館住。
十月六日。借得官庫絹八十疋。綿二百"
E437,E046,P059,HAS_SUBJECT,"十一日平旦。筑前國丹判官家人大和武藏共嶋長來相見。粗知國中事宜。
十五日到橘浦。
十七日到博太西南能舉嶋下泊船。
十八日到鴻臚館前。
十九日入館住。
十月六日。借得官庫絹八十疋。綿二百屯。給船上肆拾肆人冬衣。
六日生料米十碩送來。依國府從十月一日始充行。
十九日太政官符來太宰府。圓仁五人。速令入京。唐人金珍等卌四人。仰太宰府。"
E438,E046,P318,AT_LOCATION,"十一日平旦。筑前國丹判官家人大和武藏共嶋長來相見。粗知國中事宜。
十五日到橘浦。
十七日到博太西南能舉嶋下泊船。
十八日到鴻臚館前。
十九日入館住。
十月六日。借得官庫絹八十疋。綿二百屯。給船上肆拾肆人冬衣。
六日生料米十碩送來。依國府從十月一日始充行。
十九日太政官符來太宰府。圓仁五人。速令入京。唐人金珍等卌四人。仰太宰府。"
E439,P059,P318,TRAVEL,"十一日平旦。筑前國丹判官家人大和武藏共嶋長來相見。粗知國中事宜。
十五日到橘浦。
十七日到博太西南能舉嶋下泊船。
十八日到鴻臚館前。
十九日入館住。
十月六日。借得官庫絹八十疋。綿二百屯。給船上肆拾肆人冬衣。
六日生料米十碩送來。依國府從十月一日始充行。
十九日太政官符來太宰府。圓仁五人。速令入京。唐人金珍等卌四人。仰太宰府。"
E440,E047,L242,HAS_SUBJECT,"戒律；江淮之間，獨爲化主。於是興建佛事，濟化羣生，其事繁多，不可具載。

日本［國］天平五年，歲次癸酉，沙門榮叡、普照等隨遣唐大使丹墀真人廣成，至唐國留學。是［歲］，唐開元二十一年也。唐國諸寺三藏、大德，皆以戒律爲入道之正門；若有不持戒者，不齒於僧中。於是，方知本國無傳戒人。仍請東都大福［先］寺沙門道璿律師，附副使中臣朝臣名代之［舶］，先向本國去，擬爲"
E441,E047,L109,AT_LOCATION,"戒律；江淮之間，獨爲化主。於是興建佛事，濟化羣生，其事繁多，不可具載。

日本［國］天平五年，歲次癸酉，沙門榮叡、普照等隨遣唐大使丹墀真人廣成，至唐國留學。是［歲］，唐開元二十一年也。唐國諸寺三藏、大德，皆以戒律爲入道之正門；若有不持戒者，不齒於僧中。於是，方知本國無傳戒人。仍請東都大福［先］寺沙門道璿律師，附副使中臣朝臣名代之［舶］，先向本國去，擬爲"
E442,L242,L109,TRAVEL,"戒律；江淮之間，獨爲化主。於是興建佛事，濟化羣生，其事繁多，不可具載。

日本［國］天平五年，歲次癸酉，沙門榮叡、普照等隨遣唐大使丹墀真人廣成，至唐國留學。是［歲］，唐開元二十一年也。唐國諸寺三藏、大德，皆以戒律爲入道之正門；若有不持戒者，不齒於僧中。於是，方知本國無傳戒人。仍請東都大福［先］寺沙門道璿律師，附副使中臣朝臣名代之［舶］，先向本國去，擬爲"
E443,E048,L327,HAS_SUBJECT,"實際寺登壇受具足戒。荊州南泉寺弘景律師爲和上巡遊二京，究學三藏。後歸淮南，教授戒律；江淮之間，獨爲化主。於是興建佛事，濟化羣生，其事繁多，不可具載。

日本［國］天平五年，歲次癸酉，沙門榮叡、普照等隨遣唐大使丹墀真人廣"
E444,E048,L289,AT_LOCATION,"實際寺登壇受具足戒。荊州南泉寺弘景律師爲和上巡遊二京，究學三藏。後歸淮南，教授戒律；江淮之間，獨爲化主。於是興建佛事，濟化羣生，其事繁多，不可具載。

日本［國］天平五年，歲次癸酉，沙門榮叡、普照等隨遣唐大使丹墀真人廣"
E445,L327,L289,LEARN,"實際寺登壇受具足戒。荊州南泉寺弘景律師爲和上巡遊二京，究學三藏。後歸淮南，教授戒律；江淮之間，獨爲化主。於是興建佛事，濟化羣生，其事繁多，不可具載。

日本［國］天平五年，歲次癸酉，沙門榮叡、普照等隨遣唐大使丹墀真人廣"
E446,E049,P045,HAS_SUBJECT,"卒。
庚子。唐客入京。將軍等率騎兵二百。蝦夷廿人。迎接於京城門外三橋。
五月癸夘。唐使孫興進。秦■期等朝見。上唐朝書。并貢信物。詔曰。唐使上書。朕見之。唯客等遠來。艱辛行路。宜歸休於舘。尋欲相見。
丁巳。饗唐使於朝堂。中納言從三位物部朝臣宅嗣宣勅曰。唐朝天子及公卿。國内百姓。平安以不。又海路難險。一二使人。或漂沒海中。或被掠"
E447,E049,L024,AT_LOCATION,"卒。
庚子。唐客入京。將軍等率騎兵二百。蝦夷廿人。迎接於京城門外三橋。
五月癸夘。唐使孫興進。秦■期等朝見。上唐朝書。并貢信物。詔曰。唐使上書。朕見之。唯客等遠來。艱辛行路。宜歸休於舘。尋欲相見。
丁巳。饗唐使於朝堂。中納言從三位物部朝臣宅嗣宣勅曰。唐朝天子及公卿。國内百姓。平安以不。又海路難險。一二使人。或漂沒海中。或被掠"
E448,P045,L024,PARTICIPATE,"卒。
庚子。唐客入京。將軍等率騎兵二百。蝦夷廿人。迎接於京城門外三橋。
五月癸夘。唐使孫興進。秦■期等朝見。上唐朝書。并貢信物。詔曰。唐使上書。朕見之。唯客等遠來。艱辛行路。宜歸休於舘。尋欲相見。
丁巳。饗唐使於朝堂。中納言從三位物部朝臣宅嗣宣勅曰。唐朝天子及公卿。國内百姓。平安以不。又海路難險。一二使人。或漂沒海中。或被掠"
E449,E051,L147,AT_LOCATION,唐使藤原常嗣西渡，時年四十五。遊唐十年歸國，大弘佛法，受文德、清和諸帝寵遇，尊為傳燈大師，補天台座主，奏建總持院，為天皇修供，授弟子以三昧。營常行堂，大整顯秘之紀綱。建文殊樓，奠基以五台山携歸之土石。日本天台宗創於最澄，而隆興大成之者實為圓仁
E450,E052,P255,HAS_SUBJECT,唐使藤原常嗣西渡，時年四十五。遊唐十年歸國，大弘佛法，受文德、清和諸帝寵遇，尊為傳燈大師，補天台座主，奏建總持院，為天皇修供，授弟子以三昧。營常行堂，大整顯秘之紀綱。建文殊樓，奠基以五台山携歸之土石。日本天台宗創於最澄，而隆興大成之者實為圓仁
E451,E052,L147,AT_LOCATION,唐使藤原常嗣西渡，時年四十五。遊唐十年歸國，大弘佛法，受文德、清和諸帝寵遇，尊為傳燈大師，補天台座主，奏建總持院，為天皇修供，授弟子以三昧。營常行堂，大整顯秘之紀綱。建文殊樓，奠基以五台山携歸之土石。日本天台宗創於最澄，而隆興大成之者實為圓仁
E452,P255,L147,TRAVEL,唐使藤原常嗣西渡，時年四十五。遊唐十年歸國，大弘佛法，受文德、清和諸帝寵遇，尊為傳燈大師，補天台座主，奏建總持院，為天皇修供，授弟子以三昧。營常行堂，大整顯秘之紀綱。建文殊樓，奠基以五台山携歸之土石。日本天台宗創於最澄，而隆興大成之者實為圓仁
E453,E053,P159,HAS_SUBJECT,隆興大成之者實為圓仁。清和帝貞觀六年(唐懿宗咸通五年，西元八六四)正月十四日，寂於京都延曆寺，得年七十一。寂前一日授密印灌頂於高足常濟。圓仁風神溫穆，而堅毅內斂。著述極多。據赤堀氏所輯「日本文學者年表」經疏私記凡九十四種，百五十三卷。「金剛頂
E454,E053,L034,AT_LOCATION,隆興大成之者實為圓仁。清和帝貞觀六年(唐懿宗咸通五年，西元八六四)正月十四日，寂於京都延曆寺，得年七十一。寂前一日授密印灌頂於高足常濟。圓仁風神溫穆，而堅毅內斂。著述極多。據赤堀氏所輯「日本文學者年表」經疏私記凡九十四種，百五十三卷。「金剛頂
E455,P159,L034,LEARN,隆興大成之者實為圓仁。清和帝貞觀六年(唐懿宗咸通五年，西元八六四)正月十四日，寂於京都延曆寺，得年七十一。寂前一日授密印灌頂於高足常濟。圓仁風神溫穆，而堅毅內斂。著述極多。據赤堀氏所輯「日本文學者年表」經疏私記凡九十四種，百五十三卷。「金剛頂
E456,E054,L039,HAS_SUBJECT,帝寵遇，尊為傳燈大師，補天台座主，奏建總持院，為天皇修供，授弟子以三昧。營常行堂，大整顯秘之紀綱。建文殊樓，奠基以五台山携歸之土石。日本天台宗創於最澄，而隆興大成之者實為圓仁。清和帝貞觀六年(唐懿宗咸通五年，西元八六四)正月十四日，寂於京都延曆寺，得年七十一。寂前一日授密印灌頂於高足常濟。圓仁風神溫穆，而堅毅內斂。著述極多
E457,E054,L148,AT_LOCATION,帝寵遇，尊為傳燈大師，補天台座主，奏建總持院，為天皇修供，授弟子以三昧。營常行堂，大整顯秘之紀綱。建文殊樓，奠基以五台山携歸之土石。日本天台宗創於最澄，而隆興大成之者實為圓仁。清和帝貞觀六年(唐懿宗咸通五年，西元八六四)正月十四日，寂於京都延曆寺，得年七十一。寂前一日授密印灌頂於高足常濟。圓仁風神溫穆，而堅毅內斂。著述極多
E458,L039,L148,INTRODUCE,帝寵遇，尊為傳燈大師，補天台座主，奏建總持院，為天皇修供，授弟子以三昧。營常行堂，大整顯秘之紀綱。建文殊樓，奠基以五台山携歸之土石。日本天台宗創於最澄，而隆興大成之者實為圓仁。清和帝貞觀六年(唐懿宗咸通五年，西元八六四)正月十四日，寂於京都延曆寺，得年七十一。寂前一日授密印灌頂於高足常濟。圓仁風神溫穆，而堅毅內斂。著述極多
E459,E055,P168,HAS_SUBJECT,傳燈大師，補天台座主，奏建總持院，為天皇修供，授弟子以三昧。營常行堂，大整顯秘之紀綱。建文殊樓，奠基以五台山携歸之土石。日本天台宗創於最澄，而隆興大成之者實為圓仁。清和帝貞觀六年(唐懿宗咸通五年，西元八六四)正月十四日，寂於京都延曆寺，得年七十一。寂前一日授密印灌頂於高足常濟。圓仁風神溫穆，而堅毅內斂。著述極多。據赤堀氏所輯「日本文
E460,E055,L148,AT_LOCATION,傳燈大師，補天台座主，奏建總持院，為天皇修供，授弟子以三昧。營常行堂，大整顯秘之紀綱。建文殊樓，奠基以五台山携歸之土石。日本天台宗創於最澄，而隆興大成之者實為圓仁。清和帝貞觀六年(唐懿宗咸通五年，西元八六四)正月十四日，寂於京都延曆寺，得年七十一。寂前一日授密印灌頂於高足常濟。圓仁風神溫穆，而堅毅內斂。著述極多。據赤堀氏所輯「日本文
E461,P168,L148,INTRODUCE,傳燈大師，補天台座主，奏建總持院，為天皇修供，授弟子以三昧。營常行堂，大整顯秘之紀綱。建文殊樓，奠基以五台山携歸之土石。日本天台宗創於最澄，而隆興大成之者實為圓仁。清和帝貞觀六年(唐懿宗咸通五年，西元八六四)正月十四日，寂於京都延曆寺，得年七十一。寂前一日授密印灌頂於高足常濟。圓仁風神溫穆，而堅毅內斂。著述極多。據赤堀氏所輯「日本文
E462,E057,P035,HAS_SUBJECT,"西府驛鈴二口。
冬十月辛夘。律師道慈法師卒。〈天平元年爲律師。〉法師俗姓額田氏。添下郡人也。性聰悟爲衆所推。大寳元年隨使入唐。渉覽經典。尤精三論。養老二年歸朝。是時釋門之秀者唯法師及神叡法師二人而已。著述愚志一卷論僧尼之事。其略曰。今察日本素緇行佛法軌模"
E463,E058,P306,HAS_SUBJECT,慈法師卒。〈天平元年爲律師。〉法師俗姓額田氏。添下郡人也。性聰悟爲衆所推。大寳元年隨使入唐。渉覽經典。尤精三論。養老二年歸朝。是時釋門之秀者唯法師及神叡法師二人而已。著述愚志一卷論僧尼之事。其略曰。今察日本素緇行佛法軌模
E464,E059,P162,HAS_SUBJECT,"又與日本國同學僧玄朗、玄法二人，俱下至揚州。是歲，唐天寶元載冬十月。

時，大和上在揚州大明寺爲衆［僧］講律，榮叡、普照至大明寺，頂禮大和上足下，具述本意曰︰「佛法東流至日本國，雖有其法，而無傳法人。日本國昔有聖德太子曰︰『二百年後，聖"
E465,E059,L226,AT_LOCATION,"又與日本國同學僧玄朗、玄法二人，俱下至揚州。是歲，唐天寶元載冬十月。

時，大和上在揚州大明寺爲衆［僧］講律，榮叡、普照至大明寺，頂禮大和上足下，具述本意曰︰「佛法東流至日本國，雖有其法，而無傳法人。日本國昔有聖德太子曰︰『二百年後，聖"
E466,P162,L226,TRAVEL,"又與日本國同學僧玄朗、玄法二人，俱下至揚州。是歲，唐天寶元載冬十月。

時，大和上在揚州大明寺爲衆［僧］講律，榮叡、普照至大明寺，頂禮大和上足下，具述本意曰︰「佛法東流至日本國，雖有其法，而無傳法人。日本國昔有聖德太子曰︰『二百年後，聖"
E467,E060,C003,HAS_SUBJECT,"，唐天寶元載冬十月。

時，大和上在揚州大明寺爲衆［僧］講律，榮叡、普照至大明寺，頂禮大和上足下，具述本意曰︰「佛法東流至日本國，雖有其法，而無傳法人。日本國昔有聖德太子曰︰『二百年後，聖"
E468,E060,L050,AT_LOCATION,"，唐天寶元載冬十月。

時，大和上在揚州大明寺爲衆［僧］講律，榮叡、普照至大明寺，頂禮大和上足下，具述本意曰︰「佛法東流至日本國，雖有其法，而無傳法人。日本國昔有聖德太子曰︰『二百年後，聖"
E469,C003,L050,TRAVEL,"，唐天寶元載冬十月。

時，大和上在揚州大明寺爲衆［僧］講律，榮叡、普照至大明寺，頂禮大和上足下，具述本意曰︰「佛法東流至日本國，雖有其法，而無傳法人。日本國昔有聖德太子曰︰『二百年後，聖"
E470,E061,P162,HAS_SUBJECT,"又與日本國同學僧玄朗、玄法二人，俱下至揚州。是歲，唐天寶元載冬十月。

時，大和上在揚州大明寺爲衆［僧］講律，榮叡、普照至大明寺，頂禮大和上足下，具述本意曰︰「佛法東流至日本國，雖有其法，而無傳法人。日本國昔有聖德太子曰︰『二百年後，聖"
E471,E061,L226,AT_LOCATION,"又與日本國同學僧玄朗、玄法二人，俱下至揚州。是歲，唐天寶元載冬十月。

時，大和上在揚州大明寺爲衆［僧］講律，榮叡、普照至大明寺，頂禮大和上足下，具述本意曰︰「佛法東流至日本國，雖有其法，而無傳法人。日本國昔有聖德太子曰︰『二百年後，聖"
E472,E062,P051,HAS_SUBJECT,"却廻之状。兩船密封奏。同共到來。
甲申。勅符大使藤原朝臣常嗣。判官菅原朝臣善主等。得今月六日九日二道飛驛奏状。具知漂苦廻着肥前國也。使等忠貞之操。不敢告勞。蒙冒險難。廻渉蒼海。而事不諧偶。中路却廻。靖言念之。憂心何已。今案奏状。兩舶並已無完。必須改營。宜俟修造畢以遂渡海耳。第二第三等舶。未知平不。欝嗟乎懷。』又勅符大宰大貳藤原"
E473,E062,C005,AT_LOCATION,"却廻之状。兩船密封奏。同共到來。
甲申。勅符大使藤原朝臣常嗣。判官菅原朝臣善主等。得今月六日九日二道飛驛奏状。具知漂苦廻着肥前國也。使等忠貞之操。不敢告勞。蒙冒險難。廻渉蒼海。而事不諧偶。中路却廻。靖言念之。憂心何已。今案奏状。兩舶並已無完。必須改營。宜俟修造畢以遂渡海耳。第二第三等舶。未知平不。欝嗟乎懷。』又勅符大宰大貳藤原"
E474,P051,C005,TRAVEL,"却廻之状。兩船密封奏。同共到來。
甲申。勅符大使藤原朝臣常嗣。判官菅原朝臣善主等。得今月六日九日二道飛驛奏状。具知漂苦廻着肥前國也。使等忠貞之操。不敢告勞。蒙冒險難。廻渉蒼海。而事不諧偶。中路却廻。靖言念之。憂心何已。今案奏状。兩舶並已無完。必須改營。宜俟修造畢以遂渡海耳。第二第三等舶。未知平不。欝嗟乎懷。』又勅符大宰大貳藤原"
E475,E063,G026,HAS_SUBJECT,"力而已。宜令五畿内七道諸國司轉讀般若走幣名神。』▼是日。大宰府馳驛。奏遣唐使第一第四兩船漂蕩却廻之状。兩船密封奏。同共到來。
甲申。勅符大使藤原朝臣常嗣。判官菅原朝臣善主等。得今月六日九日二道飛驛奏状。具知漂苦廻着肥前國也。使等忠貞之操。不敢告勞。蒙冒險難。廻渉蒼海。而事不諧偶。中路却廻。靖"
E476,E063,L152,AT_LOCATION,"力而已。宜令五畿内七道諸國司轉讀般若走幣名神。』▼是日。大宰府馳驛。奏遣唐使第一第四兩船漂蕩却廻之状。兩船密封奏。同共到來。
甲申。勅符大使藤原朝臣常嗣。判官菅原朝臣善主等。得今月六日九日二道飛驛奏状。具知漂苦廻着肥前國也。使等忠貞之操。不敢告勞。蒙冒險難。廻渉蒼海。而事不諧偶。中路却廻。靖"
E477,G026,L152,TRAVEL,"力而已。宜令五畿内七道諸國司轉讀般若走幣名神。』▼是日。大宰府馳驛。奏遣唐使第一第四兩船漂蕩却廻之状。兩船密封奏。同共到來。
甲申。勅符大使藤原朝臣常嗣。判官菅原朝臣善主等。得今月六日九日二道飛驛奏状。具知漂苦廻着肥前國也。使等忠貞之操。不敢告勞。蒙冒險難。廻渉蒼海。而事不諧偶。中路却廻。靖"
E478,E064,P051,HAS_SUBJECT,"船漂蕩却廻之状。兩船密封奏。同共到來。
甲申。勅符大使藤原朝臣常嗣。判官菅原朝臣善主等。得今月六日九日二道飛驛奏状。具知漂苦廻着肥前國也。使等忠貞之操。不敢告勞。蒙冒險難。廻渉蒼海。而事不諧偶。中路却廻。靖言念之。憂心何已。今案奏状。兩舶並已無完。必須改營。宜俟修造畢以遂渡海耳。第二第三等舶。未知平不。欝嗟乎懷。』又勅符大宰大"
E479,E064,C005,AT_LOCATION,"船漂蕩却廻之状。兩船密封奏。同共到來。
甲申。勅符大使藤原朝臣常嗣。判官菅原朝臣善主等。得今月六日九日二道飛驛奏状。具知漂苦廻着肥前國也。使等忠貞之操。不敢告勞。蒙冒險難。廻渉蒼海。而事不諧偶。中路却廻。靖言念之。憂心何已。今案奏状。兩舶並已無完。必須改營。宜俟修造畢以遂渡海耳。第二第三等舶。未知平不。欝嗟乎懷。』又勅符大宰大"
E480,E065,G011,HAS_SUBJECT,"力而已。宜令五畿内七道諸國司轉讀般若走幣名神。』▼是日。大宰府馳驛。奏遣唐使第一第四兩船漂蕩却廻之状。兩船密封奏。同共到來。
甲申。勅符大使藤原朝臣常嗣。判官菅原朝臣善主等。得今月六日九日二道飛驛奏状。具知漂苦廻着肥前國也。使等忠貞之操。不敢告勞。蒙冒險難。廻渉蒼海。而事不諧偶。中路却廻。靖言念"
E481,E065,L152,AT_LOCATION,"力而已。宜令五畿内七道諸國司轉讀般若走幣名神。』▼是日。大宰府馳驛。奏遣唐使第一第四兩船漂蕩却廻之状。兩船密封奏。同共到來。
甲申。勅符大使藤原朝臣常嗣。判官菅原朝臣善主等。得今月六日九日二道飛驛奏状。具知漂苦廻着肥前國也。使等忠貞之操。不敢告勞。蒙冒險難。廻渉蒼海。而事不諧偶。中路却廻。靖言念"
E482,G011,L152,TRAVEL,"力而已。宜令五畿内七道諸國司轉讀般若走幣名神。』▼是日。大宰府馳驛。奏遣唐使第一第四兩船漂蕩却廻之状。兩船密封奏。同共到來。
甲申。勅符大使藤原朝臣常嗣。判官菅原朝臣善主等。得今月六日九日二道飛驛奏状。具知漂苦廻着肥前國也。使等忠貞之操。不敢告勞。蒙冒險難。廻渉蒼海。而事不諧偶。中路却廻。靖言念"
E483,E066,P051,HAS_SUBJECT,"蕩却廻之状。兩船密封奏。同共到來。
甲申。勅符大使藤原朝臣常嗣。判官菅原朝臣善主等。得今月六日九日二道飛驛奏状。具知漂苦廻着肥前國也。使等忠貞之操。不敢告勞。蒙冒險難。廻渉蒼海。而事不諧偶。中路却廻。靖言念之。憂心何已。今案奏状。兩舶並已無完。必須改營。宜俟修造畢以遂渡海耳。第二第三等舶。未知平不。欝嗟乎懷。』又勅符大宰大"
E484,E066,C005,AT_LOCATION,"蕩却廻之状。兩船密封奏。同共到來。
甲申。勅符大使藤原朝臣常嗣。判官菅原朝臣善主等。得今月六日九日二道飛驛奏状。具知漂苦廻着肥前國也。使等忠貞之操。不敢告勞。蒙冒險難。廻渉蒼海。而事不諧偶。中路却廻。靖言念之。憂心何已。今案奏状。兩舶並已無完。必須改營。宜俟修造畢以遂渡海耳。第二第三等舶。未知平不。欝嗟乎懷。』又勅符大宰大"
E485,E068,P051,HAS_SUBJECT,臣善主等。得今月六日九日二道飛驛奏状。具知漂苦廻着肥前國也。使等忠貞之操。不敢告勞。蒙冒險難。廻渉蒼海。而事不諧偶。中路却廻。靖言念之。憂心何已。今案奏状。兩舶並已無完。必須改營。宜俟修造畢以遂渡海耳。第二第三等舶。未知平不。欝嗟乎懷。』又勅符大宰大貳藤原朝臣廣敏等。得今月十日飛驛奏。知遣唐使第一第四
E486,E068,P233,AT_LOCATION,臣善主等。得今月六日九日二道飛驛奏状。具知漂苦廻着肥前國也。使等忠貞之操。不敢告勞。蒙冒險難。廻渉蒼海。而事不諧偶。中路却廻。靖言念之。憂心何已。今案奏状。兩舶並已無完。必須改營。宜俟修造畢以遂渡海耳。第二第三等舶。未知平不。欝嗟乎懷。』又勅符大宰大貳藤原朝臣廣敏等。得今月十日飛驛奏。知遣唐使第一第四
E487,P051,P233,TRAVEL,臣善主等。得今月六日九日二道飛驛奏状。具知漂苦廻着肥前國也。使等忠貞之操。不敢告勞。蒙冒險難。廻渉蒼海。而事不諧偶。中路却廻。靖言念之。憂心何已。今案奏状。兩舶並已無完。必須改營。宜俟修造畢以遂渡海耳。第二第三等舶。未知平不。欝嗟乎懷。』又勅符大宰大貳藤原朝臣廣敏等。得今月十日飛驛奏。知遣唐使第一第四
E488,E069,L228,AT_LOCATION,"定。
十四日。州押衙來於舶上問舶上之人數。旦歸村家。邵村勾當王訓等來相看。便聞本國相公等九隻船。先從廬山過海。遇逆風。更流著於廬山。以來之泊。入夜雷鳴洪雨。
十五日朝。雲色騷亂。雲雨"
E489,E070,P243,HAS_SUBJECT,灯修行賢大法師位。親王、心自為、真言宗義、師資相伝、猶有不通。凡在此間、難可質疑。況復、観電露之遂空、顧形骸之早弃、苦求入唐、了悟幽旨、乃至、庶幾尋法天竺。貞観三年、上表曰。真如出家以降、四十余年。企三菩
E490,E071,P206,HAS_SUBJECT,々〉。」去大同五年、廃皇太子。親王帰命覚路、混形沙門、名曰真如、住東大寺。親王、機識明敏、学渉内外、聴受領悟、罕見其人。稟受三論宗義於律師道詮、稍通大義。又真言密教、究竟秘奥。門弟子之成熟者聚、僧正壱演為其上首。詔授伝灯修行賢大法師位。親王、心自為、真言宗義、師資相伝、猶有不通。凡在此間、難可質疑。況復、観電露之遂空、顧形骸之早弃、苦求入唐
E491,E071,P031,HAS_OBJECT,々〉。」去大同五年、廃皇太子。親王帰命覚路、混形沙門、名曰真如、住東大寺。親王、機識明敏、学渉内外、聴受領悟、罕見其人。稟受三論宗義於律師道詮、稍通大義。又真言密教、究竟秘奥。門弟子之成熟者聚、僧正壱演為其上首。詔授伝灯修行賢大法師位。親王、心自為、真言宗義、師資相伝、猶有不通。凡在此間、難可質疑。況復、観電露之遂空、顧形骸之早弃、苦求入唐
E492,E071,L049,AT_LOCATION,々〉。」去大同五年、廃皇太子。親王帰命覚路、混形沙門、名曰真如、住東大寺。親王、機識明敏、学渉内外、聴受領悟、罕見其人。稟受三論宗義於律師道詮、稍通大義。又真言密教、究竟秘奥。門弟子之成熟者聚、僧正壱演為其上首。詔授伝灯修行賢大法師位。親王、心自為、真言宗義、師資相伝、猶有不通。凡在此間、難可質疑。況復、観電露之遂空、顧形骸之早弃、苦求入唐
E493,P206,P031,LEARN,々〉。」去大同五年、廃皇太子。親王帰命覚路、混形沙門、名曰真如、住東大寺。親王、機識明敏、学渉内外、聴受領悟、罕見其人。稟受三論宗義於律師道詮、稍通大義。又真言密教、究竟秘奥。門弟子之成熟者聚、僧正壱演為其上首。詔授伝灯修行賢大法師位。親王、心自為、真言宗義、師資相伝、猶有不通。凡在此間、難可質疑。況復、観電露之遂空、顧形骸之早弃、苦求入唐
E494,P206,L049,LEARN,々〉。」去大同五年、廃皇太子。親王帰命覚路、混形沙門、名曰真如、住東大寺。親王、機識明敏、学渉内外、聴受領悟、罕見其人。稟受三論宗義於律師道詮、稍通大義。又真言密教、究竟秘奥。門弟子之成熟者聚、僧正壱演為其上首。詔授伝灯修行賢大法師位。親王、心自為、真言宗義、師資相伝、猶有不通。凡在此間、難可質疑。況復、観電露之遂空、顧形骸之早弃、苦求入唐
E495,E072,L115,AT_LOCATION,附朝唐賀正之使。令尋靈仙所在將送其金。待使復佇付金否。而隔海程途。過期不返。後年朝唐使人却廻之日。方知前年使等從海却歸。到塗里浦。疾風暴起。皆悉陷沒。亦悉往五臺覓靈仙。送金之時。靈仙遷化。不得付与。其金同陷沒。以此其後文矩入覲。啓中縷陳事由。冀達天皇。文矩不遂覲礼。將啓却歸。今再述失金事由。故遣賀福延輸申誠志。伏望體悉。』又中
E496,E073,P153,HAS_SUBJECT,。文矩不遂覲礼。將啓却歸。今再述失金事由。故遣賀福延輸申誠志。伏望體悉。』又中臺省牒曰。渤海國中臺省牒日本國太政官。應差入覲貴國使政堂省左允賀福延并行從一百五人。牒。奉處分。日域東遥。遼陽西阻。兩邦相去。万里
E497,E073,P154,AT_LOCATION,。文矩不遂覲礼。將啓却歸。今再述失金事由。故遣賀福延輸申誠志。伏望體悉。』又中臺省牒曰。渤海國中臺省牒日本國太政官。應差入覲貴國使政堂省左允賀福延并行從一百五人。牒。奉處分。日域東遥。遼陽西阻。兩邦相去。万里
E498,P153,P154,TRAVEL,。文矩不遂覲礼。將啓却歸。今再述失金事由。故遣賀福延輸申誠志。伏望體悉。』又中臺省牒曰。渤海國中臺省牒日本國太政官。應差入覲貴國使政堂省左允賀福延并行從一百五人。牒。奉處分。日域東遥。遼陽西阻。兩邦相去。万里
E499,E074,L052,HAS_SUBJECT,意。轉附朝唐賀正之使。令尋靈仙所在將送其金。待使復佇付金否。而隔海程途。過期不返。後年朝唐使人却廻之日。方知前年使等從海却歸。到塗里浦。疾風暴起。皆悉陷沒。亦悉往五臺覓靈仙。送金之時。靈仙遷化。不得付与。其金同陷沒。以此其後文矩入覲。啓中縷陳事由。冀達天皇。文矩不遂覲礼。將啓却歸。今再述失金事由。故遣賀福延輸申誠志。伏望體
E500,E074,L115,AT_LOCATION,意。轉附朝唐賀正之使。令尋靈仙所在將送其金。待使復佇付金否。而隔海程途。過期不返。後年朝唐使人却廻之日。方知前年使等從海却歸。到塗里浦。疾風暴起。皆悉陷沒。亦悉往五臺覓靈仙。送金之時。靈仙遷化。不得付与。其金同陷沒。以此其後文矩入覲。啓中縷陳事由。冀達天皇。文矩不遂覲礼。將啓却歸。今再述失金事由。故遣賀福延輸申誠志。伏望體
E501,L052,L115,TRAVEL,意。轉附朝唐賀正之使。令尋靈仙所在將送其金。待使復佇付金否。而隔海程途。過期不返。後年朝唐使人却廻之日。方知前年使等從海却歸。到塗里浦。疾風暴起。皆悉陷沒。亦悉往五臺覓靈仙。送金之時。靈仙遷化。不得付与。其金同陷沒。以此其後文矩入覲。啓中縷陳事由。冀達天皇。文矩不遂覲礼。將啓却歸。今再述失金事由。故遣賀福延輸申誠志。伏望體
E502,E075,P122,HAS_SUBJECT,亦悉往五臺覓靈仙。送金之時。靈仙遷化。不得付与。其金同陷沒。以此其後文矩入覲。啓中縷陳事由。冀達天皇。文矩不遂覲礼。將啓却歸。今再述失金事由。故遣賀福延輸申誠志。伏望體悉。』又中臺省牒曰。渤海國中臺省牒日本國太政官。應差入覲貴國使政堂省左允賀福延并行從一百五人。牒。奉處分。日域東遥。遼陽西阻。兩邦相去。万里
E503,E075,L249,AT_LOCATION,亦悉往五臺覓靈仙。送金之時。靈仙遷化。不得付与。其金同陷沒。以此其後文矩入覲。啓中縷陳事由。冀達天皇。文矩不遂覲礼。將啓却歸。今再述失金事由。故遣賀福延輸申誠志。伏望體悉。』又中臺省牒曰。渤海國中臺省牒日本國太政官。應差入覲貴國使政堂省左允賀福延并行從一百五人。牒。奉處分。日域東遥。遼陽西阻。兩邦相去。万里
E504,P122,L249,TRAVEL,亦悉往五臺覓靈仙。送金之時。靈仙遷化。不得付与。其金同陷沒。以此其後文矩入覲。啓中縷陳事由。冀達天皇。文矩不遂覲礼。將啓却歸。今再述失金事由。故遣賀福延輸申誠志。伏望體悉。』又中臺省牒曰。渤海國中臺省牒日本國太政官。應差入覲貴國使政堂省左允賀福延并行從一百五人。牒。奉處分。日域東遥。遼陽西阻。兩邦相去。万里
E505,E076,P170,HAS_SUBJECT,睿意。轉附朝唐賀正之使。令尋靈仙所在將送其金。待使復佇付金否。而隔海程途。過期不返。後年朝唐使人却廻之日。方知前年使等從海却歸。到塗里浦。疾風暴起。皆悉陷沒。亦悉往五臺覓靈仙。送金之時。靈仙遷化。不得付与。其金同陷沒。以此其後文矩入覲。啓中縷陳事由。冀達天皇。文矩不遂覲礼。將啓却歸。今再述失金事由。
E506,E076,L115,AT_LOCATION,睿意。轉附朝唐賀正之使。令尋靈仙所在將送其金。待使復佇付金否。而隔海程途。過期不返。後年朝唐使人却廻之日。方知前年使等從海却歸。到塗里浦。疾風暴起。皆悉陷沒。亦悉往五臺覓靈仙。送金之時。靈仙遷化。不得付与。其金同陷沒。以此其後文矩入覲。啓中縷陳事由。冀達天皇。文矩不遂覲礼。將啓却歸。今再述失金事由。
E507,P170,L115,TRAVEL,睿意。轉附朝唐賀正之使。令尋靈仙所在將送其金。待使復佇付金否。而隔海程途。過期不返。後年朝唐使人却廻之日。方知前年使等從海却歸。到塗里浦。疾風暴起。皆悉陷沒。亦悉往五臺覓靈仙。送金之時。靈仙遷化。不得付与。其金同陷沒。以此其後文矩入覲。啓中縷陳事由。冀達天皇。文矩不遂覲礼。將啓却歸。今再述失金事由。
E508,E077,P082,HAS_SUBJECT,惣持院。興隆佛法。於是。勅惣持院安置十四僧。永令修法。仁壽四年四月勅以圓仁爲廷暦寺座主。齊衡三年三月天皇屈圓仁於冷然院。受兩部潅頂。天安二年八月天皇崩。十二月皇太子履祚。明年天皇屈圓仁於内裏。受菩薩戒。貞觀二年五月淳和太后請諸寺名徳於院裏。六ケ日間。講法華經。解坐之後。請留圓仁。受菩薩大戒。奉太后法名稱良祚。三年六月太皇太后藤原
E509,E077,L064,AT_LOCATION,惣持院。興隆佛法。於是。勅惣持院安置十四僧。永令修法。仁壽四年四月勅以圓仁爲廷暦寺座主。齊衡三年三月天皇屈圓仁於冷然院。受兩部潅頂。天安二年八月天皇崩。十二月皇太子履祚。明年天皇屈圓仁於内裏。受菩薩戒。貞觀二年五月淳和太后請諸寺名徳於院裏。六ケ日間。講法華經。解坐之後。請留圓仁。受菩薩大戒。奉太后法名稱良祚。三年六月太皇太后藤原
E510,P082,L064,LEARN,惣持院。興隆佛法。於是。勅惣持院安置十四僧。永令修法。仁壽四年四月勅以圓仁爲廷暦寺座主。齊衡三年三月天皇屈圓仁於冷然院。受兩部潅頂。天安二年八月天皇崩。十二月皇太子履祚。明年天皇屈圓仁於内裏。受菩薩戒。貞觀二年五月淳和太后請諸寺名徳於院裏。六ケ日間。講法華經。解坐之後。請留圓仁。受菩薩大戒。奉太后法名稱良祚。三年六月太皇太后藤原
E511,E079,P082,HAS_SUBJECT,仁爲廷暦寺座主。齊衡三年三月天皇屈圓仁於冷然院。受兩部潅頂。天安二年八月天皇崩。十二月皇太子履祚。明年天皇屈圓仁於内裏。受菩薩戒。貞觀二年五月淳和太后請諸寺名徳於院裏。六ケ日間。講法華經。解坐之後。請留圓仁。受菩薩大戒。奉太后法名稱良祚。三年六月太皇太后藤原氏。請僧綱名僧於五條宮。四ケ日間。講
E512,E079,L020,AT_LOCATION,仁爲廷暦寺座主。齊衡三年三月天皇屈圓仁於冷然院。受兩部潅頂。天安二年八月天皇崩。十二月皇太子履祚。明年天皇屈圓仁於内裏。受菩薩戒。貞觀二年五月淳和太后請諸寺名徳於院裏。六ケ日間。講法華經。解坐之後。請留圓仁。受菩薩大戒。奉太后法名稱良祚。三年六月太皇太后藤原氏。請僧綱名僧於五條宮。四ケ日間。講
E513,P082,L020,LEARN,仁爲廷暦寺座主。齊衡三年三月天皇屈圓仁於冷然院。受兩部潅頂。天安二年八月天皇崩。十二月皇太子履祚。明年天皇屈圓仁於内裏。受菩薩戒。貞觀二年五月淳和太后請諸寺名徳於院裏。六ケ日間。講法華經。解坐之後。請留圓仁。受菩薩大戒。奉太后法名稱良祚。三年六月太皇太后藤原氏。請僧綱名僧於五條宮。四ケ日間。講
E514,E080,P082,HAS_SUBJECT,太子履祚。明年天皇屈圓仁於内裏。受菩薩戒。貞觀二年五月淳和太后請諸寺名徳於院裏。六ケ日間。講法華經。解坐之後。請留圓仁。受菩薩大戒。奉太后法名稱良祚。三年六月太皇太后藤原氏。請僧綱名僧於五條宮。四ケ日間。講
E515,E080,L080,AT_LOCATION,太子履祚。明年天皇屈圓仁於内裏。受菩薩戒。貞觀二年五月淳和太后請諸寺名徳於院裏。六ケ日間。講法華經。解坐之後。請留圓仁。受菩薩大戒。奉太后法名稱良祚。三年六月太皇太后藤原氏。請僧綱名僧於五條宮。四ケ日間。講
E516,P082,L080,LEARN,太子履祚。明年天皇屈圓仁於内裏。受菩薩戒。貞觀二年五月淳和太后請諸寺名徳於院裏。六ケ日間。講法華經。解坐之後。請留圓仁。受菩薩大戒。奉太后法名稱良祚。三年六月太皇太后藤原氏。請僧綱名僧於五條宮。四ケ日間。講
E517,E081,P048,HAS_SUBJECT,月勅以圓仁爲廷暦寺座主。齊衡三年三月天皇屈圓仁於冷然院。受兩部潅頂。天安二年八月天皇崩。十二月皇太子履祚。明年天皇屈圓仁於内裏。受菩薩戒。貞觀二年五月淳和太后請諸寺名徳於院裏。六ケ日間。講法華經。解坐之後。請留圓仁。受菩薩大戒。奉太后法名稱良祚。三年六月太皇太后藤原氏。請僧綱名僧於五條宮。四ケ日間。講
E518,E081,L020,AT_LOCATION,月勅以圓仁爲廷暦寺座主。齊衡三年三月天皇屈圓仁於冷然院。受兩部潅頂。天安二年八月天皇崩。十二月皇太子履祚。明年天皇屈圓仁於内裏。受菩薩戒。貞觀二年五月淳和太后請諸寺名徳於院裏。六ケ日間。講法華經。解坐之後。請留圓仁。受菩薩大戒。奉太后法名稱良祚。三年六月太皇太后藤原氏。請僧綱名僧於五條宮。四ケ日間。講
E519,P048,L020,LEARN,月勅以圓仁爲廷暦寺座主。齊衡三年三月天皇屈圓仁於冷然院。受兩部潅頂。天安二年八月天皇崩。十二月皇太子履祚。明年天皇屈圓仁於内裏。受菩薩戒。貞觀二年五月淳和太后請諸寺名徳於院裏。六ケ日間。講法華經。解坐之後。請留圓仁。受菩薩大戒。奉太后法名稱良祚。三年六月太皇太后藤原氏。請僧綱名僧於五條宮。四ケ日間。講
E520,E082,L313,AT_LOCATION,大宰府博太津頭始上船。到於肥前國松浦郡遠値嘉島那留浦。而船主李處人等。弃唐來舊船。便採島裏楠木。更新織作船舶。三箇月日。其功巳訖。秋八月二十四日午後。上帆過太陽海入唐。〈得正東風六箇日夜法〔流歟〕著大唐温州樂城縣玉留鎭府前頭。〉經五箇年。
E521,E083,L131,AT_LOCATION,舊船。便採島裏楠木。更新織作船舶。三箇月日。其功巳訖。秋八月二十四日午後。上帆過太陽海入唐。〈得正東風六箇日夜法〔流歟〕著大唐温州樂城縣玉留鎭府前頭。〉經五箇年。巡禮求學。承和十四年。卽大唐大中二年〈歳次丁卯〉夏六月二十二日。乗唐張支信元浄等之船。從明州望海鎭頭上帆。〈得西南風三箇日夜。纔歸著遠値嘉島那留浦。纔入浦口。風卽止。學船歎云
E522,E084,P224,HAS_SUBJECT,承和十四年。卽大唐大中二年〈歳次丁卯〉夏六月二十二日。乗唐張支信元浄等之船。從明州望海鎭頭上帆。〈得西南風三箇日夜。纔歸著遠値嘉島那留浦。纔入浦口。風卽止。學船歎云奇快。〉旋歸本朝。其取來儀軌經論佛像祖師像曼荼羅道
E523,E084,L279,AT_LOCATION,承和十四年。卽大唐大中二年〈歳次丁卯〉夏六月二十二日。乗唐張支信元浄等之船。從明州望海鎭頭上帆。〈得西南風三箇日夜。纔歸著遠値嘉島那留浦。纔入浦口。風卽止。學船歎云奇快。〉旋歸本朝。其取來儀軌經論佛像祖師像曼荼羅道
E524,P224,L279,TRAVEL,承和十四年。卽大唐大中二年〈歳次丁卯〉夏六月二十二日。乗唐張支信元浄等之船。從明州望海鎭頭上帆。〈得西南風三箇日夜。纔歸著遠値嘉島那留浦。纔入浦口。風卽止。學船歎云奇快。〉旋歸本朝。其取來儀軌經論佛像祖師像曼荼羅道
E525,E085,L306,HAS_SUBJECT,嘉島那留浦。而船主李處人等。弃唐來舊船。便採島裏楠木。更新織作船舶。三箇月日。其功巳訖。秋八月二十四日午後。上帆過太陽海入唐。〈得正東風六箇日夜法〔流歟〕著大唐温州樂城縣玉留鎭府前頭。〉經五箇年。巡禮求學。承和十四年。卽大唐大中二年〈歳次丁卯〉夏六月二十二日。乗唐張支信元浄等之船。從明州望海鎭頭上帆。〈得西南風三箇日夜。纔
E526,E085,L131,AT_LOCATION,嘉島那留浦。而船主李處人等。弃唐來舊船。便採島裏楠木。更新織作船舶。三箇月日。其功巳訖。秋八月二十四日午後。上帆過太陽海入唐。〈得正東風六箇日夜法〔流歟〕著大唐温州樂城縣玉留鎭府前頭。〉經五箇年。巡禮求學。承和十四年。卽大唐大中二年〈歳次丁卯〉夏六月二十二日。乗唐張支信元浄等之船。從明州望海鎭頭上帆。〈得西南風三箇日夜。纔
E527,L306,L131,TRAVEL,嘉島那留浦。而船主李處人等。弃唐來舊船。便採島裏楠木。更新織作船舶。三箇月日。其功巳訖。秋八月二十四日午後。上帆過太陽海入唐。〈得正東風六箇日夜法〔流歟〕著大唐温州樂城縣玉留鎭府前頭。〉經五箇年。巡禮求學。承和十四年。卽大唐大中二年〈歳次丁卯〉夏六月二十二日。乗唐張支信元浄等之船。從明州望海鎭頭上帆。〈得西南風三箇日夜。纔
E528,E086,L279,AT_LOCATION,。承和十四年。卽大唐大中二年〈歳次丁卯〉夏六月二十二日。乗唐張支信元浄等之船。從明州望海鎭頭上帆。〈得西南風三箇日夜。纔歸著遠値嘉島那留浦。纔入浦口。風卽止。學船歎云奇快。〉旋歸本朝。其取來儀軌經論佛像祖師像曼荼羅道
E529,E087,L314,AT_LOCATION,乗唐張支信元浄等之船。從明州望海鎭頭上帆。〈得西南風三箇日夜。纔歸著遠値嘉島那留浦。纔入浦口。風卽止。學船歎云奇快。〉旋歸本朝。其取來儀軌經論佛像祖師像曼荼羅道
E530,E088,L314,AT_LOCATION,元浄等之船。從明州望海鎭頭上帆。〈得西南風三箇日夜。纔歸著遠値嘉島那留浦。纔入浦口。風卽止。學船歎云奇快。〉旋歸本朝。其取來儀軌經論佛像祖師像曼荼羅道
E531,E090,L047,HAS_SUBJECT,"審到處。即量風勢。定着新羅。仍遣兵部省少丞正六位上大伴宿禰岑萬里等尋訪。若有漂着。宜隨事資給。令得還郷。不到彼堺。冀遣使入唐。訪覓具報。
壬辰。遊獵北野。
癸巳。丹波国言。依格。差勳位衛護府庫。而白丁之徭。唯卅日。勳位所直。百□日。有位白丁。勞逸不均者。制。宜以白丁爲健兒。
甲午。"
E532,E091,L047,HAS_SUBJECT,"宿禰岑萬里於新羅国。太政官牒曰。遣使唐国。脩聘之状。去年令大宰府送消息訖。時無風信。遂變炎凉。去七月初。四船入海。而兩船遭風漂廻。二船未審到處。即量風勢。定着新羅。仍遣兵部省少丞正六位上大伴宿禰岑萬里等尋訪。若有漂着。宜隨事資給。令得還郷。不到彼堺。冀遣使入唐。訪覓具報。
壬辰。遊獵北野。
癸巳。丹波国言。依格。差勳位衛護"
E533,E092,L047,HAS_SUBJECT,"岑萬里於新羅国。太政官牒曰。遣使唐国。脩聘之状。去年令大宰府送消息訖。時無風信。遂變炎凉。去七月初。四船入海。而兩船遭風漂廻。二船未審到處。即量風勢。定着新羅。仍遣兵部省少丞正六位上大伴宿禰岑萬里等尋訪。若有漂着。宜隨事資給。令得還郷。不到彼堺。冀遣使入唐。訪覓具報。
壬辰。遊獵北野。
癸巳。丹波国言。依格。差勳位衛護府庫"
E534,E093,L047,HAS_SUBJECT,"。去七月初。四船入海。而兩船遭風漂廻。二船未審到處。即量風勢。定着新羅。仍遣兵部省少丞正六位上大伴宿禰岑萬里等尋訪。若有漂着。宜隨事資給。令得還郷。不到彼堺。冀遣使入唐。訪覓具報。
壬辰。遊獵北野。
癸巳。丹波国言。依格。差勳位衛護府庫。而白丁之徭。唯卅日。勳位所直。百□日。有位白丁。勞逸不均者。制。宜以白丁爲健兒。
甲午"
E535,E094,P306,HAS_SUBJECT,養老二年歸朝。是時釋門之秀者唯法師及神叡法師二人而已。著述愚志一卷論僧尼之事。其略曰。今察日本素緇行佛法軌模全異大唐道俗傳聖教法則。若順經典。能護國土。如違憲章。不利人民。一國佛法。万家修善。何用虚設。豈不愼乎。
E536,E095,P139,HAS_SUBJECT,"定、永伝聖朝。山林精進、遠勧塵劫。許之。
（『類聚国史』一七九諸宗・『日本紀略』）癸亥。伝灯大法師位最澄卒。云々。延暦末入唐請益。皇太子■事陸淳左降台州刺史。会屈天台宗道■和尚為"
E537,E095,L014,AT_LOCATION,"定、永伝聖朝。山林精進、遠勧塵劫。許之。
（『類聚国史』一七九諸宗・『日本紀略』）癸亥。伝灯大法師位最澄卒。云々。延暦末入唐請益。皇太子■事陸淳左降台州刺史。会屈天台宗道■和尚為"
E538,P139,L014,TRAVEL,"定、永伝聖朝。山林精進、遠勧塵劫。許之。
（『類聚国史』一七九諸宗・『日本紀略』）癸亥。伝灯大法師位最澄卒。云々。延暦末入唐請益。皇太子■事陸淳左降台州刺史。会屈天台宗道■和尚為"
E539,E096,P235,HAS_SUBJECT,"。五月到渤海界。適遇其王大欽茂差使。欲聘我朝。即時同發。及渡沸海。渤海一船遇浪傾覆。大使胥要徳等■人沒死。廣成等率遣衆。到著出羽國。
十二月戊辰。渤海使己珎蒙等拜朝。上其王啓并方物。其詞曰。欽茂啓。山河杳絶。國土夐遥。佇望風猷。唯増傾仰。伏惟。天皇聖叡。至徳遐暢。奕葉重光。澤流萬姓。欽茂忝繼祖業。濫惣如始。義洽情深。毎脩隣好。今"
E540,E096,P247,AT_LOCATION,"。五月到渤海界。適遇其王大欽茂差使。欲聘我朝。即時同發。及渡沸海。渤海一船遇浪傾覆。大使胥要徳等■人沒死。廣成等率遣衆。到著出羽國。
十二月戊辰。渤海使己珎蒙等拜朝。上其王啓并方物。其詞曰。欽茂啓。山河杳絶。國土夐遥。佇望風猷。唯増傾仰。伏惟。天皇聖叡。至徳遐暢。奕葉重光。澤流萬姓。欽茂忝繼祖業。濫惣如始。義洽情深。毎脩隣好。今"
E541,P235,P247,TRAVEL,"。五月到渤海界。適遇其王大欽茂差使。欲聘我朝。即時同發。及渡沸海。渤海一船遇浪傾覆。大使胥要徳等■人沒死。廣成等率遣衆。到著出羽國。
十二月戊辰。渤海使己珎蒙等拜朝。上其王啓并方物。其詞曰。欽茂啓。山河杳絶。國土夐遥。佇望風猷。唯増傾仰。伏惟。天皇聖叡。至徳遐暢。奕葉重光。澤流萬姓。欽茂忝繼祖業。濫惣如始。義洽情深。毎脩隣好。今"
E542,E097,L076,HAS_SUBJECT,"歸唐國。逢本朝學生阿倍仲滿。便奏得入朝。請取渤海路歸朝。天子許之。給船粮發遣。十年三月。從登州入海。五月到渤海界。適遇其王大欽茂差使。欲聘我朝。即時同發。及渡沸海。渤海一船遇浪傾覆。大使胥要徳等■人沒死。廣成等率遣衆。到著出羽國。
十二月戊辰。渤海使己珎"
E543,E097,L263,AT_LOCATION,"歸唐國。逢本朝學生阿倍仲滿。便奏得入朝。請取渤海路歸朝。天子許之。給船粮發遣。十年三月。從登州入海。五月到渤海界。適遇其王大欽茂差使。欲聘我朝。即時同發。及渡沸海。渤海一船遇浪傾覆。大使胥要徳等■人沒死。廣成等率遣衆。到著出羽國。
十二月戊辰。渤海使己珎"
E544,L076,L263,TRAVEL,"歸唐國。逢本朝學生阿倍仲滿。便奏得入朝。請取渤海路歸朝。天子許之。給船粮發遣。十年三月。從登州入海。五月到渤海界。適遇其王大欽茂差使。欲聘我朝。即時同發。及渡沸海。渤海一船遇浪傾覆。大使胥要徳等■人沒死。廣成等率遣衆。到著出羽國。
十二月戊辰。渤海使己珎"
E545,E098,L251,HAS_SUBJECT,"歸朝。天子許之。給船粮發遣。十年三月。從登州入海。五月到渤海界。適遇其王大欽茂差使。欲聘我朝。即時同發。及渡沸海。渤海一船遇浪傾覆。大使胥要徳等■人沒死。廣成等率遣衆。到著出羽國。
十二月戊辰。渤海使己珎蒙等拜朝。上其王啓并方物。其詞曰。欽茂啓。山河杳絶。國土夐遥。佇望風猷。唯増傾仰。伏惟。天皇聖叡。至徳遐暢。奕葉重光。澤流萬姓"
E546,E098,P247,AT_LOCATION,"歸朝。天子許之。給船粮發遣。十年三月。從登州入海。五月到渤海界。適遇其王大欽茂差使。欲聘我朝。即時同發。及渡沸海。渤海一船遇浪傾覆。大使胥要徳等■人沒死。廣成等率遣衆。到著出羽國。
十二月戊辰。渤海使己珎蒙等拜朝。上其王啓并方物。其詞曰。欽茂啓。山河杳絶。國土夐遥。佇望風猷。唯増傾仰。伏惟。天皇聖叡。至徳遐暢。奕葉重光。澤流萬姓"
E547,L251,P247,TRAVEL,"歸朝。天子許之。給船粮發遣。十年三月。從登州入海。五月到渤海界。適遇其王大欽茂差使。欲聘我朝。即時同發。及渡沸海。渤海一船遇浪傾覆。大使胥要徳等■人沒死。廣成等率遣衆。到著出羽國。
十二月戊辰。渤海使己珎蒙等拜朝。上其王啓并方物。其詞曰。欽茂啓。山河杳絶。國土夐遥。佇望風猷。唯増傾仰。伏惟。天皇聖叡。至徳遐暢。奕葉重光。澤流萬姓"
E548,E099,P110,HAS_SUBJECT,故書曰。人有礼則安、無礼則危。経曰。人能行礼、得生天上。是知、内経外書、以礼存立。故祖師法印大和尚位最澄、延暦末年、奉使入唐、求法事訖、臨廻請於当州公憑、且明州朝議郎使持節明州諸軍事守明州刺史上国柱■陽鄭審判則批判求法目録稱。最澄闍梨、性稟生知之才、来自礼儀之国。南登五台之嶺、窮智者之法門、西泛鏡湖之水、探潅頂之神秘。可謂
E549,E099,L222,AT_LOCATION,故書曰。人有礼則安、無礼則危。経曰。人能行礼、得生天上。是知、内経外書、以礼存立。故祖師法印大和尚位最澄、延暦末年、奉使入唐、求法事訖、臨廻請於当州公憑、且明州朝議郎使持節明州諸軍事守明州刺史上国柱■陽鄭審判則批判求法目録稱。最澄闍梨、性稟生知之才、来自礼儀之国。南登五台之嶺、窮智者之法門、西泛鏡湖之水、探潅頂之神秘。可謂
E550,P110,L222,TRAVEL,故書曰。人有礼則安、無礼則危。経曰。人能行礼、得生天上。是知、内経外書、以礼存立。故祖師法印大和尚位最澄、延暦末年、奉使入唐、求法事訖、臨廻請於当州公憑、且明州朝議郎使持節明州諸軍事守明州刺史上国柱■陽鄭審判則批判求法目録稱。最澄闍梨、性稟生知之才、来自礼儀之国。南登五台之嶺、窮智者之法門、西泛鏡湖之水、探潅頂之神秘。可謂
E551,E101,P168,HAS_SUBJECT,礼。故書曰。人有礼則安、無礼則危。経曰。人能行礼、得生天上。是知、内経外書、以礼存立。故祖師法印大和尚位最澄、延暦末年、奉使入唐、求法事訖、臨廻請於当州公憑、且明州朝議郎使持節明州諸軍事守明州刺史上国柱■陽鄭審判則批判求法目録稱。最澄闍梨、性稟生知之才、来自礼儀之国。南登五台之嶺、窮智者之法門、西泛鏡湖之水、探潅頂之神秘。可謂
E552,E101,L222,AT_LOCATION,礼。故書曰。人有礼則安、無礼則危。経曰。人能行礼、得生天上。是知、内経外書、以礼存立。故祖師法印大和尚位最澄、延暦末年、奉使入唐、求法事訖、臨廻請於当州公憑、且明州朝議郎使持節明州諸軍事守明州刺史上国柱■陽鄭審判則批判求法目録稱。最澄闍梨、性稟生知之才、来自礼儀之国。南登五台之嶺、窮智者之法門、西泛鏡湖之水、探潅頂之神秘。可謂
E553,P168,L222,TRAVEL,礼。故書曰。人有礼則安、無礼則危。経曰。人能行礼、得生天上。是知、内経外書、以礼存立。故祖師法印大和尚位最澄、延暦末年、奉使入唐、求法事訖、臨廻請於当州公憑、且明州朝議郎使持節明州諸軍事守明州刺史上国柱■陽鄭審判則批判求法目録稱。最澄闍梨、性稟生知之才、来自礼儀之国。南登五台之嶺、窮智者之法門、西泛鏡湖之水、探潅頂之神秘。可謂
E554,E102,P168,HAS_SUBJECT,刺史上国柱■陽鄭審判則批判求法目録稱。最澄闍梨、性稟生知之才、来自礼儀之国。南登五台之嶺、窮智者之法門、西泛鏡湖之水、探潅頂之神秘。可謂法門龍象、青蓮出池者。然則、西朝重我国家、稱為礼儀之郷。当寺法主大比叡小比叡両明神、陰陽不測、造化
E555,E102,L222,AT_LOCATION,刺史上国柱■陽鄭審判則批判求法目録稱。最澄闍梨、性稟生知之才、来自礼儀之国。南登五台之嶺、窮智者之法門、西泛鏡湖之水、探潅頂之神秘。可謂法門龍象、青蓮出池者。然則、西朝重我国家、稱為礼儀之郷。当寺法主大比叡小比叡両明神、陰陽不測、造化
E556,P168,L222,LEARN,刺史上国柱■陽鄭審判則批判求法目録稱。最澄闍梨、性稟生知之才、来自礼儀之国。南登五台之嶺、窮智者之法門、西泛鏡湖之水、探潅頂之神秘。可謂法門龍象、青蓮出池者。然則、西朝重我国家、稱為礼儀之郷。当寺法主大比叡小比叡両明神、陰陽不測、造化
E557,E103,P168,HAS_SUBJECT,州公憑、且明州朝議郎使持節明州諸軍事守明州刺史上国柱■陽鄭審判則批判求法目録稱。最澄闍梨、性稟生知之才、来自礼儀之国。南登五台之嶺、窮智者之法門、西泛鏡湖之水、探潅頂之神秘。可謂法門龍象、青蓮出池者。然則、西朝重我国家、稱為礼儀之郷。当寺法主大比叡小比叡両明神、陰陽不測、造化
E558,E103,L222,AT_LOCATION,州公憑、且明州朝議郎使持節明州諸軍事守明州刺史上国柱■陽鄭審判則批判求法目録稱。最澄闍梨、性稟生知之才、来自礼儀之国。南登五台之嶺、窮智者之法門、西泛鏡湖之水、探潅頂之神秘。可謂法門龍象、青蓮出池者。然則、西朝重我国家、稱為礼儀之郷。当寺法主大比叡小比叡両明神、陰陽不測、造化
E559,E104,G018,AT_LOCATION,衙官、酋長等。及瑀回，可汗獻馬五百匹、貂裘、白疊。八月，迴紇使王子骨啜特勤及宰相帝德等驍將三千人助國討逆。肅宗嘉其遠至，賜宴，命隨朔方行營使僕固懷恩押之。九月甲申，迴紇使大首領蓋將等謝公主下降，兼奏破堅昆五萬人，
E560,E105,P030,HAS_SUBJECT,"人粟田家繼到此寺。定畫佛處。
卅日早朝於迦毘羅神堂裏。始畫妙見[A8]菩薩四天王像。
十二月二日。本國留後官。為令惟正等受戒。更帖相"
E561,E105,L056,AT_LOCATION,"人粟田家繼到此寺。定畫佛處。
卅日早朝於迦毘羅神堂裏。始畫妙見[A8]菩薩四天王像。
十二月二日。本國留後官。為令惟正等受戒。更帖相"
E562,P030,L056,LEARN,"人粟田家繼到此寺。定畫佛處。
卅日早朝於迦毘羅神堂裏。始畫妙見[A8]菩薩四天王像。
十二月二日。本國留後官。為令惟正等受戒。更帖相"
E563,E106,P112,HAS_SUBJECT,五月於延暦寺。始修潅頂。官給一千僧供料。用内藏寮物。勅遣參議從四位下守右大弁伴宿祢善男検校。而飮誓水者一千餘人。同年七月詔以圓仁爲内供奉十禪師。三年三月天皇崩。四月皇太子即皇帝位。圓仁上奏言。除災致福。熾盛光華佛頂。是爲最
E564,E106,L161,AT_LOCATION,五月於延暦寺。始修潅頂。官給一千僧供料。用内藏寮物。勅遣參議從四位下守右大弁伴宿祢善男検校。而飮誓水者一千餘人。同年七月詔以圓仁爲内供奉十禪師。三年三月天皇崩。四月皇太子即皇帝位。圓仁上奏言。除災致福。熾盛光華佛頂。是爲最
E565,P112,L161,LEARN,五月於延暦寺。始修潅頂。官給一千僧供料。用内藏寮物。勅遣參議從四位下守右大弁伴宿祢善男検校。而飮誓水者一千餘人。同年七月詔以圓仁爲内供奉十禪師。三年三月天皇崩。四月皇太子即皇帝位。圓仁上奏言。除災致福。熾盛光華佛頂。是爲最
E566,E107,P256,HAS_SUBJECT,"從四位上藤原朝臣御楯第。宴飮。授御楯正四位上。其室從四位下。藤原惠美朝臣兒從正四位下。
甲子。迎藤原河清使高元度等至自唐國。初元度奉使之日。取渤海道。隨賀正使揚方慶等。往於唐國。事畢欲歸。兵仗樣。甲冑一具。伐刀一口。槍一竿。矢二隻分付元度。又有内使。宣勅曰。特進秘書監藤原河清。今依使奏。欲遣歸朝。唯恐殘賊未平。道路多難。"
E567,E107,L190,AT_LOCATION,"從四位上藤原朝臣御楯第。宴飮。授御楯正四位上。其室從四位下。藤原惠美朝臣兒從正四位下。
甲子。迎藤原河清使高元度等至自唐國。初元度奉使之日。取渤海道。隨賀正使揚方慶等。往於唐國。事畢欲歸。兵仗樣。甲冑一具。伐刀一口。槍一竿。矢二隻分付元度。又有内使。宣勅曰。特進秘書監藤原河清。今依使奏。欲遣歸朝。唯恐殘賊未平。道路多難。"
E568,P256,L190,TRAVEL,"從四位上藤原朝臣御楯第。宴飮。授御楯正四位上。其室從四位下。藤原惠美朝臣兒從正四位下。
甲子。迎藤原河清使高元度等至自唐國。初元度奉使之日。取渤海道。隨賀正使揚方慶等。往於唐國。事畢欲歸。兵仗樣。甲冑一具。伐刀一口。槍一竿。矢二隻分付元度。又有内使。宣勅曰。特進秘書監藤原河清。今依使奏。欲遣歸朝。唯恐殘賊未平。道路多難。"
E569,E108,P028,HAS_SUBJECT,唐國。事畢欲歸。兵仗樣。甲冑一具。伐刀一口。槍一竿。矢二隻分付元度。又有内使。宣勅曰。特進秘書監藤原河清。今依使奏。欲遣歸朝。唯恐殘賊未平。道路多難。元度宜取南路先歸復命。即令中謁者謝時和押領元度等向蘇州。与刺史李■平章。造船一隻長八丈。并差押水手官越州浦陽府折衝賞紫金魚袋沈惟岳等九人水
E570,E108,L081,AT_LOCATION,唐國。事畢欲歸。兵仗樣。甲冑一具。伐刀一口。槍一竿。矢二隻分付元度。又有内使。宣勅曰。特進秘書監藤原河清。今依使奏。欲遣歸朝。唯恐殘賊未平。道路多難。元度宜取南路先歸復命。即令中謁者謝時和押領元度等向蘇州。与刺史李■平章。造船一隻長八丈。并差押水手官越州浦陽府折衝賞紫金魚袋沈惟岳等九人水
E571,P028,L081,TRAVEL,唐國。事畢欲歸。兵仗樣。甲冑一具。伐刀一口。槍一竿。矢二隻分付元度。又有内使。宣勅曰。特進秘書監藤原河清。今依使奏。欲遣歸朝。唯恐殘賊未平。道路多難。元度宜取南路先歸復命。即令中謁者謝時和押領元度等向蘇州。与刺史李■平章。造船一隻長八丈。并差押水手官越州浦陽府折衝賞紫金魚袋沈惟岳等九人水
E572,E109,L285,AT_LOCATION,"從四位上藤原朝臣御楯第。宴飮。授御楯正四位上。其室從四位下。藤原惠美朝臣兒從正四位下。
甲子。迎藤原河清使高元度等至自唐國。初元度奉使之日。取渤海道。隨賀正使揚方慶等。往於唐國。事畢欲歸。兵仗樣。甲冑一具。伐刀一口。槍一竿。矢二隻分付元度。又有"
E573,E110,L285,AT_LOCATION,"從四位上藤原朝臣御楯第。宴飮。授御楯正四位上。其室從四位下。藤原惠美朝臣兒從正四位下。
甲子。迎藤原河清使高元度等至自唐國。初元度奉使之日。取渤海道。隨賀正使揚方慶等。往於唐國。事畢欲歸。兵仗樣。甲冑一具。伐刀一口。槍一竿。矢二隻分付元度。又有"
E574,E113,P157,HAS_SUBJECT,"本位外從五位下。
癸巳。授无位藤原朝臣今女從五位下。
乙未。遣唐使第三船到泊肥前國松浦郡橘浦。判官勅旨大丞正六位上兼下総權介小野朝臣滋野上奏言。臣滋野等。去寳龜八年六月廿四日。候風入海。七月三日。与第一船同到揚州海陵縣。八月廿九日。到揚州大都督府。即依式例安置供給。得觀察使兼長史陳少遊處分。"
E575,E113,L243,AT_LOCATION,"本位外從五位下。
癸巳。授无位藤原朝臣今女從五位下。
乙未。遣唐使第三船到泊肥前國松浦郡橘浦。判官勅旨大丞正六位上兼下総權介小野朝臣滋野上奏言。臣滋野等。去寳龜八年六月廿四日。候風入海。七月三日。与第一船同到揚州海陵縣。八月廿九日。到揚州大都督府。即依式例安置供給。得觀察使兼長史陳少遊處分。"
E576,P157,L243,TRAVEL,"本位外從五位下。
癸巳。授无位藤原朝臣今女從五位下。
乙未。遣唐使第三船到泊肥前國松浦郡橘浦。判官勅旨大丞正六位上兼下総權介小野朝臣滋野上奏言。臣滋野等。去寳龜八年六月廿四日。候風入海。七月三日。与第一船同到揚州海陵縣。八月廿九日。到揚州大都督府。即依式例安置供給。得觀察使兼長史陳少遊處分。"
E577,E114,P185,HAS_SUBJECT,郡橘浦。判官勅旨大丞正六位上兼下総權介小野朝臣滋野上奏言。臣滋野等。去寳龜八年六月廿四日。候風入海。七月三日。与第一船同到揚州海陵縣。八月廿九日。到揚州大都督府。即依式例安置供給。得觀察使兼長史陳少遊處分。属祿山亂。常館彫弊。入京使人。仰限六十人。以來十月十五日。臣等八十五人發州入京。行百餘里。忽據中書門下牒。■節人數。限以廿人。
E578,E114,L006,AT_LOCATION,郡橘浦。判官勅旨大丞正六位上兼下総權介小野朝臣滋野上奏言。臣滋野等。去寳龜八年六月廿四日。候風入海。七月三日。与第一船同到揚州海陵縣。八月廿九日。到揚州大都督府。即依式例安置供給。得觀察使兼長史陳少遊處分。属祿山亂。常館彫弊。入京使人。仰限六十人。以來十月十五日。臣等八十五人發州入京。行百餘里。忽據中書門下牒。■節人數。限以廿人。
E579,P185,L006,TRAVEL,郡橘浦。判官勅旨大丞正六位上兼下総權介小野朝臣滋野上奏言。臣滋野等。去寳龜八年六月廿四日。候風入海。七月三日。与第一船同到揚州海陵縣。八月廿九日。到揚州大都督府。即依式例安置供給。得觀察使兼長史陳少遊處分。属祿山亂。常館彫弊。入京使人。仰限六十人。以來十月十五日。臣等八十五人發州入京。行百餘里。忽據中書門下牒。■節人數。限以廿人。
E580,E115,P185,HAS_SUBJECT,上兼下総權介小野朝臣滋野上奏言。臣滋野等。去寳龜八年六月廿四日。候風入海。七月三日。与第一船同到揚州海陵縣。八月廿九日。到揚州大都督府。即依式例安置供給。得觀察使兼長史陳少遊處分。属祿山亂。常館彫弊。入京使人。仰限六十人。以來十月十五日。臣等八十五人發州入京。行百餘里。忽據中書門下牒。■節人數。限以廿人。臣等請。更加廿三人。持節副使
E581,E115,L170,AT_LOCATION,上兼下総權介小野朝臣滋野上奏言。臣滋野等。去寳龜八年六月廿四日。候風入海。七月三日。与第一船同到揚州海陵縣。八月廿九日。到揚州大都督府。即依式例安置供給。得觀察使兼長史陳少遊處分。属祿山亂。常館彫弊。入京使人。仰限六十人。以來十月十五日。臣等八十五人發州入京。行百餘里。忽據中書門下牒。■節人數。限以廿人。臣等請。更加廿三人。持節副使
E582,P185,L170,TRAVEL,上兼下総權介小野朝臣滋野上奏言。臣滋野等。去寳龜八年六月廿四日。候風入海。七月三日。与第一船同到揚州海陵縣。八月廿九日。到揚州大都督府。即依式例安置供給。得觀察使兼長史陳少遊處分。属祿山亂。常館彫弊。入京使人。仰限六十人。以來十月十五日。臣等八十五人發州入京。行百餘里。忽據中書門下牒。■節人數。限以廿人。臣等請。更加廿三人。持節副使
E583,E116,L243,AT_LOCATION,"本位外從五位下。
癸巳。授无位藤原朝臣今女從五位下。
乙未。遣唐使第三船到泊肥前國松浦郡橘浦。判官勅旨大丞正六位上兼下総權介小野朝臣滋野上奏言。臣滋野等。去寳龜八年六月廿四日。候風入海。七月三日。与第一船同到揚州海陵縣。八月廿九日。到揚州大都督府。即"
E584,E117,L243,AT_LOCATION,"本位外從五位下。
癸巳。授无位藤原朝臣今女從五位下。
乙未。遣唐使第三船到泊肥前國松浦郡橘浦。判官勅旨大丞正六位上兼下総權介小野朝臣滋野上奏言。臣滋野等。去寳龜八年六月廿四日。候風入海。七月三日。与第一船同到揚州海陵縣。八月廿九日。到揚州大都督府。即"
E585,E119,L059,HAS_SUBJECT,他郷。可贈正二位。河清、贈太政大臣房前之第四子也。天平勝宝四年、以参議民部卿、為聘唐大使、天宝十二載、与留学生阿衡、同舟帰朝、海路逢風、漂泊安南。天平宝字三年、遣散位助高元度等於唐国、迎河清。唐朝乱故、元度等久不得朝見勅云。河清、是本国貴族、朕所鍾愛。故且留之、不許放還。待国家寧定、差使発遣。元度等経年不帰、本朝為恠。宜取
E586,E120,L059,HAS_SUBJECT,"後紀卷第十一逸文桓武天皇　日本根子皇統彌照天皇

丁巳。入唐大使贈従二位藤原朝臣河清、銜命先朝、修聘唐国、既而帰舳迷津、漂蕩物故於他郷。可贈正二位。河清、贈太政大臣房前之第四子也。天平勝宝四年、以参議民部卿、為聘唐大使、天宝十二載、与留学生阿衡、同舟帰朝、海路逢風、漂泊安南。天平宝字三年、遣散位助高元度等於唐国、迎河清。唐"
E587,E122,P304,HAS_SUBJECT,使之行。左右建旗。亦有帶仗。行官立旗前後。臣等稽之古例。未見斯儀。禁不之旨。伏請處分者。唯聽帶仗。勿令建旗。又奏曰。往時遣唐使粟田朝臣眞人等發從楚州。到長樂驛。五品舍人宣勅勞問。此時未見拜謝之禮。又新羅朝貢使王子泰廉入京之日。官使宣命。賜以迎馬。客徒斂轡。馬上答謝。但渤海國使。皆悉下馬。再拜舞踏。今領唐客。准據何例者。進退之
E588,E122,L231,AT_LOCATION,使之行。左右建旗。亦有帶仗。行官立旗前後。臣等稽之古例。未見斯儀。禁不之旨。伏請處分者。唯聽帶仗。勿令建旗。又奏曰。往時遣唐使粟田朝臣眞人等發從楚州。到長樂驛。五品舍人宣勅勞問。此時未見拜謝之禮。又新羅朝貢使王子泰廉入京之日。官使宣命。賜以迎馬。客徒斂轡。馬上答謝。但渤海國使。皆悉下馬。再拜舞踏。今領唐客。准據何例者。進退之
E589,P304,L231,PARTICIPATE,使之行。左右建旗。亦有帶仗。行官立旗前後。臣等稽之古例。未見斯儀。禁不之旨。伏請處分者。唯聽帶仗。勿令建旗。又奏曰。往時遣唐使粟田朝臣眞人等發從楚州。到長樂驛。五品舍人宣勅勞問。此時未見拜謝之禮。又新羅朝貢使王子泰廉入京之日。官使宣命。賜以迎馬。客徒斂轡。馬上答謝。但渤海國使。皆悉下馬。再拜舞踏。今領唐客。准據何例者。進退之
E590,E124,P177,HAS_SUBJECT,"末足等自唐國至。
丁巳。授无位久米連形名女從五位下。
戊午。從三位高麗朝臣福信賜姓高倉朝臣。
夏四月己丑。夜暴風雨。折木發屋。
辛夘。領唐客使等奏言。唐使之行。左右建旗。亦有帶仗。行官立旗前後。臣等稽之古例。未見斯"
E591,E124,L232,AT_LOCATION,"末足等自唐國至。
丁巳。授无位久米連形名女從五位下。
戊午。從三位高麗朝臣福信賜姓高倉朝臣。
夏四月己丑。夜暴風雨。折木發屋。
辛夘。領唐客使等奏言。唐使之行。左右建旗。亦有帶仗。行官立旗前後。臣等稽之古例。未見斯"
E592,P177,L232,TRAVEL,"末足等自唐國至。
丁巳。授无位久米連形名女從五位下。
戊午。從三位高麗朝臣福信賜姓高倉朝臣。
夏四月己丑。夜暴風雨。折木發屋。
辛夘。領唐客使等奏言。唐使之行。左右建旗。亦有帶仗。行官立旗前後。臣等稽之古例。未見斯"
E593,E125,G014,HAS_SUBJECT,分者。唯聽帶仗。勿令建旗。又奏曰。往時遣唐使粟田朝臣眞人等發從楚州。到長樂驛。五品舍人宣勅勞問。此時未見拜謝之禮。又新羅朝貢使王子泰廉入京之日。官使宣命。賜以迎馬。客徒斂轡。馬上答謝。但渤海國使。皆悉下馬。再拜舞踏。今領唐客。准據何例者。進退之
E594,E125,L236,AT_LOCATION,分者。唯聽帶仗。勿令建旗。又奏曰。往時遣唐使粟田朝臣眞人等發從楚州。到長樂驛。五品舍人宣勅勞問。此時未見拜謝之禮。又新羅朝貢使王子泰廉入京之日。官使宣命。賜以迎馬。客徒斂轡。馬上答謝。但渤海國使。皆悉下馬。再拜舞踏。今領唐客。准據何例者。進退之
E595,G014,L236,PARTICIPATE,分者。唯聽帶仗。勿令建旗。又奏曰。往時遣唐使粟田朝臣眞人等發從楚州。到長樂驛。五品舍人宣勅勞問。此時未見拜謝之禮。又新羅朝貢使王子泰廉入京之日。官使宣命。賜以迎馬。客徒斂轡。馬上答謝。但渤海國使。皆悉下馬。再拜舞踏。今領唐客。准據何例者。進退之
E596,E126,L232,AT_LOCATION,"末足等自唐國至。
丁巳。授无位久米連形名女從五位下。
戊午。從三位高麗朝臣福信賜姓高倉朝臣。
夏四月己丑。夜暴風雨。折木發屋。
辛夘。領唐客使等奏言。唐使之行。左右建旗。亦有帶仗。行官立旗前後。臣等稽之古例。未見斯儀。禁不之旨。伏請處分者。唯聽帶仗。"
E597,E127,L232,AT_LOCATION,"末足等自唐國至。
丁巳。授无位久米連形名女從五位下。
戊午。從三位高麗朝臣福信賜姓高倉朝臣。
夏四月己丑。夜暴風雨。折木發屋。
辛夘。領唐客使等奏言。唐使之行。左右建旗。亦有帶仗。行官立旗前後。臣等稽之古例。未見斯儀。禁不之旨。伏請處分者。唯聽帶仗。"
E598,E128,L276,AT_LOCATION,縣館。西北行廿里。到竪泰([□@考]泰東本作紊)孫花茂宅斷中。不報直入宅裏。得主人恠。但主心慇懃。齋後望西北行卅里。到蓬萊縣管內望仙鄉王庭村寺宿。入夜雷雨。唐國行五里立一候子。行十里立二候子。築土堆四角。上狹下闊。高四尺或五尺六尺不定。曰喚之為里隔柱。二日平明發。行廿里到安香村庭彥宅齋。行廿里到登州入開元寺宿。登州去赤山浦
E599,E129,L297,HAS_SUBJECT,"。行十里立二候子。築土堆四角。上狹下闊。高四尺或五尺六尺不定。曰喚之為里隔柱。二日平明發。行廿里到安香村庭彥宅齋。行廿里到登州入開元寺宿。登州去赤山浦四百里。乍行山阪蹈破脚。策杖膝步而行矣。城南地界所由喬改來請行由。仍書行曆與之如左。
日本國求法僧圓仁弟子僧惟正惟曉行者丁雄滿
右圓仁等。日"
E600,E129,L299,AT_LOCATION,"。行十里立二候子。築土堆四角。上狹下闊。高四尺或五尺六尺不定。曰喚之為里隔柱。二日平明發。行廿里到安香村庭彥宅齋。行廿里到登州入開元寺宿。登州去赤山浦四百里。乍行山阪蹈破脚。策杖膝步而行矣。城南地界所由喬改來請行由。仍書行曆與之如左。
日本國求法僧圓仁弟子僧惟正惟曉行者丁雄滿
右圓仁等。日"
E601,L297,L299,TRAVEL,"。行十里立二候子。築土堆四角。上狹下闊。高四尺或五尺六尺不定。曰喚之為里隔柱。二日平明發。行廿里到安香村庭彥宅齋。行廿里到登州入開元寺宿。登州去赤山浦四百里。乍行山阪蹈破脚。策杖膝步而行矣。城南地界所由喬改來請行由。仍書行曆與之如左。
日本國求法僧圓仁弟子僧惟正惟曉行者丁雄滿
右圓仁等。日"
E602,E130,P082,HAS_SUBJECT,縣館。西北行廿里。到竪泰([□@考]泰東本作紊)孫花茂宅斷中。不報直入宅裏。得主人恠。但主心慇懃。齋後望西北行卅里。到蓬萊縣管內望仙鄉王庭村寺宿。入夜雷雨。唐國行五里立一候子。行十里立二候子。築土堆四角。上狹下闊。高四尺或五尺六尺不定。曰喚之為里隔柱。二日平明發。行廿里到安香村庭彥宅齋。行廿里到登州入開元寺宿。登州去赤山浦四百里。乍行山阪蹈破脚。策杖膝步而行矣。城南地界所由喬改來請行由。仍書行曆與
E603,E130,P215,AT_LOCATION,縣館。西北行廿里。到竪泰([□@考]泰東本作紊)孫花茂宅斷中。不報直入宅裏。得主人恠。但主心慇懃。齋後望西北行卅里。到蓬萊縣管內望仙鄉王庭村寺宿。入夜雷雨。唐國行五里立一候子。行十里立二候子。築土堆四角。上狹下闊。高四尺或五尺六尺不定。曰喚之為里隔柱。二日平明發。行廿里到安香村庭彥宅齋。行廿里到登州入開元寺宿。登州去赤山浦四百里。乍行山阪蹈破脚。策杖膝步而行矣。城南地界所由喬改來請行由。仍書行曆與
E604,P082,P215,TRAVEL,縣館。西北行廿里。到竪泰([□@考]泰東本作紊)孫花茂宅斷中。不報直入宅裏。得主人恠。但主心慇懃。齋後望西北行卅里。到蓬萊縣管內望仙鄉王庭村寺宿。入夜雷雨。唐國行五里立一候子。行十里立二候子。築土堆四角。上狹下闊。高四尺或五尺六尺不定。曰喚之為里隔柱。二日平明發。行廿里到安香村庭彥宅齋。行廿里到登州入開元寺宿。登州去赤山浦四百里。乍行山阪蹈破脚。策杖膝步而行矣。城南地界所由喬改來請行由。仍書行曆與
E605,E131,L297,HAS_SUBJECT,"。行十里立二候子。築土堆四角。上狹下闊。高四尺或五尺六尺不定。曰喚之為里隔柱。二日平明發。行廿里到安香村庭彥宅齋。行廿里到登州入開元寺宿。登州去赤山浦四百里。乍行山阪蹈破脚。策杖膝步而行矣。城南地界所由喬改來請行由。仍書行曆與之如左。
日本國求法僧圓仁弟子僧惟正惟曉行者丁雄滿
右圓仁等。日"
E606,E131,L299,AT_LOCATION,"。行十里立二候子。築土堆四角。上狹下闊。高四尺或五尺六尺不定。曰喚之為里隔柱。二日平明發。行廿里到安香村庭彥宅齋。行廿里到登州入開元寺宿。登州去赤山浦四百里。乍行山阪蹈破脚。策杖膝步而行矣。城南地界所由喬改來請行由。仍書行曆與之如左。
日本國求法僧圓仁弟子僧惟正惟曉行者丁雄滿
右圓仁等。日"
E607,E132,L317,HAS_SUBJECT,"里立二候子。築土堆四角。上狹下闊。高四尺或五尺六尺不定。曰喚之為里隔柱。二日平明發。行廿里到安香村庭彥宅齋。行廿里到登州入開元寺宿。登州去赤山浦四百里。乍行山阪蹈破脚。策杖膝步而行矣。城南地界所由喬改來請行由。仍書行曆與之如左。
日本國求法僧圓仁弟子僧惟正惟曉行者丁雄滿
右圓仁等。日"
E608,E132,L264,AT_LOCATION,"里立二候子。築土堆四角。上狹下闊。高四尺或五尺六尺不定。曰喚之為里隔柱。二日平明發。行廿里到安香村庭彥宅齋。行廿里到登州入開元寺宿。登州去赤山浦四百里。乍行山阪蹈破脚。策杖膝步而行矣。城南地界所由喬改來請行由。仍書行曆與之如左。
日本國求法僧圓仁弟子僧惟正惟曉行者丁雄滿
右圓仁等。日"
E609,L317,L264,TRAVEL,"里立二候子。築土堆四角。上狹下闊。高四尺或五尺六尺不定。曰喚之為里隔柱。二日平明發。行廿里到安香村庭彥宅齋。行廿里到登州入開元寺宿。登州去赤山浦四百里。乍行山阪蹈破脚。策杖膝步而行矣。城南地界所由喬改來請行由。仍書行曆與之如左。
日本國求法僧圓仁弟子僧惟正惟曉行者丁雄滿
右圓仁等。日"
E610,E133,L298,HAS_SUBJECT,"行十里立二候子。築土堆四角。上狹下闊。高四尺或五尺六尺不定。曰喚之為里隔柱。二日平明發。行廿里到安香村庭彥宅齋。行廿里到登州入開元寺宿。登州去赤山浦四百里。乍行山阪蹈破脚。策杖膝步而行矣。城南地界所由喬改來請行由。仍書行曆與之如左。
日本國求法僧圓仁弟子僧惟正惟曉行者丁雄滿
右圓仁等。日"
E611,E133,L263,AT_LOCATION,"行十里立二候子。築土堆四角。上狹下闊。高四尺或五尺六尺不定。曰喚之為里隔柱。二日平明發。行廿里到安香村庭彥宅齋。行廿里到登州入開元寺宿。登州去赤山浦四百里。乍行山阪蹈破脚。策杖膝步而行矣。城南地界所由喬改來請行由。仍書行曆與之如左。
日本國求法僧圓仁弟子僧惟正惟曉行者丁雄滿
右圓仁等。日"
E612,L298,L263,TRAVEL,"行十里立二候子。築土堆四角。上狹下闊。高四尺或五尺六尺不定。曰喚之為里隔柱。二日平明發。行廿里到安香村庭彥宅齋。行廿里到登州入開元寺宿。登州去赤山浦四百里。乍行山阪蹈破脚。策杖膝步而行矣。城南地界所由喬改來請行由。仍書行曆與之如左。
日本國求法僧圓仁弟子僧惟正惟曉行者丁雄滿
右圓仁等。日"
E613,E135,P082,HAS_SUBJECT,"築土堆四角。上狹下闊。高四尺或五尺六尺不定。曰喚之為里隔柱。二日平明發。行廿里到安香村庭彥宅齋。行廿里到登州入開元寺宿。登州去赤山浦四百里。乍行山阪蹈破脚。策杖膝步而行矣。城南地界所由喬改來請行由。仍書行曆與之如左。
日本國求法僧圓仁弟子僧惟正惟曉行者丁雄滿
右圓仁等。日"
E614,E135,L263,AT_LOCATION,"築土堆四角。上狹下闊。高四尺或五尺六尺不定。曰喚之為里隔柱。二日平明發。行廿里到安香村庭彥宅齋。行廿里到登州入開元寺宿。登州去赤山浦四百里。乍行山阪蹈破脚。策杖膝步而行矣。城南地界所由喬改來請行由。仍書行曆與之如左。
日本國求法僧圓仁弟子僧惟正惟曉行者丁雄滿
右圓仁等。日"
E615,P082,L263,TRAVEL,"築土堆四角。上狹下闊。高四尺或五尺六尺不定。曰喚之為里隔柱。二日平明發。行廿里到安香村庭彥宅齋。行廿里到登州入開元寺宿。登州去赤山浦四百里。乍行山阪蹈破脚。策杖膝步而行矣。城南地界所由喬改來請行由。仍書行曆與之如左。
日本國求法僧圓仁弟子僧惟正惟曉行者丁雄滿
右圓仁等。日"
E616,E136,L060,AT_LOCATION,州龍興寺僧也。持涅槃經一千部。入臺山志遠禪師邊。受法花三昧。入道場求普賢。在院行道。得見大聖。如今廿年來也。依新羅僧聖林([□@考]林池本作琳)和尚口說記之。此僧入五臺及長安。遊行得廿年。來此山院語話之次。常聞臺山聖跡甚有奇特。深喜近於聖境暫休向天台之
E617,E137,L157,HAS_SUBJECT,"安。遊行得廿年。來此山院語話之次。常聞臺山聖跡甚有奇特。深喜近於聖境暫休向天台之議。更發入五臺之意。仍改先意便擬山院過冬到春遊行巡禮臺山。
廿八日。申時。縣使竇文至等兩人。將縣帖來。其狀偁。
縣　帖青寧鄉
得板頭竇文至狀報。日本國船上拋却人三人
右撿案內得前件板頭狀報。其船今月十五日發訖。拋却三人。"
E618,E137,L063,AT_LOCATION,"安。遊行得廿年。來此山院語話之次。常聞臺山聖跡甚有奇特。深喜近於聖境暫休向天台之議。更發入五臺之意。仍改先意便擬山院過冬到春遊行巡禮臺山。
廿八日。申時。縣使竇文至等兩人。將縣帖來。其狀偁。
縣　帖青寧鄉
得板頭竇文至狀報。日本國船上拋却人三人
右撿案內得前件板頭狀報。其船今月十五日發訖。拋却三人。"
E619,L157,L063,TRAVEL,"安。遊行得廿年。來此山院語話之次。常聞臺山聖跡甚有奇特。深喜近於聖境暫休向天台之議。更發入五臺之意。仍改先意便擬山院過冬到春遊行巡禮臺山。
廿八日。申時。縣使竇文至等兩人。將縣帖來。其狀偁。
縣　帖青寧鄉
得板頭竇文至狀報。日本國船上拋却人三人
右撿案內得前件板頭狀報。其船今月十五日發訖。拋却三人。"
E620,E138,L281,AT_LOCATION,"九日。臣船得正南風。發船入海。行已三日。忽遭逆風。船著沙上。損壞處多。竭力修造。今月十六日。船僅得浮。便即入海。廿三日。到肥前國松浦郡橘浦。但今唐客隨臣入朝。迎接祗供。令同蕃例。臣具牒大宰府。仰令准擬。其唐消息。今天子廣平王。名迪。年五十三。皇太子雍王。名■。年号大暦十三年。當寳龜九年。
丁酉。皇太子向伊勢。先是。皇太子寢疾久不平復。至"
E621,E139,L281,AT_LOCATION,由奏聞。便寄乘臣等船發遣。其第一第二船。並在揚子塘頭。第四船在楚州塩城縣。九月九日。臣船得正南風。發船入海。行已三日。忽遭逆風。船著沙上。損壞處多。竭力修造。今月十六日。船僅得浮。便即入海。廿三日。到肥前國松浦郡橘浦。但今唐客隨臣入朝。迎接祗供。令同蕃例。臣具牒大宰府。仰令准擬。其唐消息。今天子廣平王。名迪。年五十三。皇太子
E622,E140,L068,AT_LOCATION,"之浦。
九月十三日，行到百濟南畔之嶋。嶋名毋分明。
以十四日，寅時，二船相從，放出大海。
十五日，日入之時，石布連船，橫遭逆風，飄到南海之嶋。嶋名爾加委。仍為嶋人所滅。便東漢長直阿利麻、坂合部連稻積等五人，盜乘嶋人之船，逃到括州。"
E623,E141,G016,HAS_SUBJECT,大唐。（唐）國號妹子臣曰蘇因高，即大唐使人裴世清，下客十二人，從妹子臣至於筑紫，遣於難波高麗館之上。六月壬寅朔丙辰，客等泊於難波津。是日，以飾船卅艘迎客等於江口，安置新館。於是，以中臣宫地連摩吕、大河内直糠手、（船）史王平爲掌客。爰妹子臣之曰：『臣参還之時，唐帝以書授臣，然經過百濟國之日，百濟人探以掠取，
E624,E141,L192,AT_LOCATION,大唐。（唐）國號妹子臣曰蘇因高，即大唐使人裴世清，下客十二人，從妹子臣至於筑紫，遣於難波高麗館之上。六月壬寅朔丙辰，客等泊於難波津。是日，以飾船卅艘迎客等於江口，安置新館。於是，以中臣宫地連摩吕、大河内直糠手、（船）史王平爲掌客。爰妹子臣之曰：『臣参還之時，唐帝以書授臣，然經過百濟國之日，百濟人探以掠取，
E625,G016,L192,TRAVEL,大唐。（唐）國號妹子臣曰蘇因高，即大唐使人裴世清，下客十二人，從妹子臣至於筑紫，遣於難波高麗館之上。六月壬寅朔丙辰，客等泊於難波津。是日，以飾船卅艘迎客等於江口，安置新館。於是，以中臣宫地連摩吕、大河内直糠手、（船）史王平爲掌客。爰妹子臣之曰：『臣参還之時，唐帝以書授臣，然經過百濟國之日，百濟人探以掠取，
E626,E142,P293,HAS_SUBJECT,"丘同來。
《日本書記》二十二卷曰：「推古十五年秋七月，大禮小野臣妹子遣於大唐，以鞍作福利爲通事。十六年夏四月，小野臣妹子至自大唐。（唐）國號妹子臣曰蘇因高，即大唐使人裴世清，下客十二人，從妹子臣至於筑紫，遣於難波高麗館之上。六月壬寅朔丙辰，客等泊於難波津。是日，以飾船卅艘迎客等於江口，安置新館。於是，以中臣宫地連摩吕、大河内直"
E627,E142,P303,AT_LOCATION,"丘同來。
《日本書記》二十二卷曰：「推古十五年秋七月，大禮小野臣妹子遣於大唐，以鞍作福利爲通事。十六年夏四月，小野臣妹子至自大唐。（唐）國號妹子臣曰蘇因高，即大唐使人裴世清，下客十二人，從妹子臣至於筑紫，遣於難波高麗館之上。六月壬寅朔丙辰，客等泊於難波津。是日，以飾船卅艘迎客等於江口，安置新館。於是，以中臣宫地連摩吕、大河内直"
E628,P293,P303,TRAVEL,"丘同來。
《日本書記》二十二卷曰：「推古十五年秋七月，大禮小野臣妹子遣於大唐，以鞍作福利爲通事。十六年夏四月，小野臣妹子至自大唐。（唐）國號妹子臣曰蘇因高，即大唐使人裴世清，下客十二人，從妹子臣至於筑紫，遣於難波高麗館之上。六月壬寅朔丙辰，客等泊於難波津。是日，以飾船卅艘迎客等於江口，安置新館。於是，以中臣宫地連摩吕、大河内直"
E629,E143,P144,HAS_SUBJECT,位藤原朝臣清河從二位。副使從五位上小野朝臣石根從四位下。清河贈太政大臣房前之第四子也。勝寳五年。爲大使入唐。廻日遭逆風漂著唐國南邊驩州。時遇土人。及合船被害。清河僅以身免。遂留唐國。不得歸朝。於後十餘年。薨於唐國。石根大宰大貳從四位下老之子也。寳龜八年。任副使入唐。事畢而歸。海中船斷。石根及唐送使趙寳英等六十三人。同時沒
E630,E143,L162,AT_LOCATION,位藤原朝臣清河從二位。副使從五位上小野朝臣石根從四位下。清河贈太政大臣房前之第四子也。勝寳五年。爲大使入唐。廻日遭逆風漂著唐國南邊驩州。時遇土人。及合船被害。清河僅以身免。遂留唐國。不得歸朝。於後十餘年。薨於唐國。石根大宰大貳從四位下老之子也。寳龜八年。任副使入唐。事畢而歸。海中船斷。石根及唐送使趙寳英等六十三人。同時沒
E631,P144,L162,TRAVEL,位藤原朝臣清河從二位。副使從五位上小野朝臣石根從四位下。清河贈太政大臣房前之第四子也。勝寳五年。爲大使入唐。廻日遭逆風漂著唐國南邊驩州。時遇土人。及合船被害。清河僅以身免。遂留唐國。不得歸朝。於後十餘年。薨於唐國。石根大宰大貳從四位下老之子也。寳龜八年。任副使入唐。事畢而歸。海中船斷。石根及唐送使趙寳英等六十三人。同時沒
E632,E144,P022,HAS_SUBJECT,"二月癸酉。授正六位上佐伯宿祢瓜作從五位下。正六位上久米連眞上外從五位下。」渤海使還國。賜其王璽書。并附信物。
乙亥。贈故入唐大使從三位藤原朝臣清河從二位。副使從五位上小野朝臣石根從四位下。清河贈太政大臣房前之第四子也。勝寳五年。爲大使入唐。廻日遭逆風漂著唐國南邊驩州。時遇土人。及合船被害。清河僅以身免。遂留唐國。不得歸朝。"
E633,E144,L253,AT_LOCATION,"二月癸酉。授正六位上佐伯宿祢瓜作從五位下。正六位上久米連眞上外從五位下。」渤海使還國。賜其王璽書。并附信物。
乙亥。贈故入唐大使從三位藤原朝臣清河從二位。副使從五位上小野朝臣石根從四位下。清河贈太政大臣房前之第四子也。勝寳五年。爲大使入唐。廻日遭逆風漂著唐國南邊驩州。時遇土人。及合船被害。清河僅以身免。遂留唐國。不得歸朝。"
E634,P022,L253,TRAVEL,"二月癸酉。授正六位上佐伯宿祢瓜作從五位下。正六位上久米連眞上外從五位下。」渤海使還國。賜其王璽書。并附信物。
乙亥。贈故入唐大使從三位藤原朝臣清河從二位。副使從五位上小野朝臣石根從四位下。清河贈太政大臣房前之第四子也。勝寳五年。爲大使入唐。廻日遭逆風漂著唐國南邊驩州。時遇土人。及合船被害。清河僅以身免。遂留唐國。不得歸朝。"
E635,E146,P144,HAS_SUBJECT,。贈故入唐大使從三位藤原朝臣清河從二位。副使從五位上小野朝臣石根從四位下。清河贈太政大臣房前之第四子也。勝寳五年。爲大使入唐。廻日遭逆風漂著唐國南邊驩州。時遇土人。及合船被害。清河僅以身免。遂留唐國。不得歸朝。於後十餘年。薨於唐國。石根大宰大貳從四位下老之子也。寳龜八年。任副使入唐。事畢而歸。海中船斷。石根及唐送使趙寳英等
E636,E146,L162,AT_LOCATION,。贈故入唐大使從三位藤原朝臣清河從二位。副使從五位上小野朝臣石根從四位下。清河贈太政大臣房前之第四子也。勝寳五年。爲大使入唐。廻日遭逆風漂著唐國南邊驩州。時遇土人。及合船被害。清河僅以身免。遂留唐國。不得歸朝。於後十餘年。薨於唐國。石根大宰大貳從四位下老之子也。寳龜八年。任副使入唐。事畢而歸。海中船斷。石根及唐送使趙寳英等
E637,E147,P021,HAS_SUBJECT,土人。及合船被害。清河僅以身免。遂留唐國。不得歸朝。於後十餘年。薨於唐國。石根大宰大貳從四位下老之子也。寳龜八年。任副使入唐。事畢而歸。海中船斷。石根及唐送使趙寳英等六十三人。同時沒
E638,E147,L293,AT_LOCATION,土人。及合船被害。清河僅以身免。遂留唐國。不得歸朝。於後十餘年。薨於唐國。石根大宰大貳從四位下老之子也。寳龜八年。任副使入唐。事畢而歸。海中船斷。石根及唐送使趙寳英等六十三人。同時沒
E639,P021,L293,TRAVEL,土人。及合船被害。清河僅以身免。遂留唐國。不得歸朝。於後十餘年。薨於唐國。石根大宰大貳從四位下老之子也。寳龜八年。任副使入唐。事畢而歸。海中船斷。石根及唐送使趙寳英等六十三人。同時沒
E640,E148,P144,HAS_SUBJECT,入唐大使從三位藤原朝臣清河從二位。副使從五位上小野朝臣石根從四位下。清河贈太政大臣房前之第四子也。勝寳五年。爲大使入唐。廻日遭逆風漂著唐國南邊驩州。時遇土人。及合船被害。清河僅以身免。遂留唐國。不得歸朝。於後十餘年。薨於唐國。石根大宰大貳從四位下老之子也。寳龜八年。任副使入唐。事畢而歸。海中船斷。石根及唐送使趙寳英等六十三
E641,E148,L162,AT_LOCATION,入唐大使從三位藤原朝臣清河從二位。副使從五位上小野朝臣石根從四位下。清河贈太政大臣房前之第四子也。勝寳五年。爲大使入唐。廻日遭逆風漂著唐國南邊驩州。時遇土人。及合船被害。清河僅以身免。遂留唐國。不得歸朝。於後十餘年。薨於唐國。石根大宰大貳從四位下老之子也。寳龜八年。任副使入唐。事畢而歸。海中船斷。石根及唐送使趙寳英等六十三
E642,E149,P144,HAS_SUBJECT,大臣房前之第四子也。勝寳五年。爲大使入唐。廻日遭逆風漂著唐國南邊驩州。時遇土人。及合船被害。清河僅以身免。遂留唐國。不得歸朝。於後十餘年。薨於唐國。石根大宰大貳從四位下老之子也。寳龜八年。任副使入唐。事畢而歸。海中船斷。石根及唐送使趙寳英等六十三人。同時沒
E643,E149,L305,AT_LOCATION,大臣房前之第四子也。勝寳五年。爲大使入唐。廻日遭逆風漂著唐國南邊驩州。時遇土人。及合船被害。清河僅以身免。遂留唐國。不得歸朝。於後十餘年。薨於唐國。石根大宰大貳從四位下老之子也。寳龜八年。任副使入唐。事畢而歸。海中船斷。石根及唐送使趙寳英等六十三人。同時沒
E644,P144,L305,TRAVEL,大臣房前之第四子也。勝寳五年。爲大使入唐。廻日遭逆風漂著唐國南邊驩州。時遇土人。及合船被害。清河僅以身免。遂留唐國。不得歸朝。於後十餘年。薨於唐國。石根大宰大貳從四位下老之子也。寳龜八年。任副使入唐。事畢而歸。海中船斷。石根及唐送使趙寳英等六十三人。同時沒
E645,E150,P144,HAS_SUBJECT,大使從三位藤原朝臣清河從二位。副使從五位上小野朝臣石根從四位下。清河贈太政大臣房前之第四子也。勝寳五年。爲大使入唐。廻日遭逆風漂著唐國南邊驩州。時遇土人。及合船被害。清河僅以身免。遂留唐國。不得歸朝。於後十餘年。薨於唐國。石根大宰大貳從四位下老之子也。寳龜八年。任副使入唐。事畢而歸。海中船斷。石根及唐送使趙寳英等六十三人。同
E646,E150,L162,AT_LOCATION,大使從三位藤原朝臣清河從二位。副使從五位上小野朝臣石根從四位下。清河贈太政大臣房前之第四子也。勝寳五年。爲大使入唐。廻日遭逆風漂著唐國南邊驩州。時遇土人。及合船被害。清河僅以身免。遂留唐國。不得歸朝。於後十餘年。薨於唐國。石根大宰大貳從四位下老之子也。寳龜八年。任副使入唐。事畢而歸。海中船斷。石根及唐送使趙寳英等六十三人。同
E647,E151,P144,HAS_SUBJECT,三位藤原朝臣清河從二位。副使從五位上小野朝臣石根從四位下。清河贈太政大臣房前之第四子也。勝寳五年。爲大使入唐。廻日遭逆風漂著唐國南邊驩州。時遇土人。及合船被害。清河僅以身免。遂留唐國。不得歸朝。於後十餘年。薨於唐國。石根大宰大貳從四位下老之子也。寳龜八年。任副使入唐。事畢而歸。海中船斷。石根及唐送使趙寳英等六十三人。同時沒
E648,E151,L162,AT_LOCATION,三位藤原朝臣清河從二位。副使從五位上小野朝臣石根從四位下。清河贈太政大臣房前之第四子也。勝寳五年。爲大使入唐。廻日遭逆風漂著唐國南邊驩州。時遇土人。及合船被害。清河僅以身免。遂留唐國。不得歸朝。於後十餘年。薨於唐國。石根大宰大貳從四位下老之子也。寳龜八年。任副使入唐。事畢而歸。海中船斷。石根及唐送使趙寳英等六十三人。同時沒
E649,E152,L248,HAS_SUBJECT,河僅以身免。遂留唐國。不得歸朝。於後十餘年。薨於唐國。石根大宰大貳從四位下老之子也。寳龜八年。任副使入唐。事畢而歸。海中船斷。石根及唐送使趙寳英等六十三人。同時沒
E650,E152,L293,AT_LOCATION,河僅以身免。遂留唐國。不得歸朝。於後十餘年。薨於唐國。石根大宰大貳從四位下老之子也。寳龜八年。任副使入唐。事畢而歸。海中船斷。石根及唐送使趙寳英等六十三人。同時沒
E651,L248,L293,TRAVEL,河僅以身免。遂留唐國。不得歸朝。於後十餘年。薨於唐國。石根大宰大貳從四位下老之子也。寳龜八年。任副使入唐。事畢而歸。海中船斷。石根及唐送使趙寳英等六十三人。同時沒
E652,E153,L293,AT_LOCATION,。清河僅以身免。遂留唐國。不得歸朝。於後十餘年。薨於唐國。石根大宰大貳從四位下老之子也。寳龜八年。任副使入唐。事畢而歸。海中船斷。石根及唐送使趙寳英等六十三人。同時沒
E653,E154,P002,HAS_SUBJECT,。知命不久。因而尋叡山北極幽谷。結草爲庵。消三四年。闔山僧衆苦勸云。吾師爲法早可入唐。尋而官補請益。承和五年發。七月二日著大唐楊州海陵縣。開成三年七月二日到楊州。同年十月。國使入京。圓仁苦請留住楊府。意任巡礼天台及五臺等諸聖跡。李相公徳裕聞奏。有勅不許巡礼。四年國使
E654,E154,L003,AT_LOCATION,。知命不久。因而尋叡山北極幽谷。結草爲庵。消三四年。闔山僧衆苦勸云。吾師爲法早可入唐。尋而官補請益。承和五年發。七月二日著大唐楊州海陵縣。開成三年七月二日到楊州。同年十月。國使入京。圓仁苦請留住楊府。意任巡礼天台及五臺等諸聖跡。李相公徳裕聞奏。有勅不許巡礼。四年國使
E655,P002,L003,TRAVEL,。知命不久。因而尋叡山北極幽谷。結草爲庵。消三四年。闔山僧衆苦勸云。吾師爲法早可入唐。尋而官補請益。承和五年發。七月二日著大唐楊州海陵縣。開成三年七月二日到楊州。同年十月。國使入京。圓仁苦請留住楊府。意任巡礼天台及五臺等諸聖跡。李相公徳裕聞奏。有勅不許巡礼。四年國使
E656,E155,C031,HAS_SUBJECT,月。最澄大師遷化。圓仁齢始滿卅。身羸眼暗。知命不久。因而尋叡山北極幽谷。結草爲庵。消三四年。闔山僧衆苦勸云。吾師爲法早可入唐。尋而官補請益。承和五年發。七月二日著大唐楊州海陵縣。開成三年七月二日到楊州。同年十月。國使入京。圓仁苦請留住楊府。意任巡礼天台及五臺等諸聖跡。李相公徳裕聞奏。有勅不許巡礼。四年國使
E657,E155,L003,AT_LOCATION,月。最澄大師遷化。圓仁齢始滿卅。身羸眼暗。知命不久。因而尋叡山北極幽谷。結草爲庵。消三四年。闔山僧衆苦勸云。吾師爲法早可入唐。尋而官補請益。承和五年發。七月二日著大唐楊州海陵縣。開成三年七月二日到楊州。同年十月。國使入京。圓仁苦請留住楊府。意任巡礼天台及五臺等諸聖跡。李相公徳裕聞奏。有勅不許巡礼。四年國使
E658,C031,L003,TRAVEL,月。最澄大師遷化。圓仁齢始滿卅。身羸眼暗。知命不久。因而尋叡山北極幽谷。結草爲庵。消三四年。闔山僧衆苦勸云。吾師爲法早可入唐。尋而官補請益。承和五年發。七月二日著大唐楊州海陵縣。開成三年七月二日到楊州。同年十月。國使入京。圓仁苦請留住楊府。意任巡礼天台及五臺等諸聖跡。李相公徳裕聞奏。有勅不許巡礼。四年國使
E659,E157,P151,HAS_SUBJECT,。尋而官補請益。承和五年發。七月二日著大唐楊州海陵縣。開成三年七月二日到楊州。同年十月。國使入京。圓仁苦請留住楊府。意任巡礼天台及五臺等諸聖跡。李相公徳裕聞奏。有勅不許巡礼。四年國使
E660,E157,L004,AT_LOCATION,。尋而官補請益。承和五年發。七月二日著大唐楊州海陵縣。開成三年七月二日到楊州。同年十月。國使入京。圓仁苦請留住楊府。意任巡礼天台及五臺等諸聖跡。李相公徳裕聞奏。有勅不許巡礼。四年國使
E661,P151,L004,TRAVEL,。尋而官補請益。承和五年發。七月二日著大唐楊州海陵縣。開成三年七月二日到楊州。同年十月。國使入京。圓仁苦請留住楊府。意任巡礼天台及五臺等諸聖跡。李相公徳裕聞奏。有勅不許巡礼。四年國使
E662,E158,P014,HAS_SUBJECT,"成。奉表以聞。并請來新譯經等目
録一卷。且以奉進輕黷威嚴。伏増戰越。沙門
空海誠恐誠惶謹言
　　大同元年十月二十二日
　入唐學法沙門空海上表　 
入唐學法沙門空海大同元年請來經律論疏
章傳記。并佛菩薩金剛天等像。三昧耶曼陀
羅。法曼陀羅。傳法阿闍梨等影及道具。竝阿
闍梨付囑物等目録都合六種。就中
　　新譯等經都一百四十二部"
E663,E158,L110,AT_LOCATION,"成。奉表以聞。并請來新譯經等目
録一卷。且以奉進輕黷威嚴。伏増戰越。沙門
空海誠恐誠惶謹言
　　大同元年十月二十二日
　入唐學法沙門空海上表　 
入唐學法沙門空海大同元年請來經律論疏
章傳記。并佛菩薩金剛天等像。三昧耶曼陀
羅。法曼陀羅。傳法阿闍梨等影及道具。竝阿
闍梨付囑物等目録都合六種。就中
　　新譯等經都一百四十二部"
E664,P014,L110,TRAVEL,"成。奉表以聞。并請來新譯經等目
録一卷。且以奉進輕黷威嚴。伏増戰越。沙門
空海誠恐誠惶謹言
　　大同元年十月二十二日
　入唐學法沙門空海上表　 
入唐學法沙門空海大同元年請來經律論疏
章傳記。并佛菩薩金剛天等像。三昧耶曼陀
羅。法曼陀羅。傳法阿闍梨等影及道具。竝阿
闍梨付囑物等目録都合六種。就中
　　新譯等經都一百四十二部"
E665,E159,P213,HAS_SUBJECT,"等目
録一卷。且以奉進輕黷威嚴。伏増戰越。沙門
空海誠恐誠惶謹言
　　大同元年十月二十二日
　入唐學法沙門空海上表　 
入唐學法沙門空海大同元年請來經律論疏
章傳記。并佛菩薩金剛天等像。三昧耶曼陀
羅。法曼陀羅。傳法阿闍梨等影及道具。竝阿
闍梨付囑物等目録都合六種。就中
　　新譯等經都一百四十二部二百四十七卷
梵字眞言讃等"
E666,E159,L110,AT_LOCATION,"等目
録一卷。且以奉進輕黷威嚴。伏増戰越。沙門
空海誠恐誠惶謹言
　　大同元年十月二十二日
　入唐學法沙門空海上表　 
入唐學法沙門空海大同元年請來經律論疏
章傳記。并佛菩薩金剛天等像。三昧耶曼陀
羅。法曼陀羅。傳法阿闍梨等影及道具。竝阿
闍梨付囑物等目録都合六種。就中
　　新譯等經都一百四十二部二百四十七卷
梵字眞言讃等"
E667,P213,L110,TRAVEL,"等目
録一卷。且以奉進輕黷威嚴。伏増戰越。沙門
空海誠恐誠惶謹言
　　大同元年十月二十二日
　入唐學法沙門空海上表　 
入唐學法沙門空海大同元年請來經律論疏
章傳記。并佛菩薩金剛天等像。三昧耶曼陀
羅。法曼陀羅。傳法阿闍梨等影及道具。竝阿
闍梨付囑物等目録都合六種。就中
　　新譯等經都一百四十二部二百四十七卷
梵字眞言讃等"
E668,E160,C001,HAS_SUBJECT,"海雖闕期之罪死而
有餘。竊喜難得之法生而請來。不任一懼一
喜之至。謹附判官正六位上行大宰大監高
階眞人遠成。奉表以聞。并請來新譯經等目
録一卷。且以奉進輕黷威嚴。伏増戰越。沙門
空海誠恐誠惶謹言
　　大同元年十月二十二日
　入唐學法沙門空海上表"
E669,E161,P213,HAS_SUBJECT,"黷威嚴。伏増戰越。沙門
空海誠恐誠惶謹言
　　大同元年十月二十二日
　入唐學法沙門空海上表　 
入唐學法沙門空海大同元年請來經律論疏
章傳記。并佛菩薩金剛天等像。三昧耶曼陀
羅。法曼陀羅。傳法阿闍梨等影及道具。竝阿
闍梨付囑物等目録都合六種。就中
　　新譯等經都一百四十二部二百四十七卷
梵字眞言讃等都四十二部四十"
E670,E161,L110,AT_LOCATION,"黷威嚴。伏増戰越。沙門
空海誠恐誠惶謹言
　　大同元年十月二十二日
　入唐學法沙門空海上表　 
入唐學法沙門空海大同元年請來經律論疏
章傳記。并佛菩薩金剛天等像。三昧耶曼陀
羅。法曼陀羅。傳法阿闍梨等影及道具。竝阿
闍梨付囑物等目録都合六種。就中
　　新譯等經都一百四十二部二百四十七卷
梵字眞言讃等都四十二部四十"
E671,P213,L110,INTRODUCE,"黷威嚴。伏増戰越。沙門
空海誠恐誠惶謹言
　　大同元年十月二十二日
　入唐學法沙門空海上表　 
入唐學法沙門空海大同元年請來經律論疏
章傳記。并佛菩薩金剛天等像。三昧耶曼陀
羅。法曼陀羅。傳法阿闍梨等影及道具。竝阿
闍梨付囑物等目録都合六種。就中
　　新譯等經都一百四十二部二百四十七卷
梵字眞言讃等都四十二部四十"
E672,E162,P114,HAS_SUBJECT,"辞。不勝悵戀。
丙寅。前學生阿倍朝臣仲麻呂在唐而亡。家口偏乏。葬礼有闕。勅賜東■一百疋。白綿三百屯。
丁夘。唐使孫興進等歸國。
己巳。授散位正六位上百濟王元徳從五位下。
閏五月甲申。贈故河内守"
E673,E162,G013,AT_LOCATION,"辞。不勝悵戀。
丙寅。前學生阿倍朝臣仲麻呂在唐而亡。家口偏乏。葬礼有闕。勅賜東■一百疋。白綿三百屯。
丁夘。唐使孫興進等歸國。
己巳。授散位正六位上百濟王元徳從五位下。
閏五月甲申。贈故河内守"
E674,P114,G013,TRAVEL,"辞。不勝悵戀。
丙寅。前學生阿倍朝臣仲麻呂在唐而亡。家口偏乏。葬礼有闕。勅賜東■一百疋。白綿三百屯。
丁夘。唐使孫興進等歸國。
己巳。授散位正六位上百濟王元徳從五位下。
閏五月甲申。贈故河内守"
E675,E163,P026,HAS_SUBJECT,"丙寅。前學生阿倍朝臣仲麻呂在唐而亡。家口偏乏。葬礼有闕。勅賜東■一百疋。白綿三百屯。
丁夘。唐使孫興進等歸國。
己巳。授散位正六位上百濟王元徳從五位下。
閏五月甲申。贈故河内守"
E676,E163,G013,AT_LOCATION,"丙寅。前學生阿倍朝臣仲麻呂在唐而亡。家口偏乏。葬礼有闕。勅賜東■一百疋。白綿三百屯。
丁夘。唐使孫興進等歸國。
己巳。授散位正六位上百濟王元徳從五位下。
閏五月甲申。贈故河内守"
E677,P026,G013,PARTICIPATE,"丙寅。前學生阿倍朝臣仲麻呂在唐而亡。家口偏乏。葬礼有闕。勅賜東■一百疋。白綿三百屯。
丁夘。唐使孫興進等歸國。
己巳。授散位正六位上百濟王元徳從五位下。
閏五月甲申。贈故河内守"
E678,E164,P114,HAS_SUBJECT,"卿等好去。孫興進等奏。臣等多幸。得謁天闕。今乍拜辞。不勝悵戀。
丙寅。前學生阿倍朝臣仲麻呂在唐而亡。家口偏乏。葬礼有闕。勅賜東■一百疋。白綿三百屯。
丁夘。唐使孫興進等歸國。
己巳。授散位正六位上百濟王元徳從五位下。
閏五月甲申。贈故河内守"
E679,E164,G013,AT_LOCATION,"卿等好去。孫興進等奏。臣等多幸。得謁天闕。今乍拜辞。不勝悵戀。
丙寅。前學生阿倍朝臣仲麻呂在唐而亡。家口偏乏。葬礼有闕。勅賜東■一百疋。白綿三百屯。
丁夘。唐使孫興進等歸國。
己巳。授散位正六位上百濟王元徳從五位下。
閏五月甲申。贈故河内守"
E680,P114,G013,PARTICIPATE,"卿等好去。孫興進等奏。臣等多幸。得謁天闕。今乍拜辞。不勝悵戀。
丙寅。前學生阿倍朝臣仲麻呂在唐而亡。家口偏乏。葬礼有闕。勅賜東■一百疋。白綿三百屯。
丁夘。唐使孫興進等歸國。
己巳。授散位正六位上百濟王元徳從五位下。
閏五月甲申。贈故河内守"
E681,E165,P026,HAS_SUBJECT,"丙寅。前學生阿倍朝臣仲麻呂在唐而亡。家口偏乏。葬礼有闕。勅賜東■一百疋。白綿三百屯。
丁夘。唐使孫興進等歸國。
己巳。授散位正六位上百濟王元徳從五位下。
閏五月甲申。贈故河内守"
E682,E165,G013,AT_LOCATION,"丙寅。前學生阿倍朝臣仲麻呂在唐而亡。家口偏乏。葬礼有闕。勅賜東■一百疋。白綿三百屯。
丁夘。唐使孫興進等歸國。
己巳。授散位正六位上百濟王元徳從五位下。
閏五月甲申。贈故河内守"
E683,E166,L320,AT_LOCATION,十五人入京。十月十六日。發赴上都。至高武縣。有中書門下勅牒。爲路次乏車馬。減却人數。定廿人。正月十三日。到長安。即遣内使趙寳英。將馬迎接。安置外宅。三月廿四日。乃對龍顏奏事。四月廿二日。辞見首路。勅令内使揚光耀監送。至揚州發遣。便領留學生起京
E684,E168,L296,AT_LOCATION,留學生起京。又差内使掖庭令趙寳英。判官四人。賚國土寳貨。隨使來朝。以結隣好。六月廿五日。到惟楊。九月三日。發自揚子江口。至蘇州常耽縣候風。其第三船在海陵縣。第四船在楚州塩城縣。並未知發日。十一月五日。得信風。第一第二船同發入海。比及海中。八日
E685,E169,P137,HAS_SUBJECT,源。大聖之化處。西天高僧。踰險遠投。唐國名德。遊[A20]茲得道。圓仁等。舊有欽羨。涉海訪尋。未遂宿願。去開成四年六月內到文登縣青寧鄉赤山新羅院。隔生緣([□@考]緣下脫於字)滄溟。忘懷土於海岸。今欲往諸方禮謁聖跡。尋師學法。恐所在州縣關津口鋪。及
E686,E169,L114,AT_LOCATION,源。大聖之化處。西天高僧。踰險遠投。唐國名德。遊[A20]茲得道。圓仁等。舊有欽羨。涉海訪尋。未遂宿願。去開成四年六月內到文登縣青寧鄉赤山新羅院。隔生緣([□@考]緣下脫於字)滄溟。忘懷土於海岸。今欲往諸方禮謁聖跡。尋師學法。恐所在州縣關津口鋪。及
E687,P137,L114,TRAVEL,源。大聖之化處。西天高僧。踰險遠投。唐國名德。遊[A20]茲得道。圓仁等。舊有欽羨。涉海訪尋。未遂宿願。去開成四年六月內到文登縣青寧鄉赤山新羅院。隔生緣([□@考]緣下脫於字)滄溟。忘懷土於海岸。今欲往諸方禮謁聖跡。尋師學法。恐所在州縣關津口鋪。及
E688,E170,P137,HAS_SUBJECT,源。大聖之化處。西天高僧。踰險遠投。唐國名德。遊[A20]茲得道。圓仁等。舊有欽羨。涉海訪尋。未遂宿願。去開成四年六月內到文登縣青寧鄉赤山新羅院。隔生緣([□@考]緣下脫於字)滄溟。忘懷土於海岸。今欲往諸方禮謁聖跡。尋師學法。恐所在州縣關津口鋪。及
E689,E170,L114,AT_LOCATION,源。大聖之化處。西天高僧。踰險遠投。唐國名德。遊[A20]茲得道。圓仁等。舊有欽羨。涉海訪尋。未遂宿願。去開成四年六月內到文登縣青寧鄉赤山新羅院。隔生緣([□@考]緣下脫於字)滄溟。忘懷土於海岸。今欲往諸方禮謁聖跡。尋師學法。恐所在州縣關津口鋪。及
E690,E171,P169,HAS_SUBJECT,大聖之化處。西天高僧。踰險遠投。唐國名德。遊[A20]茲得道。圓仁等。舊有欽羨。涉海訪尋。未遂宿願。去開成四年六月內到文登縣青寧鄉赤山新羅院。隔生緣([□@考]緣下脫於字)滄溟。忘懷土於海岸。今欲往諸方禮謁聖跡。尋師學法。恐所在州縣關津口鋪。及
E691,E171,L179,AT_LOCATION,大聖之化處。西天高僧。踰險遠投。唐國名德。遊[A20]茲得道。圓仁等。舊有欽羨。涉海訪尋。未遂宿願。去開成四年六月內到文登縣青寧鄉赤山新羅院。隔生緣([□@考]緣下脫於字)滄溟。忘懷土於海岸。今欲往諸方禮謁聖跡。尋師學法。恐所在州縣關津口鋪。及
E692,P169,L179,TRAVEL,大聖之化處。西天高僧。踰險遠投。唐國名德。遊[A20]茲得道。圓仁等。舊有欽羨。涉海訪尋。未遂宿願。去開成四年六月內到文登縣青寧鄉赤山新羅院。隔生緣([□@考]緣下脫於字)滄溟。忘懷土於海岸。今欲往諸方禮謁聖跡。尋師學法。恐所在州縣關津口鋪。及
E693,E172,L319,AT_LOCATION,"贈土物亦更向淮南鎮去。從江口北行十五里許。既到鎮家([□@考]到鎮家東本誤作倒鎮孚)鎮軍等申云。更可還向於掘港𨓍。即將鎮軍兩人歸于江口。垂到江口。判官元行存。在水路邊申云。今日已晚。夜頭停宿。隨言留居。勞問殊深。兼加引前之人。
三日丑時潮生。知路之船引前。而赴掘港𨓍。巳時到白湖("
E694,E173,P060,HAS_SUBJECT,考]湖上文及下文作潮)口。逆流極遄。大唐人三人。并本國水手等。曳船截流。到岸結纜。暫待潮生。於此聞第四舶漂着北海。午時僅到海陵縣白潮鎮管內守捉軍中村。爰先於海中相別錄事山代氏益等卅餘人迎出。再
E695,E173,L066,AT_LOCATION,考]湖上文及下文作潮)口。逆流極遄。大唐人三人。并本國水手等。曳船截流。到岸結纜。暫待潮生。於此聞第四舶漂着北海。午時僅到海陵縣白潮鎮管內守捉軍中村。爰先於海中相別錄事山代氏益等卅餘人迎出。再
E696,P060,L066,TRAVEL,考]湖上文及下文作潮)口。逆流極遄。大唐人三人。并本國水手等。曳船截流。到岸結纜。暫待潮生。於此聞第四舶漂着北海。午時僅到海陵縣白潮鎮管內守捉軍中村。爰先於海中相別錄事山代氏益等卅餘人迎出。再
E697,E174,G029,HAS_SUBJECT,時到白湖([□@考]湖上文及下文作潮)口。逆流極遄。大唐人三人。并本國水手等。曳船截流。到岸結纜。暫待潮生。於此聞第四舶漂着北海。午時僅到海陵縣白潮鎮管內守捉軍中村。爰先於海中相別錄事山代氏益等卅餘人迎出。再
E698,E174,L066,AT_LOCATION,時到白湖([□@考]湖上文及下文作潮)口。逆流極遄。大唐人三人。并本國水手等。曳船截流。到岸結纜。暫待潮生。於此聞第四舶漂着北海。午時僅到海陵縣白潮鎮管內守捉軍中村。爰先於海中相別錄事山代氏益等卅餘人迎出。再
E699,G029,L066,TRAVEL,時到白湖([□@考]湖上文及下文作潮)口。逆流極遄。大唐人三人。并本國水手等。曳船截流。到岸結纜。暫待潮生。於此聞第四舶漂着北海。午時僅到海陵縣白潮鎮管內守捉軍中村。爰先於海中相別錄事山代氏益等卅餘人迎出。再
E700,E175,P114,HAS_SUBJECT,"及公卿百姓。並是平好。又朝恩遐覃。行路无恙。路次國宰。祗供如法。又勅曰。客等比在館中旅情愁鬱。所以聊設宴饗。加授位階。兼賜祿物。卿等宜知之。
庚申。右大臣饗唐客於第。勅賜綿三千屯。
辛酉。授女嬬正六位上賀茂朝臣御笠從五位下。
乙丑。唐使孫興進等辞見。中納言從三位物部朝臣宅嗣宣勅曰。卿等到此。未經多日。還國之期。忽然云"
E701,E176,P114,HAS_SUBJECT,"國宰。祗供如法。又勅曰。客等比在館中旅情愁鬱。所以聊設宴饗。加授位階。兼賜祿物。卿等宜知之。
庚申。右大臣饗唐客於第。勅賜綿三千屯。
辛酉。授女嬬正六位上賀茂朝臣御笠從五位下。
乙丑。唐使孫興進等辞見。中納言從三位物部朝臣宅嗣宣勅曰。卿等到此。未經多日。還國之期。忽然云"
E702,E179,P118,HAS_SUBJECT,"次國宰。祗供如法。又勅曰。客等比在館中旅情愁鬱。所以聊設宴饗。加授位階。兼賜祿物。卿等宜知之。
庚申。右大臣饗唐客於第。勅賜綿三千屯。
辛酉。授女嬬正六位上賀茂朝臣御笠從五位下。
乙丑。唐使孫興進等辞見。中納言從三位物部朝臣宅嗣宣勅曰。卿等到此。未經多日。還國之期。忽然云"
E703,E182,P229,HAS_SUBJECT,"城天皇大同元年
八月，空海歸。

嵯峨天皇
唐國釋義空共惠蕚法師泛海，著大宰府。初，蕚跨海覓法，皇太后橘氏欽唐地之禪化，委金幣於蕚，聘有道尊宿。蕚到杭州靈池院，參國師，且通大后之幣。國師感納之。蕚曰：「我國信根純熟，教法甚盛，然最上禪宗未有傳也。願得師之一枝佛法，爲吾土宗門之根"
E704,E182,L233,AT_LOCATION,"城天皇大同元年
八月，空海歸。

嵯峨天皇
唐國釋義空共惠蕚法師泛海，著大宰府。初，蕚跨海覓法，皇太后橘氏欽唐地之禪化，委金幣於蕚，聘有道尊宿。蕚到杭州靈池院，參國師，且通大后之幣。國師感納之。蕚曰：「我國信根純熟，教法甚盛，然最上禪宗未有傳也。願得師之一枝佛法，爲吾土宗門之根"
E705,P229,L233,TRAVEL,"城天皇大同元年
八月，空海歸。

嵯峨天皇
唐國釋義空共惠蕚法師泛海，著大宰府。初，蕚跨海覓法，皇太后橘氏欽唐地之禪化，委金幣於蕚，聘有道尊宿。蕚到杭州靈池院，參國師，且通大后之幣。國師感納之。蕚曰：「我國信根純熟，教法甚盛，然最上禪宗未有傳也。願得師之一枝佛法，爲吾土宗門之根"
E706,E183,P229,HAS_SUBJECT,"歸。

嵯峨天皇
唐國釋義空共惠蕚法師泛海，著大宰府。初，蕚跨海覓法，皇太后橘氏欽唐地之禪化，委金幣於蕚，聘有道尊宿。蕚到杭州靈池院，參國師，且通大后之幣。國師感納之。蕚曰：「我國信根純熟，教法甚盛，然最上禪宗未有傳也。願得師之一枝佛法，爲吾土宗門之根抵，不亦宜乎？」國師令室中上首義空充其請。空便共蕚泛海，著大宰府。蕚先馳奏，勑迎"
E707,E183,L233,AT_LOCATION,"歸。

嵯峨天皇
唐國釋義空共惠蕚法師泛海，著大宰府。初，蕚跨海覓法，皇太后橘氏欽唐地之禪化，委金幣於蕚，聘有道尊宿。蕚到杭州靈池院，參國師，且通大后之幣。國師感納之。蕚曰：「我國信根純熟，教法甚盛，然最上禪宗未有傳也。願得師之一枝佛法，爲吾土宗門之根抵，不亦宜乎？」國師令室中上首義空充其請。空便共蕚泛海，著大宰府。蕚先馳奏，勑迎"
E708,E184,L132,AT_LOCATION,，教法甚盛，然最上禪宗未有傳也。願得師之一枝佛法，爲吾土宗門之根抵，不亦宜乎？」國師令室中上首義空充其請。空便共蕚泛海，著大宰府。蕚先馳奏，勑迎空，館於京師東寺之西院。皇帝賚賜甚渥，太后創檀林寺居焉，時時問道。蕚再入支那，乞蘇州開元寺沙門契元勒事刻琬玦，題曰：「日
E709,E185,P229,HAS_SUBJECT,"歸。

嵯峨天皇
唐國釋義空共惠蕚法師泛海，著大宰府。初，蕚跨海覓法，皇太后橘氏欽唐地之禪化，委金幣於蕚，聘有道尊宿。蕚到杭州靈池院，參國師，且通大后之幣。國師感納之。蕚曰：「我國信根純熟，教法甚盛，然最上禪宗未有傳也。願得師之一枝佛法，爲吾土宗門之根抵，不亦宜乎？」國師令室中上首義空充其請。空便共蕚泛海，著大宰府。蕚先馳奏，勑迎"
E710,E185,L233,AT_LOCATION,"歸。

嵯峨天皇
唐國釋義空共惠蕚法師泛海，著大宰府。初，蕚跨海覓法，皇太后橘氏欽唐地之禪化，委金幣於蕚，聘有道尊宿。蕚到杭州靈池院，參國師，且通大后之幣。國師感納之。蕚曰：「我國信根純熟，教法甚盛，然最上禪宗未有傳也。願得師之一枝佛法，爲吾土宗門之根抵，不亦宜乎？」國師令室中上首義空充其請。空便共蕚泛海，著大宰府。蕚先馳奏，勑迎"
E711,E186,L319,AT_LOCATION,。乘小船來慰問。使等筆上([□@考]上池本作言)國風。大使贈土物亦更向淮南鎮去。從江口北行十五里許。既到鎮家([□@考]到鎮家東本誤作倒鎮孚)鎮軍等申云。更可還向於掘港𨓍。即將鎮
E712,E187,L227,HAS_SUBJECT,。即問國鄉。答云。此是大唐揚州海陵縣淮南鎮大江口。即召其商人兩人。上船向淮南鎮。從水路而到半途。彼兩人未知鎮家。更指江口却歸。日晚於江口宿。二日晚彼二人歸去。近側有鹽官。即差判官長岑宿禰高名准錄事高丘宿禰百興。令向鎮家。兼送文條([□@考]條恐牒字)即鹽官判官元行存。乘小船來慰問。使等筆上([□@考]上池本作言)國風。大使
E713,E187,L163,AT_LOCATION,。即問國鄉。答云。此是大唐揚州海陵縣淮南鎮大江口。即召其商人兩人。上船向淮南鎮。從水路而到半途。彼兩人未知鎮家。更指江口却歸。日晚於江口宿。二日晚彼二人歸去。近側有鹽官。即差判官長岑宿禰高名准錄事高丘宿禰百興。令向鎮家。兼送文條([□@考]條恐牒字)即鹽官判官元行存。乘小船來慰問。使等筆上([□@考]上池本作言)國風。大使
E714,L227,L163,TRAVEL,。即問國鄉。答云。此是大唐揚州海陵縣淮南鎮大江口。即召其商人兩人。上船向淮南鎮。從水路而到半途。彼兩人未知鎮家。更指江口却歸。日晚於江口宿。二日晚彼二人歸去。近側有鹽官。即差判官長岑宿禰高名准錄事高丘宿禰百興。令向鎮家。兼送文條([□@考]條恐牒字)即鹽官判官元行存。乘小船來慰問。使等筆上([□@考]上池本作言)國風。大使
E715,E188,L267,AT_LOCATION,"十艘。充大宰府。
辛夘。天皇御大極殿。受朝。從四位上藤原朝臣武智麻呂。從四位下多治比眞人縣守二人。賛引皇太子也。
己亥。入唐使等拜見。皆着唐國所授朝服。
壬寅。授從四位上路"
E716,E190,L117,HAS_SUBJECT,"赦除之。其癈疾之徒。不能自存。量加賑恤。仍令長官親自慰問。兼給湯藥。僧尼亦同。布告天下知朕意焉。
壬申。多治比眞人縣守等自唐國至。
甲戌。進節刀。此度使人略無闕亡。前年大使從五位上坂合部宿祢大分亦隨而來歸。
三年春正月庚寅朔。廢朝。大風也。」以舶二艘。獨底船十艘。充大宰府。
辛夘。天皇御大極殿。受朝。從四位上藤原朝臣武智麻呂。"
E717,E190,L150,AT_LOCATION,"赦除之。其癈疾之徒。不能自存。量加賑恤。仍令長官親自慰問。兼給湯藥。僧尼亦同。布告天下知朕意焉。
壬申。多治比眞人縣守等自唐國至。
甲戌。進節刀。此度使人略無闕亡。前年大使從五位上坂合部宿祢大分亦隨而來歸。
三年春正月庚寅朔。廢朝。大風也。」以舶二艘。獨底船十艘。充大宰府。
辛夘。天皇御大極殿。受朝。從四位上藤原朝臣武智麻呂。"
E718,L117,L150,TRAVEL,"赦除之。其癈疾之徒。不能自存。量加賑恤。仍令長官親自慰問。兼給湯藥。僧尼亦同。布告天下知朕意焉。
壬申。多治比眞人縣守等自唐國至。
甲戌。進節刀。此度使人略無闕亡。前年大使從五位上坂合部宿祢大分亦隨而來歸。
三年春正月庚寅朔。廢朝。大風也。」以舶二艘。獨底船十艘。充大宰府。
辛夘。天皇御大極殿。受朝。從四位上藤原朝臣武智麻呂。"
E719,E191,P255,HAS_SUBJECT,"手等十六人駕編板漂着之状。
己亥。勅符遣唐大使藤原朝臣常嗣。省大宰府去月廿日飛驛奏言。第三舶水脚十六人。編板如桴。駕之漂着對馬嶋南浦。其水脚等申云。舶實依數解散者。翻水不收。悔而何及。言念災變。永用憫傷。又案又案同府別奏言。彫弊未復。旱疫相仍。使人等六百有餘不堪供給。伏望准寳字寳龜例。使人入京。水脚還郷。又留判官録事各一人。与府司"
E720,E191,L155,AT_LOCATION,"手等十六人駕編板漂着之状。
己亥。勅符遣唐大使藤原朝臣常嗣。省大宰府去月廿日飛驛奏言。第三舶水脚十六人。編板如桴。駕之漂着對馬嶋南浦。其水脚等申云。舶實依數解散者。翻水不收。悔而何及。言念災變。永用憫傷。又案又案同府別奏言。彫弊未復。旱疫相仍。使人等六百有餘不堪供給。伏望准寳字寳龜例。使人入京。水脚還郷。又留判官録事各一人。与府司"
E721,P255,L155,TRAVEL,"手等十六人駕編板漂着之状。
己亥。勅符遣唐大使藤原朝臣常嗣。省大宰府去月廿日飛驛奏言。第三舶水脚十六人。編板如桴。駕之漂着對馬嶋南浦。其水脚等申云。舶實依數解散者。翻水不收。悔而何及。言念災變。永用憫傷。又案又案同府別奏言。彫弊未復。旱疫相仍。使人等六百有餘不堪供給。伏望准寳字寳龜例。使人入京。水脚還郷。又留判官録事各一人。与府司"
E722,E192,P018,HAS_SUBJECT,"等。共果國命。
八月戊戌朔。大宰府馳驛。奏遣唐使第三舶水手等十六人駕編板漂着之状。
己亥。勅符遣唐大使藤原朝臣常嗣。省大宰府去月廿日飛驛奏言。第三舶水脚十六人。編板如桴。駕之漂着對馬嶋南浦。其水脚等申云。舶實依數解散者。翻水不收。悔而何及。言念災變。永用憫傷。又案又案同府別奏"
E723,E193,P255,HAS_SUBJECT,"水手等十六人駕編板漂着之状。
己亥。勅符遣唐大使藤原朝臣常嗣。省大宰府去月廿日飛驛奏言。第三舶水脚十六人。編板如桴。駕之漂着對馬嶋南浦。其水脚等申云。舶實依數解散者。翻水不收。悔而何及。言念災變。永用憫傷。又案又案同府別奏言。彫弊未復。旱疫相仍。使人等六百有餘不堪供給。伏望准寳字寳龜例。使人入京。水脚還郷。又留判官録事各一"
E724,E193,L155,AT_LOCATION,"水手等十六人駕編板漂着之状。
己亥。勅符遣唐大使藤原朝臣常嗣。省大宰府去月廿日飛驛奏言。第三舶水脚十六人。編板如桴。駕之漂着對馬嶋南浦。其水脚等申云。舶實依數解散者。翻水不收。悔而何及。言念災變。永用憫傷。又案又案同府別奏言。彫弊未復。旱疫相仍。使人等六百有餘不堪供給。伏望准寳字寳龜例。使人入京。水脚還郷。又留判官録事各一"
E725,E194,P308,HAS_SUBJECT,"欲更入都者。隨願駐之。但大使副使。去留任意。其縁修造事。應留判官并録事者。任大使之簡定。
辛丑。遣唐第三舶人九人。駕桴漂着肥前國。
乙巳。勅曰。遣唐第三舶。未遂利渉。半途漂損。纔乘桴所着使下之徒廿有五人。漂着之後。已經旬日。而判官録事史生知乘船事等惣一百餘人。未知所去。存亡難量。宜仰大宰府。差海邊諳路之人。遣絶嶋無人之處。漂損"
E726,E194,P309,AT_LOCATION,"欲更入都者。隨願駐之。但大使副使。去留任意。其縁修造事。應留判官并録事者。任大使之簡定。
辛丑。遣唐第三舶人九人。駕桴漂着肥前國。
乙巳。勅曰。遣唐第三舶。未遂利渉。半途漂損。纔乘桴所着使下之徒廿有五人。漂着之後。已經旬日。而判官録事史生知乘船事等惣一百餘人。未知所去。存亡難量。宜仰大宰府。差海邊諳路之人。遣絶嶋無人之處。漂損"
E727,P308,P309,TRAVEL,"欲更入都者。隨願駐之。但大使副使。去留任意。其縁修造事。應留判官并録事者。任大使之簡定。
辛丑。遣唐第三舶人九人。駕桴漂着肥前國。
乙巳。勅曰。遣唐第三舶。未遂利渉。半途漂損。纔乘桴所着使下之徒廿有五人。漂着之後。已經旬日。而判官録事史生知乘船事等惣一百餘人。未知所去。存亡難量。宜仰大宰府。差海邊諳路之人。遣絶嶋無人之處。漂損"
E728,E195,P307,HAS_SUBJECT,"不欲更入都者。隨願駐之。但大使副使。去留任意。其縁修造事。應留判官并録事者。任大使之簡定。
辛丑。遣唐第三舶人九人。駕桴漂着肥前國。
乙巳。勅曰。遣唐第三舶。未遂利渉。半途漂損。纔乘桴所着使下之徒廿有五人。漂着之後。已經旬日。而判官録事史生知乘船事等惣一百餘人。未知所去。存亡難量。宜仰大宰府。差海邊諳路之人。遣絶嶋無人之處"
E729,E195,P309,AT_LOCATION,"不欲更入都者。隨願駐之。但大使副使。去留任意。其縁修造事。應留判官并録事者。任大使之簡定。
辛丑。遣唐第三舶人九人。駕桴漂着肥前國。
乙巳。勅曰。遣唐第三舶。未遂利渉。半途漂損。纔乘桴所着使下之徒廿有五人。漂着之後。已經旬日。而判官録事史生知乘船事等惣一百餘人。未知所去。存亡難量。宜仰大宰府。差海邊諳路之人。遣絶嶋無人之處"
E730,P307,P309,TRAVEL,"不欲更入都者。隨願駐之。但大使副使。去留任意。其縁修造事。應留判官并録事者。任大使之簡定。
辛丑。遣唐第三舶人九人。駕桴漂着肥前國。
乙巳。勅曰。遣唐第三舶。未遂利渉。半途漂損。纔乘桴所着使下之徒廿有五人。漂着之後。已經旬日。而判官録事史生知乘船事等惣一百餘人。未知所去。存亡難量。宜仰大宰府。差海邊諳路之人。遣絶嶋無人之處"
E731,E196,P233,AT_LOCATION,"定。
辛丑。遣唐第三舶人九人。駕桴漂着肥前國。
乙巳。勅曰。遣唐第三舶。未遂利渉。半途漂損。纔乘桴所着使下之徒廿有五人。漂着之後。已經旬日。而判官録事史生知乘船事等惣一百餘人。未知所去。存亡難量。宜仰大宰府。差海邊諳路之人。遣絶嶋無人之處。漂損人物一向尋覓。募以穀帛。"
E732,E197,P206,HAS_SUBJECT,"赴日本寮，共泛舶，凡三日夜，着大宰府，年丁亥也。

同四年
釋真如泛海入唐，遍詢名德，不充如意，遂杖錫西邁。元慶五年，在唐留學沙門中瓘寄書來曰：「如皇子過流沙，傳聞到羅越國，逆旅迁化。」

村上天皇天德三年
《楚帖》曰：「五代後周世祖顯"
E733,E197,L132,AT_LOCATION,"赴日本寮，共泛舶，凡三日夜，着大宰府，年丁亥也。

同四年
釋真如泛海入唐，遍詢名德，不充如意，遂杖錫西邁。元慶五年，在唐留學沙門中瓘寄書來曰：「如皇子過流沙，傳聞到羅越國，逆旅迁化。」

村上天皇天德三年
《楚帖》曰：「五代後周世祖顯"
E734,P206,L132,TRAVEL,"赴日本寮，共泛舶，凡三日夜，着大宰府，年丁亥也。

同四年
釋真如泛海入唐，遍詢名德，不充如意，遂杖錫西邁。元慶五年，在唐留學沙門中瓘寄書來曰：「如皇子過流沙，傳聞到羅越國，逆旅迁化。」

村上天皇天德三年
《楚帖》曰：「五代後周世祖顯"
E735,E198,P206,HAS_SUBJECT,"也。

同四年
釋真如泛海入唐，遍詢名德，不充如意，遂杖錫西邁。元慶五年，在唐留學沙門中瓘寄書來曰：「如皇子過流沙，傳聞到羅越國，逆旅迁化。」

村上天皇天德三年
《楚帖》曰：「五代後周世祖顯德五年，歲在戊午，有日本國傳瑜伽大教弘順大師，賜紫寛輔。又云：本國都城南五百餘里有金峰山，頂上有金剛藏王菩薩，第一靈異。山有松檜、名花、"
E736,E198,P225,AT_LOCATION,"也。

同四年
釋真如泛海入唐，遍詢名德，不充如意，遂杖錫西邁。元慶五年，在唐留學沙門中瓘寄書來曰：「如皇子過流沙，傳聞到羅越國，逆旅迁化。」

村上天皇天德三年
《楚帖》曰：「五代後周世祖顯德五年，歲在戊午，有日本國傳瑜伽大教弘順大師，賜紫寛輔。又云：本國都城南五百餘里有金峰山，頂上有金剛藏王菩薩，第一靈異。山有松檜、名花、"
E737,P206,P225,TRAVEL,"也。

同四年
釋真如泛海入唐，遍詢名德，不充如意，遂杖錫西邁。元慶五年，在唐留學沙門中瓘寄書來曰：「如皇子過流沙，傳聞到羅越國，逆旅迁化。」

村上天皇天德三年
《楚帖》曰：「五代後周世祖顯德五年，歲在戊午，有日本國傳瑜伽大教弘順大師，賜紫寛輔。又云：本國都城南五百餘里有金峰山，頂上有金剛藏王菩薩，第一靈異。山有松檜、名花、"
E738,E201,P312,HAS_SUBJECT,"正税貳仟束。其軍士蝦夷俘囚有功者。按察使簡定奏聞。
丁夘。帝臨軒。渤海國使高南申等貢方物。奏曰。國王大欽茂言。爲獻日本朝遣唐大使特進兼秘書監藤原朝臣河清上表并恒貢物。差輔國大將軍高南申等。充使入朝。詔曰。遣唐大使藤原河清久不來歸。所鬱念也。而高麗王差南申令齎河清表文入朝。王之款誠。實有嘉"
E739,E202,P248,HAS_SUBJECT,"記
梁容若
圓仁，日本稱為慈覺大師，為天台宗名僧，唐文宗時來華留學，稽留十年，宣宗大中初回國，著有入唐求法巡禮記四卷，為外人所記唐代重要史料。今略考其生平，並論引其遊唐日記為本篇。
一、圓仁傳略
釋圓仁姓壬生氏，日本桓武天皇延曆十三年（唐德宗貞元十年，西元七九四）生於下野都賀郡。幼喪父，性聰敏，風貌溫雅。"
E740,E202,C020,AT_LOCATION,"記
梁容若
圓仁，日本稱為慈覺大師，為天台宗名僧，唐文宗時來華留學，稽留十年，宣宗大中初回國，著有入唐求法巡禮記四卷，為外人所記唐代重要史料。今略考其生平，並論引其遊唐日記為本篇。
一、圓仁傳略
釋圓仁姓壬生氏，日本桓武天皇延曆十三年（唐德宗貞元十年，西元七九四）生於下野都賀郡。幼喪父，性聰敏，風貌溫雅。"
E741,P248,C020,TRAVEL,"記
梁容若
圓仁，日本稱為慈覺大師，為天台宗名僧，唐文宗時來華留學，稽留十年，宣宗大中初回國，著有入唐求法巡禮記四卷，為外人所記唐代重要史料。今略考其生平，並論引其遊唐日記為本篇。
一、圓仁傳略
釋圓仁姓壬生氏，日本桓武天皇延曆十三年（唐德宗貞元十年，西元七九四）生於下野都賀郡。幼喪父，性聰敏，風貌溫雅。"
E742,E203,C018,HAS_SUBJECT,"記
梁容若
圓仁，日本稱為慈覺大師，為天台宗名僧，唐文宗時來華留學，稽留十年，宣宗大中初回國，著有入唐求法巡禮記四卷，為外人所記唐代重要史料。今略考其生平，並論引其遊唐日記為本篇。
一、圓仁傳略
釋圓仁姓壬生氏，日本桓武天皇延曆十三年（唐德宗貞元十年，西元七九四）生於下野都賀郡。幼喪父，性聰"
E743,E203,C020,AT_LOCATION,"記
梁容若
圓仁，日本稱為慈覺大師，為天台宗名僧，唐文宗時來華留學，稽留十年，宣宗大中初回國，著有入唐求法巡禮記四卷，為外人所記唐代重要史料。今略考其生平，並論引其遊唐日記為本篇。
一、圓仁傳略
釋圓仁姓壬生氏，日本桓武天皇延曆十三年（唐德宗貞元十年，西元七九四）生於下野都賀郡。幼喪父，性聰"
E744,C018,C020,TRAVEL,"記
梁容若
圓仁，日本稱為慈覺大師，為天台宗名僧，唐文宗時來華留學，稽留十年，宣宗大中初回國，著有入唐求法巡禮記四卷，為外人所記唐代重要史料。今略考其生平，並論引其遊唐日記為本篇。
一、圓仁傳略
釋圓仁姓壬生氏，日本桓武天皇延曆十三年（唐德宗貞元十年，西元七九四）生於下野都賀郡。幼喪父，性聰"
E745,E204,P168,HAS_SUBJECT,聰敏，風貌溫雅。年九歲其兄授以經史。同郡大慈寺有僧曰廣智，乃唐鑑真和尚三傳弟子，德行該博，鞠為法嗣，遂專修內典。年十五，登京都比叡山謁傳教大師最澄，教以止觀大定妙慧，嶄然出儕
E746,E204,L262,AT_LOCATION,聰敏，風貌溫雅。年九歲其兄授以經史。同郡大慈寺有僧曰廣智，乃唐鑑真和尚三傳弟子，德行該博，鞠為法嗣，遂專修內典。年十五，登京都比叡山謁傳教大師最澄，教以止觀大定妙慧，嶄然出儕
E747,E205,P016,HAS_SUBJECT,"闍梨之所付也。空 
海去延暦二十三年季夏之月。隨入唐
大使藤原朝臣。同上第一船發赴咸陽。
其年八月到福州著岸。十二月下旬到
長安城。宣陽坊宮宅安置。二十四年仲
春十一日。大使等旋軔本朝。唯空海孑
然准勅留住西明寺永忠和尚故院。於
是歴城中訪名徳。偶然奉遇青龍寺東
塔院和尚法諱惠果阿闍梨。其大徳則
大興善寺大廣智三藏之付法弟子也。"
E748,E205,L322,AT_LOCATION,"闍梨之所付也。空 
海去延暦二十三年季夏之月。隨入唐
大使藤原朝臣。同上第一船發赴咸陽。
其年八月到福州著岸。十二月下旬到
長安城。宣陽坊宮宅安置。二十四年仲
春十一日。大使等旋軔本朝。唯空海孑
然准勅留住西明寺永忠和尚故院。於
是歴城中訪名徳。偶然奉遇青龍寺東
塔院和尚法諱惠果阿闍梨。其大徳則
大興善寺大廣智三藏之付法弟子也。"
E749,P016,L322,TRAVEL,"闍梨之所付也。空 
海去延暦二十三年季夏之月。隨入唐
大使藤原朝臣。同上第一船發赴咸陽。
其年八月到福州著岸。十二月下旬到
長安城。宣陽坊宮宅安置。二十四年仲
春十一日。大使等旋軔本朝。唯空海孑
然准勅留住西明寺永忠和尚故院。於
是歴城中訪名徳。偶然奉遇青龍寺東
塔院和尚法諱惠果阿闍梨。其大徳則
大興善寺大廣智三藏之付法弟子也。"
E750,E206,P046,HAS_SUBJECT,"右五種。亦是青龍阿闍梨之所付也。空 
海去延暦二十三年季夏之月。隨入唐
大使藤原朝臣。同上第一船發赴咸陽。
其年八月到福州著岸。十二月下旬到
長安城。宣陽坊宮宅安置。二十四年仲
春十一日。大使等旋軔本朝。唯空海孑
然准勅留住西明寺永忠和尚故院。於
是歴城中訪名徳。偶然奉遇青龍寺東
塔院和尚法諱惠果阿闍梨。其大徳則
大興善"
E751,E206,L062,AT_LOCATION,"右五種。亦是青龍阿闍梨之所付也。空 
海去延暦二十三年季夏之月。隨入唐
大使藤原朝臣。同上第一船發赴咸陽。
其年八月到福州著岸。十二月下旬到
長安城。宣陽坊宮宅安置。二十四年仲
春十一日。大使等旋軔本朝。唯空海孑
然准勅留住西明寺永忠和尚故院。於
是歴城中訪名徳。偶然奉遇青龍寺東
塔院和尚法諱惠果阿闍梨。其大徳則
大興善"
E752,P046,L062,TRAVEL,"右五種。亦是青龍阿闍梨之所付也。空 
海去延暦二十三年季夏之月。隨入唐
大使藤原朝臣。同上第一船發赴咸陽。
其年八月到福州著岸。十二月下旬到
長安城。宣陽坊宮宅安置。二十四年仲
春十一日。大使等旋軔本朝。唯空海孑
然准勅留住西明寺永忠和尚故院。於
是歴城中訪名徳。偶然奉遇青龍寺東
塔院和尚法諱惠果阿闍梨。其大徳則
大興善"
E753,E207,P213,HAS_SUBJECT,"虎珀供養鋺一口
白瑠璃供養椀一口
紺瑠璃箸一具
　　右五種。亦是青龍阿闍梨之所付也。空 
海去延暦二十三年季夏之月。隨入唐
大使藤原朝臣。同上第一船發赴咸陽。
其年八月到福州著岸。十二月下旬到
長安城。宣陽坊宮宅安置。二十四年仲
春十一日。大使等旋軔本朝。唯空海孑
然准勅留住西明寺永忠和尚故院。於
是歴城中訪名徳。偶然奉遇"
E754,E207,L062,AT_LOCATION,"虎珀供養鋺一口
白瑠璃供養椀一口
紺瑠璃箸一具
　　右五種。亦是青龍阿闍梨之所付也。空 
海去延暦二十三年季夏之月。隨入唐
大使藤原朝臣。同上第一船發赴咸陽。
其年八月到福州著岸。十二月下旬到
長安城。宣陽坊宮宅安置。二十四年仲
春十一日。大使等旋軔本朝。唯空海孑
然准勅留住西明寺永忠和尚故院。於
是歴城中訪名徳。偶然奉遇"
E755,P213,L062,TRAVEL,"虎珀供養鋺一口
白瑠璃供養椀一口
紺瑠璃箸一具
　　右五種。亦是青龍阿闍梨之所付也。空 
海去延暦二十三年季夏之月。隨入唐
大使藤原朝臣。同上第一船發赴咸陽。
其年八月到福州著岸。十二月下旬到
長安城。宣陽坊宮宅安置。二十四年仲
春十一日。大使等旋軔本朝。唯空海孑
然准勅留住西明寺永忠和尚故院。於
是歴城中訪名徳。偶然奉遇"
E756,E208,P016,HAS_SUBJECT,"闍梨之所付也。空 
海去延暦二十三年季夏之月。隨入唐
大使藤原朝臣。同上第一船發赴咸陽。
其年八月到福州著岸。十二月下旬到
長安城。宣陽坊宮宅安置。二十四年仲
春十一日。大使等旋軔本朝。唯空海孑
然准勅留住西明寺永忠和尚故院。於
是歴城中訪名徳。偶然奉遇青龍寺東
塔院和尚法諱惠果阿闍梨。其大徳則
大興善寺大廣智三藏之付法弟子也。"
E757,E208,L322,AT_LOCATION,"闍梨之所付也。空 
海去延暦二十三年季夏之月。隨入唐
大使藤原朝臣。同上第一船發赴咸陽。
其年八月到福州著岸。十二月下旬到
長安城。宣陽坊宮宅安置。二十四年仲
春十一日。大使等旋軔本朝。唯空海孑
然准勅留住西明寺永忠和尚故院。於
是歴城中訪名徳。偶然奉遇青龍寺東
塔院和尚法諱惠果阿闍梨。其大徳則
大興善寺大廣智三藏之付法弟子也。"
E758,E209,P192,HAS_SUBJECT,"唐副使從四位上吉備朝臣眞備船。以去年十二月七日。來着益久嶋。自是之後。自益久嶋進發。漂蕩着紀伊國牟漏埼。
丙寅。副使大伴宿祢古麻呂自唐國至。古麻呂奏曰。大唐天寳十二載。歳在癸巳正月朔癸夘。百官諸蕃朝賀。天子於蓬莱宮含元殿受朝。是日。以我次西畔第二吐蕃下。以新羅使次東畔第一大食國上。古麻呂論曰。自"
E759,E209,L044,AT_LOCATION,"唐副使從四位上吉備朝臣眞備船。以去年十二月七日。來着益久嶋。自是之後。自益久嶋進發。漂蕩着紀伊國牟漏埼。
丙寅。副使大伴宿祢古麻呂自唐國至。古麻呂奏曰。大唐天寳十二載。歳在癸巳正月朔癸夘。百官諸蕃朝賀。天子於蓬莱宮含元殿受朝。是日。以我次西畔第二吐蕃下。以新羅使次東畔第一大食國上。古麻呂論曰。自"
E760,P192,L044,TRAVEL,"唐副使從四位上吉備朝臣眞備船。以去年十二月七日。來着益久嶋。自是之後。自益久嶋進發。漂蕩着紀伊國牟漏埼。
丙寅。副使大伴宿祢古麻呂自唐國至。古麻呂奏曰。大唐天寳十二載。歳在癸巳正月朔癸夘。百官諸蕃朝賀。天子於蓬莱宮含元殿受朝。是日。以我次西畔第二吐蕃下。以新羅使次東畔第一大食國上。古麻呂論曰。自"
E761,E210,P212,HAS_SUBJECT,"位上吉備朝臣眞備船。以去年十二月七日。來着益久嶋。自是之後。自益久嶋進發。漂蕩着紀伊國牟漏埼。
丙寅。副使大伴宿祢古麻呂自唐國至。古麻呂奏曰。大唐天寳十二載。歳在癸巳正月朔癸夘。百官諸蕃朝賀。天子於蓬莱宮含元殿受朝。是日。以我次西畔第二吐蕃下。以新羅使次東畔第一大食國上。古麻呂論曰。自古至今。新羅之朝貢大日本國久矣。而今列東畔"
E762,E210,L044,AT_LOCATION,"位上吉備朝臣眞備船。以去年十二月七日。來着益久嶋。自是之後。自益久嶋進發。漂蕩着紀伊國牟漏埼。
丙寅。副使大伴宿祢古麻呂自唐國至。古麻呂奏曰。大唐天寳十二載。歳在癸巳正月朔癸夘。百官諸蕃朝賀。天子於蓬莱宮含元殿受朝。是日。以我次西畔第二吐蕃下。以新羅使次東畔第一大食國上。古麻呂論曰。自古至今。新羅之朝貢大日本國久矣。而今列東畔"
E763,P212,L044,TRAVEL,"位上吉備朝臣眞備船。以去年十二月七日。來着益久嶋。自是之後。自益久嶋進發。漂蕩着紀伊國牟漏埼。
丙寅。副使大伴宿祢古麻呂自唐國至。古麻呂奏曰。大唐天寳十二載。歳在癸巳正月朔癸夘。百官諸蕃朝賀。天子於蓬莱宮含元殿受朝。是日。以我次西畔第二吐蕃下。以新羅使次東畔第一大食國上。古麻呂論曰。自古至今。新羅之朝貢大日本國久矣。而今列東畔"
E764,E212,L118,HAS_SUBJECT,"官諸蕃朝賀。天子於蓬莱宮含元殿受朝。是日。以我次西畔第二吐蕃下。以新羅使次東畔第一大食國上。古麻呂論曰。自古至今。新羅之朝貢大日本國久矣。而今列東畔上。我反在其下。義不合得。時將軍呉懷實見知古麻呂不肯色。即引新羅使。次西畔第二吐蕃下。以日本使次東畔第一大食國上。
二"
E765,E212,L184,AT_LOCATION,"官諸蕃朝賀。天子於蓬莱宮含元殿受朝。是日。以我次西畔第二吐蕃下。以新羅使次東畔第一大食國上。古麻呂論曰。自古至今。新羅之朝貢大日本國久矣。而今列東畔上。我反在其下。義不合得。時將軍呉懷實見知古麻呂不肯色。即引新羅使。次西畔第二吐蕃下。以日本使次東畔第一大食國上。
二"
E766,L118,L184,PARTICIPATE,"官諸蕃朝賀。天子於蓬莱宮含元殿受朝。是日。以我次西畔第二吐蕃下。以新羅使次東畔第一大食國上。古麻呂論曰。自古至今。新羅之朝貢大日本國久矣。而今列東畔上。我反在其下。義不合得。時將軍呉懷實見知古麻呂不肯色。即引新羅使。次西畔第二吐蕃下。以日本使次東畔第一大食國上。
二"
E767,E213,L044,AT_LOCATION,"唐副使從四位上吉備朝臣眞備船。以去年十二月七日。來着益久嶋。自是之後。自益久嶋進發。漂蕩着紀伊國牟漏埼。
丙寅。副使大伴宿祢古麻呂自唐國至。古麻呂奏曰。大唐天寳十二載。歳在癸巳正月朔癸夘。百官諸蕃朝賀。天子於蓬莱宮含元殿受朝。是日。以我次西畔第二吐蕃下。以新羅使次東畔第一大食國上。古麻呂論"
E768,E214,P140,HAS_SUBJECT,）廿二年癸未二月己未日。大僧都行賀卒。春秋七十有五也。俗姓上毛野公、大和国広瀬郡人也。生年十五出家、廿受具足戒、廿五被宛入唐留学、学唯識法花両宗。住唐卅一年、帰来之日、歴試身才。東大寺僧明一、難問宗義、
E769,E214,P098,AT_LOCATION,）廿二年癸未二月己未日。大僧都行賀卒。春秋七十有五也。俗姓上毛野公、大和国広瀬郡人也。生年十五出家、廿受具足戒、廿五被宛入唐留学、学唯識法花両宗。住唐卅一年、帰来之日、歴試身才。東大寺僧明一、難問宗義、
E770,P140,P098,TRAVEL,）廿二年癸未二月己未日。大僧都行賀卒。春秋七十有五也。俗姓上毛野公、大和国広瀬郡人也。生年十五出家、廿受具足戒、廿五被宛入唐留学、学唯識法花両宗。住唐卅一年、帰来之日、歴試身才。東大寺僧明一、難問宗義、
E771,E215,L234,AT_LOCATION,春秋七十有五也。俗姓上毛野公、大和国広瀬郡人也。生年十五出家、廿受具足戒、廿五被宛入唐留学、学唯識法花両宗。住唐卅一年、帰来之日、歴試身才。東大寺僧明一、難問宗義、
E772,E216,P261,HAS_SUBJECT,"。
（『扶桑略記』）廿二年癸未二月己未日。大僧都行賀卒。春秋七十有五也。俗姓上毛野公、大和国広瀬郡人也。生年十五出家、廿受具足戒、廿五被宛入唐留学、学唯識法花両宗。住唐卅一年、帰来之日、歴試身才。東大寺僧明一、難問宗義、"
E773,E216,P098,AT_LOCATION,"。
（『扶桑略記』）廿二年癸未二月己未日。大僧都行賀卒。春秋七十有五也。俗姓上毛野公、大和国広瀬郡人也。生年十五出家、廿受具足戒、廿五被宛入唐留学、学唯識法花両宗。住唐卅一年、帰来之日、歴試身才。東大寺僧明一、難問宗義、"
E774,P261,P098,LEARN,"。
（『扶桑略記』）廿二年癸未二月己未日。大僧都行賀卒。春秋七十有五也。俗姓上毛野公、大和国広瀬郡人也。生年十五出家、廿受具足戒、廿五被宛入唐留学、学唯識法花両宗。住唐卅一年、帰来之日、歴試身才。東大寺僧明一、難問宗義、"
E775,E217,P261,HAS_SUBJECT,"於是、河清、悲傷流涕、遂以大暦五年正月薨。時年七十三。贈■洲大都督。▼是日。造志波城使従三位行近衛中将坂上田村麻呂辞見。賜彩帛五十疋・綿三百屯。
（『扶桑略記』）廿二年癸未二月己未日。大僧都行賀卒。春秋七十有五也。俗姓上毛野公、大和国広瀬郡人也。生年十五出家、廿受具足戒、廿五被宛入唐留学、学唯識法花両宗。住唐卅一年、帰来之日"
E776,E218,P255,HAS_SUBJECT,大宰權帥正四位下兼左大弁藤原朝臣常嗣。大貳從四位上南淵朝臣永河等。得今月十九日奏状。知遣唐大使藤原常嗣朝臣等率七隻船。廻着肥前國松浦郡生属嶋。与先到録事大神宗雄船。總是八艘。宜依例
E777,E218,L281,AT_LOCATION,大宰權帥正四位下兼左大弁藤原朝臣常嗣。大貳從四位上南淵朝臣永河等。得今月十九日奏状。知遣唐大使藤原常嗣朝臣等率七隻船。廻着肥前國松浦郡生属嶋。与先到録事大神宗雄船。總是八艘。宜依例
E778,P255,L281,TRAVEL,大宰權帥正四位下兼左大弁藤原朝臣常嗣。大貳從四位上南淵朝臣永河等。得今月十九日奏状。知遣唐大使藤原常嗣朝臣等率七隻船。廻着肥前國松浦郡生属嶋。与先到録事大神宗雄船。總是八艘。宜依例
E779,E219,P006,HAS_SUBJECT,"六口於常寧殿。令修息災之法。有物恠也。
癸酉。以攝津國嶋上郡荒田九段。賜明經碩儒從四位下善道朝臣眞貞。』大宰府飛驛。上奏入唐大使藤原朝臣常嗣等歸着之由。兼使等奏状。
甲戌。勅參議大宰權帥正四位下兼左大弁藤原朝臣常嗣。大貳從四位上南淵朝臣永河等。得今月十九日奏状。知遣唐大使藤原常嗣朝臣等率七隻船。廻着肥前國松浦郡生属嶋。与先"
E780,E219,L040,AT_LOCATION,"六口於常寧殿。令修息災之法。有物恠也。
癸酉。以攝津國嶋上郡荒田九段。賜明經碩儒從四位下善道朝臣眞貞。』大宰府飛驛。上奏入唐大使藤原朝臣常嗣等歸着之由。兼使等奏状。
甲戌。勅參議大宰權帥正四位下兼左大弁藤原朝臣常嗣。大貳從四位上南淵朝臣永河等。得今月十九日奏状。知遣唐大使藤原常嗣朝臣等率七隻船。廻着肥前國松浦郡生属嶋。与先"
E781,P006,L040,TRAVEL,"六口於常寧殿。令修息災之法。有物恠也。
癸酉。以攝津國嶋上郡荒田九段。賜明經碩儒從四位下善道朝臣眞貞。』大宰府飛驛。上奏入唐大使藤原朝臣常嗣等歸着之由。兼使等奏状。
甲戌。勅參議大宰權帥正四位下兼左大弁藤原朝臣常嗣。大貳從四位上南淵朝臣永河等。得今月十九日奏状。知遣唐大使藤原常嗣朝臣等率七隻船。廻着肥前國松浦郡生属嶋。与先"
E782,E220,G001,HAS_SUBJECT,"國住吉神。越前國氣比神。並祈船舶歸着。
辛酉。以東鴻臚院地二町。充典藥寮。爲御藥園。
壬申。請眞言僧十六口於常寧殿。令修息災之法。有物恠也。
癸酉。以攝津國嶋上郡荒田九段。賜明經碩儒從四位下善道朝臣眞貞。』大宰府飛驛。上奏入唐大使藤原朝"
E783,E220,L041,AT_LOCATION,"國住吉神。越前國氣比神。並祈船舶歸着。
辛酉。以東鴻臚院地二町。充典藥寮。爲御藥園。
壬申。請眞言僧十六口於常寧殿。令修息災之法。有物恠也。
癸酉。以攝津國嶋上郡荒田九段。賜明經碩儒從四位下善道朝臣眞貞。』大宰府飛驛。上奏入唐大使藤原朝"
E784,G001,L041,TRAVEL,"國住吉神。越前國氣比神。並祈船舶歸着。
辛酉。以東鴻臚院地二町。充典藥寮。爲御藥園。
壬申。請眞言僧十六口於常寧殿。令修息災之法。有物恠也。
癸酉。以攝津國嶋上郡荒田九段。賜明經碩儒從四位下善道朝臣眞貞。』大宰府飛驛。上奏入唐大使藤原朝"
E785,E221,P255,HAS_SUBJECT,"之法。有物恠也。
癸酉。以攝津國嶋上郡荒田九段。賜明經碩儒從四位下善道朝臣眞貞。』大宰府飛驛。上奏入唐大使藤原朝臣常嗣等歸着之由。兼使等奏状。
甲戌。勅參議大宰權帥正四位下兼左大弁藤原朝臣常嗣。大貳從四位上南淵朝臣永河等。得今月十九日奏状。知遣唐大使藤原常嗣朝臣等率七隻船。廻着肥前國松浦郡生属嶋。与先到録事大神宗雄船。總是"
E786,E221,L040,AT_LOCATION,"之法。有物恠也。
癸酉。以攝津國嶋上郡荒田九段。賜明經碩儒從四位下善道朝臣眞貞。』大宰府飛驛。上奏入唐大使藤原朝臣常嗣等歸着之由。兼使等奏状。
甲戌。勅參議大宰權帥正四位下兼左大弁藤原朝臣常嗣。大貳從四位上南淵朝臣永河等。得今月十九日奏状。知遣唐大使藤原常嗣朝臣等率七隻船。廻着肥前國松浦郡生属嶋。与先到録事大神宗雄船。總是"
E787,P255,L040,TRAVEL,"之法。有物恠也。
癸酉。以攝津國嶋上郡荒田九段。賜明經碩儒從四位下善道朝臣眞貞。』大宰府飛驛。上奏入唐大使藤原朝臣常嗣等歸着之由。兼使等奏状。
甲戌。勅參議大宰權帥正四位下兼左大弁藤原朝臣常嗣。大貳從四位上南淵朝臣永河等。得今月十九日奏状。知遣唐大使藤原常嗣朝臣等率七隻船。廻着肥前國松浦郡生属嶋。与先到録事大神宗雄船。總是"
E788,E224,P255,HAS_SUBJECT,議大宰權帥正四位下兼左大弁藤原朝臣常嗣。大貳從四位上南淵朝臣永河等。得今月十九日奏状。知遣唐大使藤原常嗣朝臣等率七隻船。廻着肥前國松浦郡生属嶋。与先到録事大神宗雄船。總是八艘。宜依例
E789,E224,L281,AT_LOCATION,議大宰權帥正四位下兼左大弁藤原朝臣常嗣。大貳從四位上南淵朝臣永河等。得今月十九日奏状。知遣唐大使藤原常嗣朝臣等率七隻船。廻着肥前國松浦郡生属嶋。与先到録事大神宗雄船。總是八艘。宜依例
E790,E225,P108,HAS_SUBJECT,"等使。劉沔檢校尚書左僕射，張仲武檢校尚書右僕射，餘並如故。黠戛斯使注吾合素入朝，獻名馬二匹，言可汗已破迴鶻，迎得太和公主歸國，差人送公主入朝，愁迴鶻殘眾奪之於路。帝遂遣中使送注吾合素往太原迎公主。時烏介可汗中箭，走投黑車子，詔黠戛斯出兵攻之。

三月，太和公主至京師，百官班于章敬寺迎謁，仍令所司告憲宗、穆宗二室。

四月，"
E791,E225,P107,AT_LOCATION,"等使。劉沔檢校尚書左僕射，張仲武檢校尚書右僕射，餘並如故。黠戛斯使注吾合素入朝，獻名馬二匹，言可汗已破迴鶻，迎得太和公主歸國，差人送公主入朝，愁迴鶻殘眾奪之於路。帝遂遣中使送注吾合素往太原迎公主。時烏介可汗中箭，走投黑車子，詔黠戛斯出兵攻之。

三月，太和公主至京師，百官班于章敬寺迎謁，仍令所司告憲宗、穆宗二室。

四月，"
E792,P108,P107,TRAVEL,"等使。劉沔檢校尚書左僕射，張仲武檢校尚書右僕射，餘並如故。黠戛斯使注吾合素入朝，獻名馬二匹，言可汗已破迴鶻，迎得太和公主歸國，差人送公主入朝，愁迴鶻殘眾奪之於路。帝遂遣中使送注吾合素往太原迎公主。時烏介可汗中箭，走投黑車子，詔黠戛斯出兵攻之。

三月，太和公主至京師，百官班于章敬寺迎謁，仍令所司告憲宗、穆宗二室。

四月，"
E793,E226,L316,AT_LOCATION,"〈入唐求法巡禮行記卷第二〉
([□@考]開成四年四月)十九日平明。天晴。北風吹。舉矴南出。未時風止。搖櫓指西南行。申時。到邵村浦下矴繫住。當於陶村之西南。擬入於澳。逆潮遄流不能進行。
廿日早朝。新羅人乘小船來。便聞張寶亮。與新羅王子。同心罰得新羅國便令其王子作新羅國王子既了。南風稍切。緣潮逆遄不得定住。東西往復。搖振殊甚。
廿"
E794,E227,C008,HAS_SUBJECT,"卷一

入唐求法巡禮行記卷二

卷三

→

〈入唐求法巡禮行記卷第二〉
([□@考]開成四年四月)十九日平明。天晴。北風吹。舉矴南出。未時風止。搖櫓指西南行。申時。到邵村浦下矴繫住。當於陶村之西南。擬入於澳。逆潮遄"
E795,E227,C013,AT_LOCATION,"卷一

入唐求法巡禮行記卷二

卷三

→

〈入唐求法巡禮行記卷第二〉
([□@考]開成四年四月)十九日平明。天晴。北風吹。舉矴南出。未時風止。搖櫓指西南行。申時。到邵村浦下矴繫住。當於陶村之西南。擬入於澳。逆潮遄"
E796,C008,C013,TRAVEL,"卷一

入唐求法巡禮行記卷二

卷三

→

〈入唐求法巡禮行記卷第二〉
([□@考]開成四年四月)十九日平明。天晴。北風吹。舉矴南出。未時風止。搖櫓指西南行。申時。到邵村浦下矴繫住。當於陶村之西南。擬入於澳。逆潮遄"
E797,E228,P082,HAS_SUBJECT,故天台座主圓仁，慈襟不測，惠翅高飛，到五台而問津，誠同刺頸；開三密而弘教，業是增華。轉大梵輪，正獅子吼。朕昔以眇身，頻接慈眼，恨護持之俄隔，思崇餝而何窮，宜贈法印大和尚，仍諡號慈覺大師」云。事詳「慈覺大師傳」、「三國佛法傳通起緣卷三」、「元亨釋書卷
E798,E228,L019,AT_LOCATION,故天台座主圓仁，慈襟不測，惠翅高飛，到五台而問津，誠同刺頸；開三密而弘教，業是增華。轉大梵輪，正獅子吼。朕昔以眇身，頻接慈眼，恨護持之俄隔，思崇餝而何窮，宜贈法印大和尚，仍諡號慈覺大師」云。事詳「慈覺大師傳」、「三國佛法傳通起緣卷三」、「元亨釋書卷
E799,P082,L019,TRAVEL,故天台座主圓仁，慈襟不測，惠翅高飛，到五台而問津，誠同刺頸；開三密而弘教，業是增華。轉大梵輪，正獅子吼。朕昔以眇身，頻接慈眼，恨護持之俄隔，思崇餝而何窮，宜贈法印大和尚，仍諡號慈覺大師」云。事詳「慈覺大師傳」、「三國佛法傳通起緣卷三」、「元亨釋書卷
E800,E229,C028,HAS_SUBJECT,"覺大師」云。事詳「慈覺大師傳」、「三國佛法傳通起緣卷三」、「元亨釋書卷三」、「日本高僧傳卷六」及「華芳餘輝」等書。
二、入唐始末
日本仁明天皇元年，派參議藤原常嗣為遣唐使。次年七月二日四舶同發，圓仁從行。遇險破舟，均折回。四年七月再發，遭逆風不果。至五年六月十三日，復於九州博多分登第一舶與第四舶，是為三次首"
E801,E230,C028,HAS_SUBJECT,"二、入唐始末
日本仁明天皇元年，派參議藤原常嗣為遣唐使。次年七月二日四舶同發，圓仁從行。遇險破舟，均折回。四年七月再發，遭逆風不果。至五年六月十三日，復於九州博多分登第一舶與第四舶，是為三次首"
E802,E230,L166,AT_LOCATION,"二、入唐始末
日本仁明天皇元年，派參議藤原常嗣為遣唐使。次年七月二日四舶同發，圓仁從行。遇險破舟，均折回。四年七月再發，遭逆風不果。至五年六月十三日，復於九州博多分登第一舶與第四舶，是為三次首"
E803,C028,L166,TRAVEL,"二、入唐始末
日本仁明天皇元年，派參議藤原常嗣為遣唐使。次年七月二日四舶同發，圓仁從行。遇險破舟，均折回。四年七月再發，遭逆風不果。至五年六月十三日，復於九州博多分登第一舶與第四舶，是為三次首"
E804,E231,C013,AT_LOCATION,"不敢作輕蔑之心。若逢驢畜。亦起疑心。恐是文殊化現歟。舉目所見。皆起文殊所化之想。聖靈之地。使人自然對境起崇重之心也。
〈入唐求法巡禮行記卷第二〉"
E805,E232,L065,AT_LOCATION,"婆林邑也見唐書環王國下)國人捨二百貫。今國眾計少人數。仍募五十貫者。轉催感少。
八日新羅人王請來相看。是本國弘仁十年。流著出州國之唐人張覺濟等同船之人也。問漂流之由。申云為交易諸物。離此過海。忽遇惡風。南流三月。流著出州國。其張覺濟兄弟二人。臨將發時。同共逃留出州。從北出州。就北海而發。得好風十五箇日。流著長門國。頗解本國語("
E806,E233,P017,HAS_SUBJECT,來相看。是本國弘仁十年。流著出州國之唐人張覺濟等同船之人也。問漂流之由。申云為交易諸物。離此過海。忽遇惡風。南流三月。流著出州國。其張覺濟兄弟二人。臨將發時。同共逃留出州。從北出州。就北海而發。得好風十五箇日。流著長門國。頗解本國語([□@考]出州之州恐羽字。日本紀略弘仁十一年四月戊戌唐人李少貞等二十人漂著出羽國。是或
E807,E233,L245,AT_LOCATION,來相看。是本國弘仁十年。流著出州國之唐人張覺濟等同船之人也。問漂流之由。申云為交易諸物。離此過海。忽遇惡風。南流三月。流著出州國。其張覺濟兄弟二人。臨將發時。同共逃留出州。從北出州。就北海而發。得好風十五箇日。流著長門國。頗解本國語([□@考]出州之州恐羽字。日本紀略弘仁十一年四月戊戌唐人李少貞等二十人漂著出羽國。是或
E808,P017,L245,TRAVEL,來相看。是本國弘仁十年。流著出州國之唐人張覺濟等同船之人也。問漂流之由。申云為交易諸物。離此過海。忽遇惡風。南流三月。流著出州國。其張覺濟兄弟二人。臨將發時。同共逃留出州。從北出州。就北海而發。得好風十五箇日。流著長門國。頗解本國語([□@考]出州之州恐羽字。日本紀略弘仁十一年四月戊戌唐人李少貞等二十人漂著出羽國。是或
E809,E235,P017,HAS_SUBJECT,過海。忽遇惡風。南流三月。流著出州國。其張覺濟兄弟二人。臨將發時。同共逃留出州。從北出州。就北海而發。得好風十五箇日。流著長門國。頗解本國語([□@考]出州之州恐羽字。日本紀略弘仁十一年四月戊戌唐人李少貞等二十人漂著出羽國。是或
E810,E235,L246,AT_LOCATION,過海。忽遇惡風。南流三月。流著出州國。其張覺濟兄弟二人。臨將發時。同共逃留出州。從北出州。就北海而發。得好風十五箇日。流著長門國。頗解本國語([□@考]出州之州恐羽字。日本紀略弘仁十一年四月戊戌唐人李少貞等二十人漂著出羽國。是或
E811,P017,L246,TRAVEL,過海。忽遇惡風。南流三月。流著出州國。其張覺濟兄弟二人。臨將發時。同共逃留出州。從北出州。就北海而發。得好風十五箇日。流著長門國。頗解本國語([□@考]出州之州恐羽字。日本紀略弘仁十一年四月戊戌唐人李少貞等二十人漂著出羽國。是或
E812,E236,P015,HAS_SUBJECT,海而發。得好風十五箇日。流著長門國。頗解本國語([□@考]出州之州恐羽字。日本紀略弘仁十一年四月戊戌唐人李少貞等二十人漂著出羽國。是或
E813,E236,G028,AT_LOCATION,海而發。得好風十五箇日。流著長門國。頗解本國語([□@考]出州之州恐羽字。日本紀略弘仁十一年四月戊戌唐人李少貞等二十人漂著出羽國。是或
E814,P015,G028,TRAVEL,海而發。得好風十五箇日。流著長門國。頗解本國語([□@考]出州之州恐羽字。日本紀略弘仁十一年四月戊戌唐人李少貞等二十人漂著出羽國。是或
E815,E237,L186,HAS_SUBJECT,"婆([□@考]婆上或脫占字占婆林邑也見唐書環王國下)國人捨二百貫。今國眾計少人數。仍募五十貫者。轉催感少。
八日新羅人王請來相看。是本國弘仁十年。流著出州國之唐人張覺濟等同船之人也。問漂流之由。申云為交易諸物。離此過海。忽遇惡風。南流三月。流著出州國。其張覺濟兄弟二人。臨將發時。同共逃留出州。從北出州。就北海而發。得好風十"
E816,E237,L065,AT_LOCATION,"婆([□@考]婆上或脫占字占婆林邑也見唐書環王國下)國人捨二百貫。今國眾計少人數。仍募五十貫者。轉催感少。
八日新羅人王請來相看。是本國弘仁十年。流著出州國之唐人張覺濟等同船之人也。問漂流之由。申云為交易諸物。離此過海。忽遇惡風。南流三月。流著出州國。其張覺濟兄弟二人。臨將發時。同共逃留出州。從北出州。就北海而發。得好風十"
E817,L186,L065,INTRODUCE,"婆([□@考]婆上或脫占字占婆林邑也見唐書環王國下)國人捨二百貫。今國眾計少人數。仍募五十貫者。轉催感少。
八日新羅人王請來相看。是本國弘仁十年。流著出州國之唐人張覺濟等同船之人也。問漂流之由。申云為交易諸物。離此過海。忽遇惡風。南流三月。流著出州國。其張覺濟兄弟二人。臨將發時。同共逃留出州。從北出州。就北海而發。得好風十"
E818,E238,G027,HAS_SUBJECT,北海而發。得好風十五箇日。流著長門國。頗解本國語([□@考]出州之州恐羽字。日本紀略弘仁十一年四月戊戌唐人李少貞等二十人漂著出羽國。是或
E819,E238,G028,AT_LOCATION,北海而發。得好風十五箇日。流著長門國。頗解本國語([□@考]出州之州恐羽字。日本紀略弘仁十一年四月戊戌唐人李少貞等二十人漂著出羽國。是或
E820,G027,G028,TRAVEL,北海而發。得好風十五箇日。流著長門國。頗解本國語([□@考]出州之州恐羽字。日本紀略弘仁十一年四月戊戌唐人李少貞等二十人漂著出羽國。是或
E821,E239,L065,AT_LOCATION,"占婆林邑也見唐書環王國下)國人捨二百貫。今國眾計少人數。仍募五十貫者。轉催感少。
八日新羅人王請來相看。是本國弘仁十年。流著出州國之唐人張覺濟等同船之人也。問漂流之由。申云為交易諸物。離此過海。忽遇惡風。南流三月。流著出州國。其張覺濟兄弟二人。臨將發時。同共逃留出州。從北出州。就北海而發。得好風十五箇日。流著長門國。頗解本"
E822,E240,P017,HAS_SUBJECT,請來相看。是本國弘仁十年。流著出州國之唐人張覺濟等同船之人也。問漂流之由。申云為交易諸物。離此過海。忽遇惡風。南流三月。流著出州國。其張覺濟兄弟二人。臨將發時。同共逃留出州。從北出州。就北海而發。得好風十五箇日。流著長門國。頗解本國語([□@考]出州之州恐羽字。日本紀略弘仁十一年四月戊戌唐人李少貞等二十人漂著出羽國。是或
E823,E240,L245,AT_LOCATION,請來相看。是本國弘仁十年。流著出州國之唐人張覺濟等同船之人也。問漂流之由。申云為交易諸物。離此過海。忽遇惡風。南流三月。流著出州國。其張覺濟兄弟二人。臨將發時。同共逃留出州。從北出州。就北海而發。得好風十五箇日。流著長門國。頗解本國語([□@考]出州之州恐羽字。日本紀略弘仁十一年四月戊戌唐人李少貞等二十人漂著出羽國。是或
E824,E241,P017,HAS_SUBJECT,此過海。忽遇惡風。南流三月。流著出州國。其張覺濟兄弟二人。臨將發時。同共逃留出州。從北出州。就北海而發。得好風十五箇日。流著長門國。頗解本國語([□@考]出州之州恐羽字。日本紀略弘仁十一年四月戊戌唐人李少貞等二十人漂著出羽國。是或
E825,E241,L246,AT_LOCATION,此過海。忽遇惡風。南流三月。流著出州國。其張覺濟兄弟二人。臨將發時。同共逃留出州。從北出州。就北海而發。得好風十五箇日。流著長門國。頗解本國語([□@考]出州之州恐羽字。日本紀略弘仁十一年四月戊戌唐人李少貞等二十人漂著出羽國。是或
E826,E242,P296,HAS_SUBJECT,"平勝寶四年
《佛祖統紀》曰：日本國孝明天皇天平勝寶四年，遣使入中國，求内外教典。

同五年
正月十二日，鑑真乗副使古舶，着大宰府。四月，入京。
《唐録》曰：玄宗天寶十二年，日本又遣使朝貢。

同六年
正月，遣唐使大伴宿祢古麻吕自唐國至，奏曰：「大唐天寶十二載正月癸卯，百官諸蕃朝貢，天子於蓬莱宫含元殿受朝。是日，以我次西"
E827,E242,L132,AT_LOCATION,"平勝寶四年
《佛祖統紀》曰：日本國孝明天皇天平勝寶四年，遣使入中國，求内外教典。

同五年
正月十二日，鑑真乗副使古舶，着大宰府。四月，入京。
《唐録》曰：玄宗天寶十二年，日本又遣使朝貢。

同六年
正月，遣唐使大伴宿祢古麻吕自唐國至，奏曰：「大唐天寶十二載正月癸卯，百官諸蕃朝貢，天子於蓬莱宫含元殿受朝。是日，以我次西"
E828,P296,L132,TRAVEL,"平勝寶四年
《佛祖統紀》曰：日本國孝明天皇天平勝寶四年，遣使入中國，求内外教典。

同五年
正月十二日，鑑真乗副使古舶，着大宰府。四月，入京。
《唐録》曰：玄宗天寶十二年，日本又遣使朝貢。

同六年
正月，遣唐使大伴宿祢古麻吕自唐國至，奏曰：「大唐天寶十二載正月癸卯，百官諸蕃朝貢，天子於蓬莱宫含元殿受朝。是日，以我次西"
E829,E243,P183,HAS_SUBJECT,"門行善至自高麗。三蔵善無畏來遊。

聖武天皇五年
釋榮睿、普照等隨遣唐大使丹墀廣成入唐留学。

天平八年
七月，南天笁婆羅門種菩提來。釈佛哲，林邑國人，伴菩提同來。

孝謙天皇天平勝寶四年
《佛祖統紀》曰：日本國孝明天皇天平勝寶四年，遣使入中國，求内外教典。

同五年
正月十二日，鑑真"
E830,E244,P280,HAS_SUBJECT,"門行善至自高麗。三蔵善無畏來遊。

聖武天皇五年
釋榮睿、普照等隨遣唐大使丹墀廣成入唐留学。

天平八年
七月，南天笁婆羅門種菩提來。釈佛哲，林邑國人，伴菩提同來。

孝謙天皇天平勝寶四年
《佛祖統紀》曰：日本國孝明天皇天平勝寶四年，遣使入中國，求内外教典。

同五年
正月十二日，鑑真"
E831,E246,P211,HAS_SUBJECT,"真乗副使古舶，着大宰府。四月，入京。
《唐録》曰：玄宗天寶十二年，日本又遣使朝貢。

同六年
正月，遣唐使大伴宿祢古麻吕自唐國至，奏曰：「大唐天寶十二載正月癸卯，百官諸蕃朝貢，天子於蓬莱宫含元殿受朝。是日，以我次西"
E832,E246,L043,AT_LOCATION,"真乗副使古舶，着大宰府。四月，入京。
《唐録》曰：玄宗天寶十二年，日本又遣使朝貢。

同六年
正月，遣唐使大伴宿祢古麻吕自唐國至，奏曰：「大唐天寶十二載正月癸卯，百官諸蕃朝貢，天子於蓬莱宫含元殿受朝。是日，以我次西"
E833,P211,L043,TRAVEL,"真乗副使古舶，着大宰府。四月，入京。
《唐録》曰：玄宗天寶十二年，日本又遣使朝貢。

同六年
正月，遣唐使大伴宿祢古麻吕自唐國至，奏曰：「大唐天寶十二載正月癸卯，百官諸蕃朝貢，天子於蓬莱宫含元殿受朝。是日，以我次西"
E834,E247,P178,HAS_SUBJECT,"中國，求内外教典。

同五年
正月十二日，鑑真乗副使古舶，着大宰府。四月，入京。
《唐録》曰：玄宗天寶十二年，日本又遣使朝貢。

同六年
正月，遣唐使大伴宿祢古麻吕自唐國至，奏曰：「大唐天寶十二載正月癸卯，百官諸蕃朝貢，天子於蓬莱宫含元殿受朝。是日，以我次西"
E835,E247,L043,AT_LOCATION,"中國，求内外教典。

同五年
正月十二日，鑑真乗副使古舶，着大宰府。四月，入京。
《唐録》曰：玄宗天寶十二年，日本又遣使朝貢。

同六年
正月，遣唐使大伴宿祢古麻吕自唐國至，奏曰：「大唐天寶十二載正月癸卯，百官諸蕃朝貢，天子於蓬莱宫含元殿受朝。是日，以我次西"
E836,P178,L043,PARTICIPATE,"中國，求内外教典。

同五年
正月十二日，鑑真乗副使古舶，着大宰府。四月，入京。
《唐録》曰：玄宗天寶十二年，日本又遣使朝貢。

同六年
正月，遣唐使大伴宿祢古麻吕自唐國至，奏曰：「大唐天寶十二載正月癸卯，百官諸蕃朝貢，天子於蓬莱宫含元殿受朝。是日，以我次西"
E837,E248,P203,HAS_SUBJECT,"玄宗天寶十二年，日本又遣使朝貢。

同六年
正月，遣唐使大伴宿祢古麻吕自唐國至，奏曰：「大唐天寶十二載正月癸卯，百官諸蕃朝貢，天子於蓬莱宫含元殿受朝。是日，以我次西"
E838,E248,L043,AT_LOCATION,"玄宗天寶十二年，日本又遣使朝貢。

同六年
正月，遣唐使大伴宿祢古麻吕自唐國至，奏曰：「大唐天寶十二載正月癸卯，百官諸蕃朝貢，天子於蓬莱宫含元殿受朝。是日，以我次西"
E839,P203,L043,PARTICIPATE,"玄宗天寶十二年，日本又遣使朝貢。

同六年
正月，遣唐使大伴宿祢古麻吕自唐國至，奏曰：「大唐天寶十二載正月癸卯，百官諸蕃朝貢，天子於蓬莱宫含元殿受朝。是日，以我次西"
E840,E249,P243,HAS_SUBJECT,況復、観電露之遂空、顧形骸之早弃、苦求入唐、了悟幽旨、乃至、庶幾尋法天竺。貞観三年、上表曰。真如出家以降、四十余年。企三菩提、在一道場。窃以。菩薩之道、不必一致。或住戒行、乃禅乃学。而一時未遂、余算稍頽。所願、跋渉諸国之山林、渇仰斗薮之勝跡。
E841,E250,P188,HAS_SUBJECT,"引新羅次西畔第二吐蕃下，以日本使次東畔第一大食國上。」三善朝臣信貞元永元年四月廿五日所勘。

光仁天皇
寶亀之初，釋永忠入唐。延曆之季，隨使歸。

桓武天皇延曆二十一年
釋最澄賜入唐求法詔。

同二"
E842,E250,P027,AT_LOCATION,"引新羅次西畔第二吐蕃下，以日本使次東畔第一大食國上。」三善朝臣信貞元永元年四月廿五日所勘。

光仁天皇
寶亀之初，釋永忠入唐。延曆之季，隨使歸。

桓武天皇延曆二十一年
釋最澄賜入唐求法詔。

同二"
E843,P188,P027,TRAVEL,"引新羅次西畔第二吐蕃下，以日本使次東畔第一大食國上。」三善朝臣信貞元永元年四月廿五日所勘。

光仁天皇
寶亀之初，釋永忠入唐。延曆之季，隨使歸。

桓武天皇延曆二十一年
釋最澄賜入唐求法詔。

同二"
E844,E251,P168,HAS_SUBJECT,"朝臣信貞元永元年四月廿五日所勘。

光仁天皇
寶亀之初，釋永忠入唐。延曆之季，隨使歸。

桓武天皇延曆二十一年
釋最澄賜入唐求法詔。

同二"
E845,E251,P027,AT_LOCATION,"朝臣信貞元永元年四月廿五日所勘。

光仁天皇
寶亀之初，釋永忠入唐。延曆之季，隨使歸。

桓武天皇延曆二十一年
釋最澄賜入唐求法詔。

同二"
E846,P168,P027,TRAVEL,"朝臣信貞元永元年四月廿五日所勘。

光仁天皇
寶亀之初，釋永忠入唐。延曆之季，隨使歸。

桓武天皇延曆二十一年
釋最澄賜入唐求法詔。

同二"
E847,E252,P211,HAS_SUBJECT,遣唐使大伴宿祢古麻吕自唐國至，奏曰：「大唐天寶十二載正月癸卯，百官諸蕃朝貢，天子於蓬莱宫含元殿受朝。是日，以我次西畔第二吐蕃下，以新羅使次東畔第一大食國上。古麻吕論曰：『自古至今，新羅之朝貢日本國久矣，而今列東畔上，我反在其下，
E848,E252,L043,AT_LOCATION,遣唐使大伴宿祢古麻吕自唐國至，奏曰：「大唐天寶十二載正月癸卯，百官諸蕃朝貢，天子於蓬莱宫含元殿受朝。是日，以我次西畔第二吐蕃下，以新羅使次東畔第一大食國上。古麻吕論曰：『自古至今，新羅之朝貢日本國久矣，而今列東畔上，我反在其下，
E849,E253,P203,HAS_SUBJECT,遣唐使大伴宿祢古麻吕自唐國至，奏曰：「大唐天寶十二載正月癸卯，百官諸蕃朝貢，天子於蓬莱宫含元殿受朝。是日，以我次西畔第二吐蕃下，以新羅使次東畔第一大食國上。古麻吕論曰：『自古至今，新羅之朝貢日本國久矣，而今列東畔上，我反在其下，義不合得。』時，將軍吴懷實見知古麻呂不肯色，即
E850,E253,P027,AT_LOCATION,遣唐使大伴宿祢古麻吕自唐國至，奏曰：「大唐天寶十二載正月癸卯，百官諸蕃朝貢，天子於蓬莱宫含元殿受朝。是日，以我次西畔第二吐蕃下，以新羅使次東畔第一大食國上。古麻吕論曰：『自古至今，新羅之朝貢日本國久矣，而今列東畔上，我反在其下，義不合得。』時，將軍吴懷實見知古麻呂不肯色，即
E851,P203,P027,PARTICIPATE,遣唐使大伴宿祢古麻吕自唐國至，奏曰：「大唐天寶十二載正月癸卯，百官諸蕃朝貢，天子於蓬莱宫含元殿受朝。是日，以我次西畔第二吐蕃下，以新羅使次東畔第一大食國上。古麻吕論曰：『自古至今，新羅之朝貢日本國久矣，而今列東畔上，我反在其下，義不合得。』時，將軍吴懷實見知古麻呂不肯色，即
E852,E254,L183,HAS_SUBJECT,"諸蕃朝貢，天子於蓬莱宫含元殿受朝。是日，以我次西畔第二吐蕃下，以新羅使次東畔第一大食國上。古麻吕論曰：『自古至今，新羅之朝貢日本國久矣，而今列東畔上，我反在其下，義不合得。』時，將軍吴懷實見知古麻呂不肯色，即引新羅次西畔第二吐蕃下，以日本使次東畔第一大食國上。」三善朝臣信貞元永元年四月廿五日所勘。

光仁天皇
寶亀之初，釋"
E853,E254,L185,AT_LOCATION,"諸蕃朝貢，天子於蓬莱宫含元殿受朝。是日，以我次西畔第二吐蕃下，以新羅使次東畔第一大食國上。古麻吕論曰：『自古至今，新羅之朝貢日本國久矣，而今列東畔上，我反在其下，義不合得。』時，將軍吴懷實見知古麻呂不肯色，即引新羅次西畔第二吐蕃下，以日本使次東畔第一大食國上。」三善朝臣信貞元永元年四月廿五日所勘。

光仁天皇
寶亀之初，釋"
E854,L183,L185,PARTICIPATE,"諸蕃朝貢，天子於蓬莱宫含元殿受朝。是日，以我次西畔第二吐蕃下，以新羅使次東畔第一大食國上。古麻吕論曰：『自古至今，新羅之朝貢日本國久矣，而今列東畔上，我反在其下，義不合得。』時，將軍吴懷實見知古麻呂不肯色，即引新羅次西畔第二吐蕃下，以日本使次東畔第一大食國上。」三善朝臣信貞元永元年四月廿五日所勘。

光仁天皇
寶亀之初，釋"
E855,E255,P271,HAS_SUBJECT,達脩朝貢。丹款之美，朕有嘉焉。稍暄，比如常也。故遣鴻臚寺掌客裴世清等，稍宣往意，并送物如別。」時，阿倍臣出進，以受其書而進行。大伴囓連迎出，承書置於大門前机上而奏之。事畢而退焉。是時，皇子、諸王、諸臣悉以金髻
E856,E255,L178,AT_LOCATION,達脩朝貢。丹款之美，朕有嘉焉。稍暄，比如常也。故遣鴻臚寺掌客裴世清等，稍宣往意，并送物如別。」時，阿倍臣出進，以受其書而進行。大伴囓連迎出，承書置於大門前机上而奏之。事畢而退焉。是時，皇子、諸王、諸臣悉以金髻
E857,P271,L178,PARTICIPATE,達脩朝貢。丹款之美，朕有嘉焉。稍暄，比如常也。故遣鴻臚寺掌客裴世清等，稍宣往意，并送物如別。」時，阿倍臣出進，以受其書而進行。大伴囓連迎出，承書置於大門前机上而奏之。事畢而退焉。是時，皇子、諸王、諸臣悉以金髻
E858,E257,P239,HAS_SUBJECT,"冥妨。况巨海之程。艱虞無測。不資霊祐。何以利征。請令諸國轉讀大般若經。▼是日。詔。令五畿内七道諸國。始自今月中旬。至使等歸朝之日。堅固講海龍王經。相并轉讀大般若經。
辛酉。天皇御武徳殿。觀騎射。
乙丑。安藝國言。管驛家十一處。驛家別驛子百廿人。山路險阻。送迎繁多。良倍他國。勞逸不等。始自今年減公廨穎。加擧三万一千二百束。以"
E859,E257,L037,AT_LOCATION,"冥妨。况巨海之程。艱虞無測。不資霊祐。何以利征。請令諸國轉讀大般若經。▼是日。詔。令五畿内七道諸國。始自今月中旬。至使等歸朝之日。堅固講海龍王經。相并轉讀大般若經。
辛酉。天皇御武徳殿。觀騎射。
乙丑。安藝國言。管驛家十一處。驛家別驛子百廿人。山路險阻。送迎繁多。良倍他國。勞逸不等。始自今年減公廨穎。加擧三万一千二百束。以"
E860,P239,L037,TRAVEL,"冥妨。况巨海之程。艱虞無測。不資霊祐。何以利征。請令諸國轉讀大般若經。▼是日。詔。令五畿内七道諸國。始自今月中旬。至使等歸朝之日。堅固講海龍王經。相并轉讀大般若經。
辛酉。天皇御武徳殿。觀騎射。
乙丑。安藝國言。管驛家十一處。驛家別驛子百廿人。山路險阻。送迎繁多。良倍他國。勞逸不等。始自今年減公廨穎。加擧三万一千二百束。以"
E861,E258,P111,AT_LOCATION,"。山路險阻。送迎繁多。良倍他國。勞逸不等。始自今年減公廨穎。加擧三万一千二百束。以彼息利。充給驛子等食。許之。
丁夘。奉授出羽國從五位上勳"
E862,E259,G003,HAS_SUBJECT,"常寧殿。以避暑也。
五月丁巳朔己未。遣唐使上奏言。使等漂廻。嚴綸未允。雖風信之愆。乃是天時。而重行之累。類有冥妨。况巨海之程。艱虞無測。不資霊祐。何以利征。請令諸國轉讀大般若經。▼是日。詔。令五畿内七道諸國。始自今月中旬。至使等歸朝之日。堅固講海龍王經。相并"
E863,E260,P111,AT_LOCATION,"。山路險阻。送迎繁多。良倍他國。勞逸不等。始自今年減公廨穎。加擧三万一千二百束。以彼息利。充給驛子等食。許之。
丁夘。奉授出羽國從五位上勳"
E864,E261,P158,HAS_SUBJECT,艫各去未知所到。■餘人累居方丈之舳舉軸欲沒。載纜枕柁。得少浮上。脱却衣裳。裸身懸坐。米水不入口。已經六日。以十三日亥時漂着肥後國天草
E865,E261,P004,AT_LOCATION,艫各去未知所到。■餘人累居方丈之舳舉軸欲沒。載纜枕柁。得少浮上。脱却衣裳。裸身懸坐。米水不入口。已經六日。以十三日亥時漂着肥後國天草
E866,P158,P004,TRAVEL,艫各去未知所到。■餘人累居方丈之舳舉軸欲沒。載纜枕柁。得少浮上。脱却衣裳。裸身懸坐。米水不入口。已經六日。以十三日亥時漂着肥後國天草
E867,E262,P003,HAS_SUBJECT,舳艫各去未知所到。■餘人累居方丈之舳舉軸欲沒。載纜枕柁。得少浮上。脱却衣裳。裸身懸坐。米水不入口。已經六日。以十三日亥時漂着肥後國天草
E868,E262,P004,AT_LOCATION,舳艫各去未知所到。■餘人累居方丈之舳舉軸欲沒。載纜枕柁。得少浮上。脱却衣裳。裸身懸坐。米水不入口。已經六日。以十三日亥時漂着肥後國天草
E869,P003,P004,TRAVEL,舳艫各去未知所到。■餘人累居方丈之舳舉軸欲沒。載纜枕柁。得少浮上。脱却衣裳。裸身懸坐。米水不入口。已經六日。以十三日亥時漂着肥後國天草
E870,E263,P140,HAS_SUBJECT,也。生年十五出家、廿受具足戒、廿五被宛入唐留学、学唯識法花両宗。住唐卅一年、帰来之日、歴試身才。東大寺僧明一、難問宗義、頗有所塞。明一即罵云。費粮両国、学植膚浅。何違朝寄、不実帰乎。法師大愧、涕泣滂沱。久在他郷、頻忘言語。長途一躓、豈忘千里之
E871,E263,L234,AT_LOCATION,也。生年十五出家、廿受具足戒、廿五被宛入唐留学、学唯識法花両宗。住唐卅一年、帰来之日、歴試身才。東大寺僧明一、難問宗義、頗有所塞。明一即罵云。費粮両国、学植膚浅。何違朝寄、不実帰乎。法師大愧、涕泣滂沱。久在他郷、頻忘言語。長途一躓、豈忘千里之
E872,P140,L234,TRAVEL,也。生年十五出家、廿受具足戒、廿五被宛入唐留学、学唯識法花両宗。住唐卅一年、帰来之日、歴試身才。東大寺僧明一、難問宗義、頗有所塞。明一即罵云。費粮両国、学植膚浅。何違朝寄、不実帰乎。法師大愧、涕泣滂沱。久在他郷、頻忘言語。長途一躓、豈忘千里之
E873,E264,L234,AT_LOCATION,也。生年十五出家、廿受具足戒、廿五被宛入唐留学、学唯識法花両宗。住唐卅一年、帰来之日、歴試身才。東大寺僧明一、難問宗義、頗有所塞。明一即罵云。費粮両国、学植膚浅。何違朝寄、不実帰乎。法師大愧、涕泣滂沱。久在他郷、頻忘言語。長途一躓、豈忘千里之行。深林枯枝、何薄万畝之影。有法華経疏
E874,E265,L234,AT_LOCATION,也。生年十五出家、廿受具足戒、廿五被宛入唐留学、学唯識法花両宗。住唐卅一年、帰来之日、歴試身才。東大寺僧明一、難問宗義、頗有所塞。明一即罵云。費粮両国、学植膚浅。何違朝寄、不実帰乎。法師大愧、涕泣滂沱。久在他郷、頻忘言語。長途一
E875,E266,P146,AT_LOCATION,"執事曰。検案内。被乾政官符稱。得大宰府解稱。得新羅國牒稱依韓内常侍請欲知僧戒融達不。府具状申上者。以去年十月。從高麗國。還歸聖朝。府宜承知即令報知。
八月戊辰。節部省北行東第二雙倉災。
己巳。以中納言從三位氷上眞人塩燒爲兼文部卿。從五位下中臣朝臣鷹主爲武部少輔。從五位下"
E876,E268,G016,HAS_SUBJECT,"、下客十二人，從妹子臣至於筑紫。遣難波吉士雄成，召大唐客裴世清等，爲唐客更造新舘於難波高麗舘之上。
六月壬寅朔丙辰，客等泊于難波津。是日，以餝舩卅艘迎客等于江口，安置新舘。於是，以中臣宫地連摩呂、大河内直糠手、舩史王平爲掌客。爰妹子臣奏之曰：「臣參還之時，唐帝以書授臣。然經過百濟國之日，百濟人探以掠"
E877,E268,L015,AT_LOCATION,"、下客十二人，從妹子臣至於筑紫。遣難波吉士雄成，召大唐客裴世清等，爲唐客更造新舘於難波高麗舘之上。
六月壬寅朔丙辰，客等泊于難波津。是日，以餝舩卅艘迎客等于江口，安置新舘。於是，以中臣宫地連摩呂、大河内直糠手、舩史王平爲掌客。爰妹子臣奏之曰：「臣參還之時，唐帝以書授臣。然經過百濟國之日，百濟人探以掠"
E878,G016,L015,TRAVEL,"、下客十二人，從妹子臣至於筑紫。遣難波吉士雄成，召大唐客裴世清等，爲唐客更造新舘於難波高麗舘之上。
六月壬寅朔丙辰，客等泊于難波津。是日，以餝舩卅艘迎客等于江口，安置新舘。於是，以中臣宫地連摩呂、大河内直糠手、舩史王平爲掌客。爰妹子臣奏之曰：「臣參還之時，唐帝以書授臣。然經過百濟國之日，百濟人探以掠"
E879,E269,P293,HAS_SUBJECT,"池、肩岡一作「罡」池、菅原池。山背國掘大溝於栗隈。且河内國作户苅池、依網池。亦毎國置屯倉。

十六年
夏四月，小野臣妹子至自大唐。唐圀號妹子臣曰蘇因高。即大唐使人裴世清、下客十二人，從妹子臣至於筑紫。遣難波吉士雄成，召大唐客裴世清等，爲唐客更造新舘於難波高麗舘之上。
六月壬寅朔丙辰，客等泊于難波津。是日，以餝舩卅艘迎客等于江口"
E880,E269,L007,AT_LOCATION,"池、肩岡一作「罡」池、菅原池。山背國掘大溝於栗隈。且河内國作户苅池、依網池。亦毎國置屯倉。

十六年
夏四月，小野臣妹子至自大唐。唐圀號妹子臣曰蘇因高。即大唐使人裴世清、下客十二人，從妹子臣至於筑紫。遣難波吉士雄成，召大唐客裴世清等，爲唐客更造新舘於難波高麗舘之上。
六月壬寅朔丙辰，客等泊于難波津。是日，以餝舩卅艘迎客等于江口"
E881,P293,L007,TRAVEL,"池、肩岡一作「罡」池、菅原池。山背國掘大溝於栗隈。且河内國作户苅池、依網池。亦毎國置屯倉。

十六年
夏四月，小野臣妹子至自大唐。唐圀號妹子臣曰蘇因高。即大唐使人裴世清、下客十二人，從妹子臣至於筑紫。遣難波吉士雄成，召大唐客裴世清等，爲唐客更造新舘於難波高麗舘之上。
六月壬寅朔丙辰，客等泊于難波津。是日，以餝舩卅艘迎客等于江口"
E882,E270,L048,HAS_SUBJECT,"中介。
乙未。授正五位上掃守王從四位下。
九月甲辰。授從三位大野朝臣仲千正三位。
癸亥。送高麗使正六位上高麗朝臣殿嗣等來着越前國坂井郡三國湊。勅越前國。遣高麗使并彼國送使。宜安置便處。依例供給之。但殿嗣一人早令入京。
丁夘。詔賜橘宿祢綿裳。三笠。姓朝臣。
冬十月戊寅。授正六位上高麗朝臣殿嗣從五位下。
辛夘。復陽侯忌寸令■本位外從五位下。"
E883,E270,P284,AT_LOCATION,"中介。
乙未。授正五位上掃守王從四位下。
九月甲辰。授從三位大野朝臣仲千正三位。
癸亥。送高麗使正六位上高麗朝臣殿嗣等來着越前國坂井郡三國湊。勅越前國。遣高麗使并彼國送使。宜安置便處。依例供給之。但殿嗣一人早令入京。
丁夘。詔賜橘宿祢綿裳。三笠。姓朝臣。
冬十月戊寅。授正六位上高麗朝臣殿嗣從五位下。
辛夘。復陽侯忌寸令■本位外從五位下。"
E884,L048,P284,TRAVEL,"中介。
乙未。授正五位上掃守王從四位下。
九月甲辰。授從三位大野朝臣仲千正三位。
癸亥。送高麗使正六位上高麗朝臣殿嗣等來着越前國坂井郡三國湊。勅越前國。遣高麗使并彼國送使。宜安置便處。依例供給之。但殿嗣一人早令入京。
丁夘。詔賜橘宿祢綿裳。三笠。姓朝臣。
冬十月戊寅。授正六位上高麗朝臣殿嗣從五位下。
辛夘。復陽侯忌寸令■本位外從五位下。"
E885,E271,P157,HAS_SUBJECT,"位上高麗朝臣殿嗣從五位下。
辛夘。復陽侯忌寸令■本位外從五位下。
癸巳。授无位藤原朝臣今女從五位下。
乙未。遣唐使第三船到泊肥前國松浦郡橘浦。判官勅旨大丞正六位上"
E886,E271,L051,AT_LOCATION,"位上高麗朝臣殿嗣從五位下。
辛夘。復陽侯忌寸令■本位外從五位下。
癸巳。授无位藤原朝臣今女從五位下。
乙未。遣唐使第三船到泊肥前國松浦郡橘浦。判官勅旨大丞正六位上"
E887,P157,L051,TRAVEL,"位上高麗朝臣殿嗣從五位下。
辛夘。復陽侯忌寸令■本位外從五位下。
癸巳。授无位藤原朝臣今女從五位下。
乙未。遣唐使第三船到泊肥前國松浦郡橘浦。判官勅旨大丞正六位上"
E888,E272,L048,HAS_SUBJECT,"麗朝臣殿嗣等來着越前國坂井郡三國湊。勅越前國。遣高麗使并彼國送使。宜安置便處。依例供給之。但殿嗣一人早令入京。
丁夘。詔賜橘宿祢綿裳。三笠。姓朝臣。
冬十月戊寅。授正六位上高麗朝臣殿嗣從五位下。
辛夘。復陽侯忌寸令■本位外從五位下。
癸巳。授无位藤原朝臣今女從五位下。
乙未。遣唐使第三船到泊肥前國松浦郡橘浦。判官勅旨大丞正六位上"
E889,E272,P284,AT_LOCATION,"麗朝臣殿嗣等來着越前國坂井郡三國湊。勅越前國。遣高麗使并彼國送使。宜安置便處。依例供給之。但殿嗣一人早令入京。
丁夘。詔賜橘宿祢綿裳。三笠。姓朝臣。
冬十月戊寅。授正六位上高麗朝臣殿嗣從五位下。
辛夘。復陽侯忌寸令■本位外從五位下。
癸巳。授无位藤原朝臣今女從五位下。
乙未。遣唐使第三船到泊肥前國松浦郡橘浦。判官勅旨大丞正六位上"
E890,L048,P284,PARTICIPATE,"麗朝臣殿嗣等來着越前國坂井郡三國湊。勅越前國。遣高麗使并彼國送使。宜安置便處。依例供給之。但殿嗣一人早令入京。
丁夘。詔賜橘宿祢綿裳。三笠。姓朝臣。
冬十月戊寅。授正六位上高麗朝臣殿嗣從五位下。
辛夘。復陽侯忌寸令■本位外從五位下。
癸巳。授无位藤原朝臣今女從五位下。
乙未。遣唐使第三船到泊肥前國松浦郡橘浦。判官勅旨大丞正六位上"
E891,E273,P145,HAS_SUBJECT,"介。外從五位下阿倍志斐連東人爲備中介。
乙未。授正五位上掃守王從四位下。
九月甲辰。授從三位大野朝臣仲千正三位。
癸亥。送高麗使正六位上高麗朝臣殿嗣等來着越前國坂井郡三國湊。勅越前國。遣高麗使并彼國送使。宜安置便處。依例供給之。但殿嗣一人早令入京。
丁夘。詔賜橘宿祢綿裳"
E892,E274,L048,HAS_SUBJECT,"賜橘宿祢綿裳。三笠。姓朝臣。
冬十月戊寅。授正六位上高麗朝臣殿嗣從五位下。
辛夘。復陽侯忌寸令■本位外從五位下。
癸巳。授无位藤原朝臣今女從五位下。
乙未。遣唐使第三船到泊肥前國松浦郡橘浦。判官勅旨大丞正六位上"
E893,E274,L051,AT_LOCATION,"賜橘宿祢綿裳。三笠。姓朝臣。
冬十月戊寅。授正六位上高麗朝臣殿嗣從五位下。
辛夘。復陽侯忌寸令■本位外從五位下。
癸巳。授无位藤原朝臣今女從五位下。
乙未。遣唐使第三船到泊肥前國松浦郡橘浦。判官勅旨大丞正六位上"
E894,L048,L051,PARTICIPATE,"賜橘宿祢綿裳。三笠。姓朝臣。
冬十月戊寅。授正六位上高麗朝臣殿嗣從五位下。
辛夘。復陽侯忌寸令■本位外從五位下。
癸巳。授无位藤原朝臣今女從五位下。
乙未。遣唐使第三船到泊肥前國松浦郡橘浦。判官勅旨大丞正六位上"
E895,E275,P145,HAS_SUBJECT,"介。外從五位下阿倍志斐連東人爲備中介。
乙未。授正五位上掃守王從四位下。
九月甲辰。授從三位大野朝臣仲千正三位。
癸亥。送高麗使正六位上高麗朝臣殿嗣等來着越前國坂井郡三國湊。勅越前國。遣高麗使并彼國送使。宜安置便處。依例供給之。但殿嗣一人早令入京。
丁夘。詔賜橘宿祢綿裳"
E896,E276,L048,HAS_SUBJECT,"賜橘宿祢綿裳。三笠。姓朝臣。
冬十月戊寅。授正六位上高麗朝臣殿嗣從五位下。
辛夘。復陽侯忌寸令■本位外從五位下。
癸巳。授无位藤原朝臣今女從五位下。
乙未。遣唐使第三船到泊肥前國松浦郡橘浦。判官勅旨大丞正六位上"
E897,E276,L051,AT_LOCATION,"賜橘宿祢綿裳。三笠。姓朝臣。
冬十月戊寅。授正六位上高麗朝臣殿嗣從五位下。
辛夘。復陽侯忌寸令■本位外從五位下。
癸巳。授无位藤原朝臣今女從五位下。
乙未。遣唐使第三船到泊肥前國松浦郡橘浦。判官勅旨大丞正六位上"
E898,E277,L035,AT_LOCATION,受國恩，待仁甚厚，至此又能慰勞。其年春，唐商船從越州赴日本，風濤漂逸，返登州界。至秋又發，適聞仁歸，歸國艤舟而待。九月，着大宰府。今歲唐大中元年，本朝承和十四年丁卯也。仁在楊州時，節度使李德裕慰遠遊，施絹十餘疋。仁不受。德裕固請，仁察誠受之，即分開元寺衆僧，仁又受一分。仁辭長安，中散大夫楊敬之、國子祭主李元佐及衆官皆曰：「我國
E899,E279,P143,HAS_SUBJECT,"，即分開元寺衆僧，仁又受一分。仁辭長安，中散大夫楊敬之、國子祭主李元佐及衆官皆曰：「我國教法随和尚東矣，斯方志道者，後當入日本國。」元佐送護四十里。

嘉祥三年
釋圓珍夢山王明神告曰：「入唐求法，勿爲留滯。」珍夢中曰：「此來入"
E900,E279,L164,AT_LOCATION,"，即分開元寺衆僧，仁又受一分。仁辭長安，中散大夫楊敬之、國子祭主李元佐及衆官皆曰：「我國教法随和尚東矣，斯方志道者，後當入日本國。」元佐送護四十里。

嘉祥三年
釋圓珍夢山王明神告曰：「入唐求法，勿爲留滯。」珍夢中曰：「此來入"
E901,P143,L164,TRAVEL,"，即分開元寺衆僧，仁又受一分。仁辭長安，中散大夫楊敬之、國子祭主李元佐及衆官皆曰：「我國教法随和尚東矣，斯方志道者，後當入日本國。」元佐送護四十里。

嘉祥三年
釋圓珍夢山王明神告曰：「入唐求法，勿爲留滯。」珍夢中曰：「此來入"
E902,E280,P084,HAS_SUBJECT,"元佐及衆官皆曰：「我國教法随和尚東矣，斯方志道者，後當入日本國。」元佐送護四十里。

嘉祥三年
釋圓珍夢山王明神告曰：「入唐求法，勿爲留滯。」珍夢中曰：「此來入"
E903,E280,P288,AT_LOCATION,"元佐及衆官皆曰：「我國教法随和尚東矣，斯方志道者，後當入日本國。」元佐送護四十里。

嘉祥三年
釋圓珍夢山王明神告曰：「入唐求法，勿爲留滯。」珍夢中曰：「此來入"
E904,P084,P288,TRAVEL,"元佐及衆官皆曰：「我國教法随和尚東矣，斯方志道者，後當入日本國。」元佐送護四十里。

嘉祥三年
釋圓珍夢山王明神告曰：「入唐求法，勿爲留滯。」珍夢中曰：「此來入"
E905,E281,L035,AT_LOCATION,州時，詠以嘗來日本，受國恩，待仁甚厚，至此又能慰勞。其年春，唐商船從越州赴日本，風濤漂逸，返登州界。至秋又發，適聞仁歸，歸國艤舟而待。九月，着大宰府。今歲唐大中元年，本朝承和十四年丁卯也。仁在楊州時，節度使李德裕慰遠遊，施絹十餘疋。仁不受。德裕固請，仁察誠受之，即分開元寺衆僧，仁又受一分。仁辭長安，中散大夫楊敬之、國子祭主
E906,E282,P056,HAS_SUBJECT,"眾人，學兼內外，乃上書功德使請歸國，不許。自武宗當國，排佛虐僧之舉，與日俱甚。會昌三年五月二十五日，牒諸寺澈查外國僧侶，仁具牒說明。巡禮記第三卷記事止此。
會昌三年七月二十四日，弟子惟曉卒，時痼疾已七月。仁為籌殯葬，益感愴作速歸計。武"
E907,E282,L259,AT_LOCATION,"眾人，學兼內外，乃上書功德使請歸國，不許。自武宗當國，排佛虐僧之舉，與日俱甚。會昌三年五月二十五日，牒諸寺澈查外國僧侶，仁具牒說明。巡禮記第三卷記事止此。
會昌三年七月二十四日，弟子惟曉卒，時痼疾已七月。仁為籌殯葬，益感愴作速歸計。武"
E908,P056,L259,TRAVEL,"眾人，學兼內外，乃上書功德使請歸國，不許。自武宗當國，排佛虐僧之舉，與日俱甚。會昌三年五月二十五日，牒諸寺澈查外國僧侶，仁具牒說明。巡禮記第三卷記事止此。
會昌三年七月二十四日，弟子惟曉卒，時痼疾已七月。仁為籌殯葬，益感愴作速歸計。武"
E909,E283,P080,HAS_SUBJECT,四日，弟子惟曉卒，時痼疾已七月。仁為籌殯葬，益感愴作速歸計。武宗之毀寺驅僧，以會昌五年為極峯。圓仁亦以此時被命還俗，因得歸國機會。五月十五日發長安，信士楊敬之、李元佐等餞之，依依惜別曰：「吾國教法，隨和尚東矣！」元佐求其衲衣，頂戴以慰離緒。圓仁蓄髮易俗人裝，經鄭州、汴州(河南祥符)、泗州(安微盱眙)而下
E910,E284,P268,HAS_SUBJECT,"。君子曰：「有威、有恩、有禮乎？」因此留新羅献物。

同七年
三月，辨通、神睿二比丘赴新羅。

文武皇帝四年
二月，道慈赴唐。

大寶三年
釋智鳳入唐。

慶雲元年
秋七月，正四位下粟田朝臣真人自唐國至。初至唐時，有人來問曰：「何處使人？」答曰：「日本國使。」唐人謂使曰：「承聞海東有大倭國，謂之君子國，人民豊樂，禮敦"
E911,E284,L277,AT_LOCATION,"。君子曰：「有威、有恩、有禮乎？」因此留新羅献物。

同七年
三月，辨通、神睿二比丘赴新羅。

文武皇帝四年
二月，道慈赴唐。

大寶三年
釋智鳳入唐。

慶雲元年
秋七月，正四位下粟田朝臣真人自唐國至。初至唐時，有人來問曰：「何處使人？」答曰：「日本國使。」唐人謂使曰：「承聞海東有大倭國，謂之君子國，人民豊樂，禮敦"
E912,P268,L277,TRAVEL,"。君子曰：「有威、有恩、有禮乎？」因此留新羅献物。

同七年
三月，辨通、神睿二比丘赴新羅。

文武皇帝四年
二月，道慈赴唐。

大寶三年
釋智鳳入唐。

慶雲元年
秋七月，正四位下粟田朝臣真人自唐國至。初至唐時，有人來問曰：「何處使人？」答曰：「日本國使。」唐人謂使曰：「承聞海東有大倭國，謂之君子國，人民豊樂，禮敦"
E913,E285,P166,HAS_SUBJECT,"禮乎？」因此留新羅献物。

同七年
三月，辨通、神睿二比丘赴新羅。

文武皇帝四年
二月，道慈赴唐。

大寶三年
釋智鳳入唐。

慶雲元年
秋七月，正四位下粟田朝臣真人自唐國至。初至唐時，有人來問曰：「何處使人？」答曰：「日本國使。」唐人謂使曰：「承聞海東有大倭國，謂之君子國，人民豊樂，禮敦"
E914,E285,L277,AT_LOCATION,"禮乎？」因此留新羅献物。

同七年
三月，辨通、神睿二比丘赴新羅。

文武皇帝四年
二月，道慈赴唐。

大寶三年
釋智鳳入唐。

慶雲元年
秋七月，正四位下粟田朝臣真人自唐國至。初至唐時，有人來問曰：「何處使人？」答曰：「日本國使。」唐人謂使曰：「承聞海東有大倭國，謂之君子國，人民豊樂，禮敦"
E915,P166,L277,TRAVEL,"禮乎？」因此留新羅献物。

同七年
三月，辨通、神睿二比丘赴新羅。

文武皇帝四年
二月，道慈赴唐。

大寶三年
釋智鳳入唐。

慶雲元年
秋七月，正四位下粟田朝臣真人自唐國至。初至唐時，有人來問曰：「何處使人？」答曰：「日本國使。」唐人謂使曰：「承聞海東有大倭國，謂之君子國，人民豊樂，禮敦"
E916,E286,P167,HAS_SUBJECT,"神睿二比丘赴新羅。

文武皇帝四年
二月，道慈赴唐。

大寶三年
釋智鳳入唐。

慶雲元年
秋七月，正四位下粟田朝臣真人自唐國至。初至唐時，有人來問曰：「何處使人？」答曰：「日本國使。」唐人謂使曰：「承聞海東有大倭國，謂之君子國，人民豊樂，禮敦"
E917,E286,L277,AT_LOCATION,"神睿二比丘赴新羅。

文武皇帝四年
二月，道慈赴唐。

大寶三年
釋智鳳入唐。

慶雲元年
秋七月，正四位下粟田朝臣真人自唐國至。初至唐時，有人來問曰：「何處使人？」答曰：「日本國使。」唐人謂使曰：「承聞海東有大倭國，謂之君子國，人民豊樂，禮敦"
E918,P167,L277,TRAVEL,"神睿二比丘赴新羅。

文武皇帝四年
二月，道慈赴唐。

大寶三年
釋智鳳入唐。

慶雲元年
秋七月，正四位下粟田朝臣真人自唐國至。初至唐時，有人來問曰：「何處使人？」答曰：「日本國使。」唐人謂使曰：「承聞海東有大倭國，謂之君子國，人民豊樂，禮敦"
E919,E287,G020,HAS_SUBJECT,"吊先皇喪，献彌陀、觀音、勢至三銅像及珍物。於是，召新羅使，責其緩而違禮也，乃以献物還之。新羅使大懼，求法聰、智等從新羅使而歸。新羅使乞救於聰、智二比丘，奏恕。六月，詔大宰府賜布帛於二比丘，而勞新羅使。君子曰：「有威、有恩、有禮乎？」因此留新羅献物。

同七年
三月，辨通、神睿二比丘赴新羅。

文武皇帝四年
二月，道慈赴唐。"
E920,E288,L302,HAS_SUBJECT,"羅使，責其緩而違禮也，乃以献物還之。新羅使大懼，求法聰、智等從新羅使而歸。新羅使乞救於聰、智二比丘，奏恕。六月，詔大宰府賜布帛於二比丘，而勞新羅使。君子曰：「有威、有恩、有禮乎？」因此留新羅献物。

同七年
三月，辨通、神睿二比丘赴新羅。

文武皇帝四年
二月，道慈赴唐。

大寶三年
釋智鳳入唐。

慶雲元年
秋七月，正四位"
E921,E290,L309,HAS_SUBJECT,"倍朝臣津嶋。西海道判官佐宿祢東人並授外從五位下。
九月辛丑朔。賑給和泉監佰姓。
甲辰。遣使于近江。丹波。播磨。備中等國。爲遣唐使造舶四艘。
乙巳。以正五位上中朝臣廣見爲神祇伯。正五位下高橋朝臣安麻呂爲右中弁。從五位上縣犬養宿祢石次爲少弁。外從五位下箭集宿祢虫麻呂爲大判事。正五位上佐伯宿祢豊人爲左京亮。正五位下石川朝臣枚夫爲造難波宮"
E922,E290,G006,AT_LOCATION,"倍朝臣津嶋。西海道判官佐宿祢東人並授外從五位下。
九月辛丑朔。賑給和泉監佰姓。
甲辰。遣使于近江。丹波。播磨。備中等國。爲遣唐使造舶四艘。
乙巳。以正五位上中朝臣廣見爲神祇伯。正五位下高橋朝臣安麻呂爲右中弁。從五位上縣犬養宿祢石次爲少弁。外從五位下箭集宿祢虫麻呂爲大判事。正五位上佐伯宿祢豊人爲左京亮。正五位下石川朝臣枚夫爲造難波宮"
E923,L309,G006,PARTICIPATE,"倍朝臣津嶋。西海道判官佐宿祢東人並授外從五位下。
九月辛丑朔。賑給和泉監佰姓。
甲辰。遣使于近江。丹波。播磨。備中等國。爲遣唐使造舶四艘。
乙巳。以正五位上中朝臣廣見爲神祇伯。正五位下高橋朝臣安麻呂爲右中弁。從五位上縣犬養宿祢石次爲少弁。外從五位下箭集宿祢虫麻呂爲大判事。正五位上佐伯宿祢豊人爲左京亮。正五位下石川朝臣枚夫爲造難波宮"
E924,E291,P048,HAS_SUBJECT,"明天皇
承和初，釋真濟奉勑入唐。

承和五年
釋惠運入唐。
六月二十二日，釋圓仁從大使尚書右丞藤常嗣上第一舶。七月二日，着唐國楊州海陵縣，則文宗開成三年也。仁出帝京，歷鄭、密二州，到登州押新羅使張詠宅。初，漂着登州時，詠以嘗來日本，受國恩，待仁甚厚，至此又能慰勞。其年春，唐商船從越州赴日本，風濤漂逸，返登州界。至秋又發，適聞仁歸，歸"
E925,E291,L108,AT_LOCATION,"明天皇
承和初，釋真濟奉勑入唐。

承和五年
釋惠運入唐。
六月二十二日，釋圓仁從大使尚書右丞藤常嗣上第一舶。七月二日，着唐國楊州海陵縣，則文宗開成三年也。仁出帝京，歷鄭、密二州，到登州押新羅使張詠宅。初，漂着登州時，詠以嘗來日本，受國恩，待仁甚厚，至此又能慰勞。其年春，唐商船從越州赴日本，風濤漂逸，返登州界。至秋又發，適聞仁歸，歸"
E926,P048,L108,TRAVEL,"明天皇
承和初，釋真濟奉勑入唐。

承和五年
釋惠運入唐。
六月二十二日，釋圓仁從大使尚書右丞藤常嗣上第一舶。七月二日，着唐國楊州海陵縣，則文宗開成三年也。仁出帝京，歷鄭、密二州，到登州押新羅使張詠宅。初，漂着登州時，詠以嘗來日本，受國恩，待仁甚厚，至此又能慰勞。其年春，唐商船從越州赴日本，風濤漂逸，返登州界。至秋又發，適聞仁歸，歸"
E927,E292,P048,HAS_SUBJECT,六月二十二日，釋圓仁從大使尚書右丞藤常嗣上第一舶。七月二日，着唐國楊州海陵縣，則文宗開成三年也。仁出帝京，歷鄭、密二州，到登州押新羅使張詠宅。初，漂着登州時，詠以嘗來日本，受國恩，待仁甚厚，至此又能慰勞。其年春，唐商船從越州赴日本，風濤漂逸，返登州界。至秋又發，適聞仁歸，歸
E928,E292,L263,AT_LOCATION,六月二十二日，釋圓仁從大使尚書右丞藤常嗣上第一舶。七月二日，着唐國楊州海陵縣，則文宗開成三年也。仁出帝京，歷鄭、密二州，到登州押新羅使張詠宅。初，漂着登州時，詠以嘗來日本，受國恩，待仁甚厚，至此又能慰勞。其年春，唐商船從越州赴日本，風濤漂逸，返登州界。至秋又發，適聞仁歸，歸
E929,P048,L263,TRAVEL,六月二十二日，釋圓仁從大使尚書右丞藤常嗣上第一舶。七月二日，着唐國楊州海陵縣，則文宗開成三年也。仁出帝京，歷鄭、密二州，到登州押新羅使張詠宅。初，漂着登州時，詠以嘗來日本，受國恩，待仁甚厚，至此又能慰勞。其年春，唐商船從越州赴日本，風濤漂逸，返登州界。至秋又發，適聞仁歸，歸
E930,E293,P207,HAS_SUBJECT,"問道。蕚再入支那，乞蘇州開元寺沙門契元勒事刻琬玦，題曰：「日本國首傳禪宗記」，附舶寄來。

仁明天皇
承和初，釋真濟奉勑入唐。

承和五年
釋惠運入唐。
六月二十二日，釋圓仁從大使尚書右丞藤常嗣上第一舶。七月二日，着唐國楊州海陵縣，則文宗開成三年也。仁出帝京，歷鄭、密二州，到登州押新羅使張詠宅。初，漂着登州時，詠以嘗來日本"
E931,E293,L012,AT_LOCATION,"問道。蕚再入支那，乞蘇州開元寺沙門契元勒事刻琬玦，題曰：「日本國首傳禪宗記」，附舶寄來。

仁明天皇
承和初，釋真濟奉勑入唐。

承和五年
釋惠運入唐。
六月二十二日，釋圓仁從大使尚書右丞藤常嗣上第一舶。七月二日，着唐國楊州海陵縣，則文宗開成三年也。仁出帝京，歷鄭、密二州，到登州押新羅使張詠宅。初，漂着登州時，詠以嘗來日本"
E932,P207,L012,TRAVEL,"問道。蕚再入支那，乞蘇州開元寺沙門契元勒事刻琬玦，題曰：「日本國首傳禪宗記」，附舶寄來。

仁明天皇
承和初，釋真濟奉勑入唐。

承和五年
釋惠運入唐。
六月二十二日，釋圓仁從大使尚書右丞藤常嗣上第一舶。七月二日，着唐國楊州海陵縣，則文宗開成三年也。仁出帝京，歷鄭、密二州，到登州押新羅使張詠宅。初，漂着登州時，詠以嘗來日本"
E933,E294,P150,HAS_SUBJECT,"元寺沙門契元勒事刻琬玦，題曰：「日本國首傳禪宗記」，附舶寄來。

仁明天皇
承和初，釋真濟奉勑入唐。

承和五年
釋惠運入唐。
六月二十二日，釋圓仁從大使尚書右丞藤常嗣上第一舶。七月二日，着唐國楊州海陵縣，則文宗開成三年也。仁出帝京，歷鄭、密二州，到登州押新羅使張詠宅。初，漂着登州時，詠以嘗來日本，受國恩，待仁甚厚，至此又"
E934,E294,L108,AT_LOCATION,"元寺沙門契元勒事刻琬玦，題曰：「日本國首傳禪宗記」，附舶寄來。

仁明天皇
承和初，釋真濟奉勑入唐。

承和五年
釋惠運入唐。
六月二十二日，釋圓仁從大使尚書右丞藤常嗣上第一舶。七月二日，着唐國楊州海陵縣，則文宗開成三年也。仁出帝京，歷鄭、密二州，到登州押新羅使張詠宅。初，漂着登州時，詠以嘗來日本，受國恩，待仁甚厚，至此又"
E935,P150,L108,TRAVEL,"元寺沙門契元勒事刻琬玦，題曰：「日本國首傳禪宗記」，附舶寄來。

仁明天皇
承和初，釋真濟奉勑入唐。

承和五年
釋惠運入唐。
六月二十二日，釋圓仁從大使尚書右丞藤常嗣上第一舶。七月二日，着唐國楊州海陵縣，則文宗開成三年也。仁出帝京，歷鄭、密二州，到登州押新羅使張詠宅。初，漂着登州時，詠以嘗來日本，受國恩，待仁甚厚，至此又"
E936,E295,P048,HAS_SUBJECT,尚書右丞藤常嗣上第一舶。七月二日，着唐國楊州海陵縣，則文宗開成三年也。仁出帝京，歷鄭、密二州，到登州押新羅使張詠宅。初，漂着登州時，詠以嘗來日本，受國恩，待仁甚厚，至此又能慰勞。其年春，唐商船從越州赴日本，風濤漂逸，返登州界。至秋又發，適聞仁歸，歸
E937,E295,L257,AT_LOCATION,尚書右丞藤常嗣上第一舶。七月二日，着唐國楊州海陵縣，則文宗開成三年也。仁出帝京，歷鄭、密二州，到登州押新羅使張詠宅。初，漂着登州時，詠以嘗來日本，受國恩，待仁甚厚，至此又能慰勞。其年春，唐商船從越州赴日本，風濤漂逸，返登州界。至秋又發，適聞仁歸，歸
E938,P048,L257,TRAVEL,尚書右丞藤常嗣上第一舶。七月二日，着唐國楊州海陵縣，則文宗開成三年也。仁出帝京，歷鄭、密二州，到登州押新羅使張詠宅。初，漂着登州時，詠以嘗來日本，受國恩，待仁甚厚，至此又能慰勞。其年春，唐商船從越州赴日本，風濤漂逸，返登州界。至秋又發，適聞仁歸，歸
E939,E296,L045,AT_LOCATION,"答謝。但渤海國使。皆悉下馬。再拜舞踏。今領唐客。准據何例者。進退之礼。行列之次。具載別式。今下使所。宜據此式勿以違失。」授遣唐副使從五位下大神朝臣末足正五位下。判官正六位上小野朝臣滋野。從六位上大伴宿祢繼人並從五位下。録事正六位上上毛野公大川外從五位下。
乙未。授女孺无位甘南備眞人久部從五位下。
丁酉。授外從五位下羽栗臣翼從五位下。正六"
E940,E297,L045,AT_LOCATION,"答謝。但渤海國使。皆悉下馬。再拜舞踏。今領唐客。准據何例者。進退之礼。行列之次。具載別式。今下使所。宜據此式勿以違失。」授遣唐副使從五位下大神朝臣末足正五位下。判官正六位上小野朝臣滋野。從六位上大伴宿祢繼人並從五位下。録事正六位上上毛野公大川外從五位下。
乙未。授女孺无位甘南備眞人久部從五位下。
丁酉。授外從五位下羽栗臣翼從五位下。正六"
E941,E298,P176,HAS_SUBJECT,"聖，慧慈亦聖也。」
是歳，新羅遣奈末伊彌買朝貢，仍以表書奏使旨。凡新羅上表，盖始起于此時歟。

卅一年
秋七月，新羅遣大使奈末智洗爾、任那遣達率奈末智，並來朝，仍貢佛像一具，及金塔并舍利，且大觀頂幡一具、小幡十二條。即佛像居於葛野秦寺，以餘舍利、"
E942,E299,C006,HAS_SUBJECT,調。其來久矣。改稱土毛。其義安在。對言。便以附貢。故不稱調。至是。遣左大史外從五位下堅部使主人主。宣告初正等曰。前使貞卷歸國之日。所仰之政。曾無申報。今亦徒持私事參來。所以。此度不預賓礼。自今以後。宜如前仰。令可申事人入朝者。待之如常。宜以此状。告汝國王知。但進唐國消息。并在唐我使藤原朝臣河清等書。嘉其勤勞。仰大宰府安置饗
E943,E299,C007,AT_LOCATION,調。其來久矣。改稱土毛。其義安在。對言。便以附貢。故不稱調。至是。遣左大史外從五位下堅部使主人主。宣告初正等曰。前使貞卷歸國之日。所仰之政。曾無申報。今亦徒持私事參來。所以。此度不預賓礼。自今以後。宜如前仰。令可申事人入朝者。待之如常。宜以此状。告汝國王知。但進唐國消息。并在唐我使藤原朝臣河清等書。嘉其勤勞。仰大宰府安置饗
E944,C006,C007,TRAVEL,調。其來久矣。改稱土毛。其義安在。對言。便以附貢。故不稱調。至是。遣左大史外從五位下堅部使主人主。宣告初正等曰。前使貞卷歸國之日。所仰之政。曾無申報。今亦徒持私事參來。所以。此度不預賓礼。自今以後。宜如前仰。令可申事人入朝者。待之如常。宜以此状。告汝國王知。但進唐國消息。并在唐我使藤原朝臣河清等書。嘉其勤勞。仰大宰府安置饗
E945,E301,L168,HAS_SUBJECT,"人入朝者。待之如常。宜以此状。告汝國王知。但進唐國消息。并在唐我使藤原朝臣河清等書。嘉其勤勞。仰大宰府安置饗賜。宜知之。賜國王祿■廿五疋。絲一百■。綿二百五十屯。大使金初正已下各有差。」授從六位下津守宿祢夜須賣從五位下。
癸酉。以從五位下山口忌寸沙"
E946,E301,L046,AT_LOCATION,"人入朝者。待之如常。宜以此状。告汝國王知。但進唐國消息。并在唐我使藤原朝臣河清等書。嘉其勤勞。仰大宰府安置饗賜。宜知之。賜國王祿■廿五疋。絲一百■。綿二百五十屯。大使金初正已下各有差。」授從六位下津守宿祢夜須賣從五位下。
癸酉。以從五位下山口忌寸沙"
E947,L168,L046,PARTICIPATE,"人入朝者。待之如常。宜以此状。告汝國王知。但進唐國消息。并在唐我使藤原朝臣河清等書。嘉其勤勞。仰大宰府安置饗賜。宜知之。賜國王祿■廿五疋。絲一百■。綿二百五十屯。大使金初正已下各有差。」授從六位下津守宿祢夜須賣從五位下。
癸酉。以從五位下山口忌寸沙"
E948,E302,P294,HAS_SUBJECT,正等言。在唐大使藤原河清。學生朝衡等。属宿衛王子金隱居歸郷。附書送於郷親。是以。國王差初正等。令送河清等書。又因使次。便貢土毛。又問。新羅貢調。其來久矣。改稱土毛。其義安在。對言。便以附貢。故不稱調。至是。遣左大史外從五位下堅部使主人主。宣告初正等
E949,E303,G024,HAS_SUBJECT,"今其寺内東南隅數十片破石是也。
庚申。車駕行幸由義宮。
三月丙寅。車駕臨博多川。以宴遊焉。▼是日。百官文人及大學生等各上曲水之詩。
丁夘。初問新羅使來由之日。金初正等言。在唐大使藤原河清。學生朝衡等。属宿衛王子金隱居歸郷。附書送於郷親。是以。國王差初正等。令送河清等書。又因使次。便貢土毛。又問。新羅貢調。其來久矣。改稱土毛。其"
E950,E303,L036,AT_LOCATION,"今其寺内東南隅數十片破石是也。
庚申。車駕行幸由義宮。
三月丙寅。車駕臨博多川。以宴遊焉。▼是日。百官文人及大學生等各上曲水之詩。
丁夘。初問新羅使來由之日。金初正等言。在唐大使藤原河清。學生朝衡等。属宿衛王子金隱居歸郷。附書送於郷親。是以。國王差初正等。令送河清等書。又因使次。便貢土毛。又問。新羅貢調。其來久矣。改稱土毛。其"
E951,G024,L036,PARTICIPATE,"今其寺内東南隅數十片破石是也。
庚申。車駕行幸由義宮。
三月丙寅。車駕臨博多川。以宴遊焉。▼是日。百官文人及大學生等各上曲水之詩。
丁夘。初問新羅使來由之日。金初正等言。在唐大使藤原河清。學生朝衡等。属宿衛王子金隱居歸郷。附書送於郷親。是以。國王差初正等。令送河清等書。又因使次。便貢土毛。又問。新羅貢調。其來久矣。改稱土毛。其"
E952,E307,P285,HAS_SUBJECT,"不願公途。偏求苟存。泛船無人。何以能濟。奉使之道。豈其然乎。宜加科責。以峻懲沮。
甲申。地震。
丁亥。常陸国人生部連廣成特授從八位下。以出私物。屡救貧民也。
己丑。"
E953,E308,L005,HAS_SUBJECT,向南立。佛[A32]菩薩手印容貌。與第二層像各異。粉壁內面。畫諸尊曼茶羅。填色未了。是亦不空三藏為國所造。瞻禮已畢。下閣到普賢道場。見經藏閣。大藏經六千餘卷。惣是紺碧紙金銀字。白檀玉牙之軸。看願主題。云鄭道覺。長安人也。大曆十四年五月十四日。巡五臺。親見大聖一萬[A33]菩薩及金色世界。遂發心。寫金銀字大藏經六千卷(云々)。亦有畫脚迹千輻輪相。并書跡之根申云。貞觀年中。太宗皇帝送
E954,E308,P161,AT_LOCATION,向南立。佛[A32]菩薩手印容貌。與第二層像各異。粉壁內面。畫諸尊曼茶羅。填色未了。是亦不空三藏為國所造。瞻禮已畢。下閣到普賢道場。見經藏閣。大藏經六千餘卷。惣是紺碧紙金銀字。白檀玉牙之軸。看願主題。云鄭道覺。長安人也。大曆十四年五月十四日。巡五臺。親見大聖一萬[A33]菩薩及金色世界。遂發心。寫金銀字大藏經六千卷(云々)。亦有畫脚迹千輻輪相。并書跡之根申云。貞觀年中。太宗皇帝送
E955,L005,P161,TRAVEL,向南立。佛[A32]菩薩手印容貌。與第二層像各異。粉壁內面。畫諸尊曼茶羅。填色未了。是亦不空三藏為國所造。瞻禮已畢。下閣到普賢道場。見經藏閣。大藏經六千餘卷。惣是紺碧紙金銀字。白檀玉牙之軸。看願主題。云鄭道覺。長安人也。大曆十四年五月十四日。巡五臺。親見大聖一萬[A33]菩薩及金色世界。遂發心。寫金銀字大藏經六千卷(云々)。亦有畫脚迹千輻輪相。并書跡之根申云。貞觀年中。太宗皇帝送
E956,E309,P120,HAS_SUBJECT,"云云〉。此亦師安、廣忠、信俊、師遠、廣宗五人同所勘也。

同十年
十一月，唐務悰來，釋道旻從之。

天武天皇七年
釋定惠伴百濟使而至。
《唐録》曰：則天長安三年，日本國遣其大臣朝臣真人來貢方物。因言其國近日所出，故号曰日本國。

同十四年
沙門觀常、雲觀二比丘從國使歸。

持統皇帝元年
沙門智隆至自新羅。

同三年
四月，新羅王吊"
E957,E309,L320,AT_LOCATION,"云云〉。此亦師安、廣忠、信俊、師遠、廣宗五人同所勘也。

同十年
十一月，唐務悰來，釋道旻從之。

天武天皇七年
釋定惠伴百濟使而至。
《唐録》曰：則天長安三年，日本國遣其大臣朝臣真人來貢方物。因言其國近日所出，故号曰日本國。

同十四年
沙門觀常、雲觀二比丘從國使歸。

持統皇帝元年
沙門智隆至自新羅。

同三年
四月，新羅王吊"
E958,P120,L320,TRAVEL,"云云〉。此亦師安、廣忠、信俊、師遠、廣宗五人同所勘也。

同十年
十一月，唐務悰來，釋道旻從之。

天武天皇七年
釋定惠伴百濟使而至。
《唐録》曰：則天長安三年，日本國遣其大臣朝臣真人來貢方物。因言其國近日所出，故号曰日本國。

同十四年
沙門觀常、雲觀二比丘從國使歸。

持統皇帝元年
沙門智隆至自新羅。

同三年
四月，新羅王吊"
E959,E310,P121,HAS_SUBJECT,"十一月，唐務悰來，釋道旻從之。

天武天皇七年
釋定惠伴百濟使而至。
《唐録》曰：則天長安三年，日本國遣其大臣朝臣真人來貢方物。因言其國近日所出，故号曰日本國。

同十四年
沙門觀常、雲觀二比丘從國使歸。

持統皇帝元年
沙門智隆至自新羅。

同三年
四月，新羅王吊先皇喪，献彌陀、觀音、勢至三銅像及珍物。於是，召新羅使，責其"
E960,E310,P081,AT_LOCATION,"十一月，唐務悰來，釋道旻從之。

天武天皇七年
釋定惠伴百濟使而至。
《唐録》曰：則天長安三年，日本國遣其大臣朝臣真人來貢方物。因言其國近日所出，故号曰日本國。

同十四年
沙門觀常、雲觀二比丘從國使歸。

持統皇帝元年
沙門智隆至自新羅。

同三年
四月，新羅王吊先皇喪，献彌陀、觀音、勢至三銅像及珍物。於是，召新羅使，責其"
E961,P121,P081,PARTICIPATE,"十一月，唐務悰來，釋道旻從之。

天武天皇七年
釋定惠伴百濟使而至。
《唐録》曰：則天長安三年，日本國遣其大臣朝臣真人來貢方物。因言其國近日所出，故号曰日本國。

同十四年
沙門觀常、雲觀二比丘從國使歸。

持統皇帝元年
沙門智隆至自新羅。

同三年
四月，新羅王吊先皇喪，献彌陀、觀音、勢至三銅像及珍物。於是，召新羅使，責其"
E962,E312,C013,AT_LOCATION,"入唐求法巡禮行記卷一

卷二

→

〈入唐求法巡禮行記卷第一〉
承和五年。六月十三日午時。第一第四兩舶。諸使駕舶。緣無順風。停宿三箇日。
十七日夜半。得嵐風上帆搖艫行。巳時到志賀嶋東海。為无信風。五箇日停宿"
E963,E313,P171,HAS_SUBJECT,"、是即行賀法師之筆削也。又写得持来聖教要文五百余巻、聖朝綵壽、授位僧綱。
乙丑。賜遣唐使彩帛、各有差。
己巳。遣"
E964,E313,P272,HAS_OBJECT,"、是即行賀法師之筆削也。又写得持来聖教要文五百余巻、聖朝綵壽、授位僧綱。
乙丑。賜遣唐使彩帛、各有差。
己巳。遣"
E965,E313,L033,AT_LOCATION,"、是即行賀法師之筆削也。又写得持来聖教要文五百余巻、聖朝綵壽、授位僧綱。
乙丑。賜遣唐使彩帛、各有差。
己巳。遣"
E966,P171,P272,PARTICIPATE,"、是即行賀法師之筆削也。又写得持来聖教要文五百余巻、聖朝綵壽、授位僧綱。
乙丑。賜遣唐使彩帛、各有差。
己巳。遣"
E967,P171,L033,PARTICIPATE,"、是即行賀法師之筆削也。又写得持来聖教要文五百余巻、聖朝綵壽、授位僧綱。
乙丑。賜遣唐使彩帛、各有差。
己巳。遣"
E968,E314,P255,HAS_OBJECT,"位以上賦春晩陪餞入唐使之題。日暮群臣献詩。副使同亦献之。但大使醉而退出。
丙子。遣唐使朝拜。』豊後國人外從五位下吉弥侯龍麻呂賜姓貞道連。』授内舍人正六位上和朝臣豊永從五位下。
戊寅。賜入唐使節刀。大臣口宣。詞同去年。大使進賜節刀。■當于左肩退出。副使"
E969,E314,L029,AT_LOCATION,"位以上賦春晩陪餞入唐使之題。日暮群臣献詩。副使同亦献之。但大使醉而退出。
丙子。遣唐使朝拜。』豊後國人外從五位下吉弥侯龍麻呂賜姓貞道連。』授内舍人正六位上和朝臣豊永從五位下。
戊寅。賜入唐使節刀。大臣口宣。詞同去年。大使進賜節刀。■當于左肩退出。副使"
E970,E315,P272,HAS_SUBJECT,"使參議常嗣。副使篁。命五位以上賦春晩陪餞入唐使之題。日暮群臣献詩。副使同亦献之。但大使醉而退出。
丙子。遣唐使朝拜。』豊後國人外從五位下吉弥侯龍麻呂賜姓貞道連。』授内舍人正六位上和朝臣豊永從五位下。
戊寅"
E971,E315,P106,HAS_OBJECT,"使參議常嗣。副使篁。命五位以上賦春晩陪餞入唐使之題。日暮群臣献詩。副使同亦献之。但大使醉而退出。
丙子。遣唐使朝拜。』豊後國人外從五位下吉弥侯龍麻呂賜姓貞道連。』授内舍人正六位上和朝臣豊永從五位下。
戊寅"
E972,E315,L027,AT_LOCATION,"使參議常嗣。副使篁。命五位以上賦春晩陪餞入唐使之題。日暮群臣献詩。副使同亦献之。但大使醉而退出。
丙子。遣唐使朝拜。』豊後國人外從五位下吉弥侯龍麻呂賜姓貞道連。』授内舍人正六位上和朝臣豊永從五位下。
戊寅"
E973,P272,P106,PARTICIPATE,"使參議常嗣。副使篁。命五位以上賦春晩陪餞入唐使之題。日暮群臣献詩。副使同亦献之。但大使醉而退出。
丙子。遣唐使朝拜。』豊後國人外從五位下吉弥侯龍麻呂賜姓貞道連。』授内舍人正六位上和朝臣豊永從五位下。
戊寅"
E974,P272,L027,PARTICIPATE,"使參議常嗣。副使篁。命五位以上賦春晩陪餞入唐使之題。日暮群臣献詩。副使同亦献之。但大使醉而退出。
丙子。遣唐使朝拜。』豊後國人外從五位下吉弥侯龍麻呂賜姓貞道連。』授内舍人正六位上和朝臣豊永從五位下。
戊寅"
E975,E316,P255,HAS_SUBJECT,"從五位下吉弥侯龍麻呂賜姓貞道連。』授内舍人正六位上和朝臣豊永從五位下。
戊寅。賜入唐使節刀。大臣口宣。詞同去年。大使進賜節刀。■當于左肩退出。副使趨在大使前。相連而退。
壬午。遣唐大使藤原朝臣常嗣出自鴻臚。發向大宰府。
癸未。美濃國言。二月廿五"
E976,E316,L132,HAS_OBJECT,"從五位下吉弥侯龍麻呂賜姓貞道連。』授内舍人正六位上和朝臣豊永從五位下。
戊寅。賜入唐使節刀。大臣口宣。詞同去年。大使進賜節刀。■當于左肩退出。副使趨在大使前。相連而退。
壬午。遣唐大使藤原朝臣常嗣出自鴻臚。發向大宰府。
癸未。美濃國言。二月廿五"
E977,E316,L031,AT_LOCATION,"從五位下吉弥侯龍麻呂賜姓貞道連。』授内舍人正六位上和朝臣豊永從五位下。
戊寅。賜入唐使節刀。大臣口宣。詞同去年。大使進賜節刀。■當于左肩退出。副使趨在大使前。相連而退。
壬午。遣唐大使藤原朝臣常嗣出自鴻臚。發向大宰府。
癸未。美濃國言。二月廿五"
E978,P255,L132,PARTICIPATE,"從五位下吉弥侯龍麻呂賜姓貞道連。』授内舍人正六位上和朝臣豊永從五位下。
戊寅。賜入唐使節刀。大臣口宣。詞同去年。大使進賜節刀。■當于左肩退出。副使趨在大使前。相連而退。
壬午。遣唐大使藤原朝臣常嗣出自鴻臚。發向大宰府。
癸未。美濃國言。二月廿五"
E979,P255,L031,PARTICIPATE,"從五位下吉弥侯龍麻呂賜姓貞道連。』授内舍人正六位上和朝臣豊永從五位下。
戊寅。賜入唐使節刀。大臣口宣。詞同去年。大使進賜節刀。■當于左肩退出。副使趨在大使前。相連而退。
壬午。遣唐大使藤原朝臣常嗣出自鴻臚。發向大宰府。
癸未。美濃國言。二月廿五"
E980,E317,L025,AT_LOCATION,"使同亦献之。但大使醉而退出。
丙子。遣唐使朝拜。』豊後國人外從五位下吉弥侯龍麻呂賜姓貞道連。』授内舍人正六位上和朝臣豊永從五位下。
戊寅。賜入唐使節刀。大臣口宣。詞同去年。大使進賜節刀。■當于左肩退出。副使趨在大使前。相連而退。
壬午。遣唐大使"
E981,E318,P255,HAS_OBJECT,"外從五位下吉弥侯龍麻呂賜姓貞道連。』授内舍人正六位上和朝臣豊永從五位下。
戊寅。賜入唐使節刀。大臣口宣。詞同去年。大使進賜節刀。■當于左肩退出。副使趨在大使前。相連而退。
壬午。遣唐大使藤原朝臣常嗣出自鴻臚。發向大宰府。
癸未。美濃國言。二月廿五日兵庫"
E982,E318,L029,AT_LOCATION,"外從五位下吉弥侯龍麻呂賜姓貞道連。』授内舍人正六位上和朝臣豊永從五位下。
戊寅。賜入唐使節刀。大臣口宣。詞同去年。大使進賜節刀。■當于左肩退出。副使趨在大使前。相連而退。
壬午。遣唐大使藤原朝臣常嗣出自鴻臚。發向大宰府。
癸未。美濃國言。二月廿五日兵庫"
E983,E319,P255,HAS_SUBJECT,"舍人正六位上和朝臣豊永從五位下。
戊寅。賜入唐使節刀。大臣口宣。詞同去年。大使進賜節刀。■當于左肩退出。副使趨在大使前。相連而退。
壬午。遣唐大使藤原朝臣常嗣出自鴻臚。發向大宰府。
癸未。美濃國言。二月廿五日兵庫自鳴。至三月十五日亦鳴同前。』丹波"
E984,E319,P219,HAS_OBJECT,"舍人正六位上和朝臣豊永從五位下。
戊寅。賜入唐使節刀。大臣口宣。詞同去年。大使進賜節刀。■當于左肩退出。副使趨在大使前。相連而退。
壬午。遣唐大使藤原朝臣常嗣出自鴻臚。發向大宰府。
癸未。美濃國言。二月廿五日兵庫自鳴。至三月十五日亦鳴同前。』丹波"
E985,E319,L029,AT_LOCATION,"舍人正六位上和朝臣豊永從五位下。
戊寅。賜入唐使節刀。大臣口宣。詞同去年。大使進賜節刀。■當于左肩退出。副使趨在大使前。相連而退。
壬午。遣唐大使藤原朝臣常嗣出自鴻臚。發向大宰府。
癸未。美濃國言。二月廿五日兵庫自鳴。至三月十五日亦鳴同前。』丹波"
E986,P255,P219,PARTICIPATE,"舍人正六位上和朝臣豊永從五位下。
戊寅。賜入唐使節刀。大臣口宣。詞同去年。大使進賜節刀。■當于左肩退出。副使趨在大使前。相連而退。
壬午。遣唐大使藤原朝臣常嗣出自鴻臚。發向大宰府。
癸未。美濃國言。二月廿五日兵庫自鳴。至三月十五日亦鳴同前。』丹波"
E987,P255,L029,PARTICIPATE,"舍人正六位上和朝臣豊永從五位下。
戊寅。賜入唐使節刀。大臣口宣。詞同去年。大使進賜節刀。■當于左肩退出。副使趨在大使前。相連而退。
壬午。遣唐大使藤原朝臣常嗣出自鴻臚。發向大宰府。
癸未。美濃國言。二月廿五日兵庫自鳴。至三月十五日亦鳴同前。』丹波"
E988,E320,P071,HAS_OBJECT,"大使醉而退出。
丙子。遣唐使朝拜。』豊後國人外從五位下吉弥侯龍麻呂賜姓貞道連。』授内舍人正六位上和朝臣豊永從五位下。
戊寅。賜入唐使節刀。大臣口宣。詞同去年。大使進賜節刀。■當于左肩退出。副使趨在大使前。相連而退。
壬午。遣唐大使藤原朝臣常嗣出自鴻臚。發"
E989,E320,L025,AT_LOCATION,"大使醉而退出。
丙子。遣唐使朝拜。』豊後國人外從五位下吉弥侯龍麻呂賜姓貞道連。』授内舍人正六位上和朝臣豊永從五位下。
戊寅。賜入唐使節刀。大臣口宣。詞同去年。大使進賜節刀。■當于左肩退出。副使趨在大使前。相連而退。
壬午。遣唐大使藤原朝臣常嗣出自鴻臚。發"
E990,E321,G041,HAS_SUBJECT,"喜非常。臣等顧躬庸櫟。曷答重厚。更煩天覽。伏増■焦。
辛夘。大宰府馳驛。奏第二舶漂廻之状。
壬辰。勅符副使小野朝臣篁。得今月八日飛驛奏状。知歸着肥前國松浦郡別島也。近聞。第一第四兩隻舶。半路漂廻。疾懐未弭。尋省茲奏。轉以驚嗟。本謂忠貞必蒙利往。"
E991,E321,L283,AT_LOCATION,"喜非常。臣等顧躬庸櫟。曷答重厚。更煩天覽。伏増■焦。
辛夘。大宰府馳驛。奏第二舶漂廻之状。
壬辰。勅符副使小野朝臣篁。得今月八日飛驛奏状。知歸着肥前國松浦郡別島也。近聞。第一第四兩隻舶。半路漂廻。疾懐未弭。尋省茲奏。轉以驚嗟。本謂忠貞必蒙利往。"
E992,G041,L283,TRAVEL,"喜非常。臣等顧躬庸櫟。曷答重厚。更煩天覽。伏増■焦。
辛夘。大宰府馳驛。奏第二舶漂廻之状。
壬辰。勅符副使小野朝臣篁。得今月八日飛驛奏状。知歸着肥前國松浦郡別島也。近聞。第一第四兩隻舶。半路漂廻。疾懐未弭。尋省茲奏。轉以驚嗟。本謂忠貞必蒙利往。"
E993,E323,G036,HAS_SUBJECT,朝臣篁。得今月八日飛驛奏状。知歸着肥前國松浦郡別島也。近聞。第一第四兩隻舶。半路漂廻。疾懐未弭。尋省茲奏。轉以驚嗟。本謂忠貞必蒙利往。不知此行何負幽明。雖無巨災。艱虞足患。今案來奏。舶船有損。・艇亦失。還大宰府。繕補其不完不足者。然後与持節使等
E994,E323,L213,AT_LOCATION,朝臣篁。得今月八日飛驛奏状。知歸着肥前國松浦郡別島也。近聞。第一第四兩隻舶。半路漂廻。疾懐未弭。尋省茲奏。轉以驚嗟。本謂忠貞必蒙利往。不知此行何負幽明。雖無巨災。艱虞足患。今案來奏。舶船有損。・艇亦失。還大宰府。繕補其不完不足者。然後与持節使等
E995,G036,L213,TRAVEL,朝臣篁。得今月八日飛驛奏状。知歸着肥前國松浦郡別島也。近聞。第一第四兩隻舶。半路漂廻。疾懐未弭。尋省茲奏。轉以驚嗟。本謂忠貞必蒙利往。不知此行何負幽明。雖無巨災。艱虞足患。今案來奏。舶船有損。・艇亦失。還大宰府。繕補其不完不足者。然後与持節使等
E996,E324,G040,HAS_SUBJECT,"与持節使等。共果國命。
八月戊戌朔。大宰府馳驛。奏遣唐使第三舶水手等十六人駕編板漂着之状。
己亥。勅符遣唐大使藤原朝臣常嗣。省"
E997,E324,L136,HAS_OBJECT,"与持節使等。共果國命。
八月戊戌朔。大宰府馳驛。奏遣唐使第三舶水手等十六人駕編板漂着之状。
己亥。勅符遣唐大使藤原朝臣常嗣。省"
E998,E324,L134,AT_LOCATION,"与持節使等。共果國命。
八月戊戌朔。大宰府馳驛。奏遣唐使第三舶水手等十六人駕編板漂着之状。
己亥。勅符遣唐大使藤原朝臣常嗣。省"
E999,G040,L136,TRAVEL,"与持節使等。共果國命。
八月戊戌朔。大宰府馳驛。奏遣唐使第三舶水手等十六人駕編板漂着之状。
己亥。勅符遣唐大使藤原朝臣常嗣。省"
E1000,G040,L134,TRAVEL,"与持節使等。共果國命。
八月戊戌朔。大宰府馳驛。奏遣唐使第三舶水手等十六人駕編板漂着之状。
己亥。勅符遣唐大使藤原朝臣常嗣。省"
E1001,E325,P270,HAS_SUBJECT,"年
五月，釋道昭奉勑，從遣唐使小山長丹、副使小乙上掃守連泛海，緇侣同志者道嚴等十三人到長安，謁三蔵玄奘，即高宗永徽四年也。同年釋定惠随遣唐使浮海，乃到長安。

同五年
《唐録》曰：高宗永徽五年，倭國使献虎"
E1002,E325,L100,HAS_OBJECT,"年
五月，釋道昭奉勑，從遣唐使小山長丹、副使小乙上掃守連泛海，緇侣同志者道嚴等十三人到長安，謁三蔵玄奘，即高宗永徽四年也。同年釋定惠随遣唐使浮海，乃到長安。

同五年
《唐録》曰：高宗永徽五年，倭國使献虎"
E1003,E325,L199,AT_LOCATION,"年
五月，釋道昭奉勑，從遣唐使小山長丹、副使小乙上掃守連泛海，緇侣同志者道嚴等十三人到長安，謁三蔵玄奘，即高宗永徽四年也。同年釋定惠随遣唐使浮海，乃到長安。

同五年
《唐録》曰：高宗永徽五年，倭國使献虎"
E1004,P270,L100,TRAVEL,"年
五月，釋道昭奉勑，從遣唐使小山長丹、副使小乙上掃守連泛海，緇侣同志者道嚴等十三人到長安，謁三蔵玄奘，即高宗永徽四年也。同年釋定惠随遣唐使浮海，乃到長安。

同五年
《唐録》曰：高宗永徽五年，倭國使献虎"
E1005,P270,L199,TRAVEL,"年
五月，釋道昭奉勑，從遣唐使小山長丹、副使小乙上掃守連泛海，緇侣同志者道嚴等十三人到長安，謁三蔵玄奘，即高宗永徽四年也。同年釋定惠随遣唐使浮海，乃到長安。

同五年
《唐録》曰：高宗永徽五年，倭國使献虎"
E1006,E326,P270,HAS_SUBJECT,"五月，釋道昭奉勑，從遣唐使小山長丹、副使小乙上掃守連泛海，緇侣同志者道嚴等十三人到長安，謁三蔵玄奘，即高宗永徽四年也。同年釋定惠随遣唐使浮海，乃到長安。

同五年
《唐録》曰：高宗永徽五年，倭國使献虎珀、馬瑙。高宗慰撫之，仍云：「王國與新羅、高麗"
E1007,E326,P005,HAS_OBJECT,"五月，釋道昭奉勑，從遣唐使小山長丹、副使小乙上掃守連泛海，緇侣同志者道嚴等十三人到長安，謁三蔵玄奘，即高宗永徽四年也。同年釋定惠随遣唐使浮海，乃到長安。

同五年
《唐録》曰：高宗永徽五年，倭國使献虎珀、馬瑙。高宗慰撫之，仍云：「王國與新羅、高麗"
E1008,E326,L100,AT_LOCATION,"五月，釋道昭奉勑，從遣唐使小山長丹、副使小乙上掃守連泛海，緇侣同志者道嚴等十三人到長安，謁三蔵玄奘，即高宗永徽四年也。同年釋定惠随遣唐使浮海，乃到長安。

同五年
《唐録》曰：高宗永徽五年，倭國使献虎珀、馬瑙。高宗慰撫之，仍云：「王國與新羅、高麗"
E1009,P270,P005,TRAVEL,"五月，釋道昭奉勑，從遣唐使小山長丹、副使小乙上掃守連泛海，緇侣同志者道嚴等十三人到長安，謁三蔵玄奘，即高宗永徽四年也。同年釋定惠随遣唐使浮海，乃到長安。

同五年
《唐録》曰：高宗永徽五年，倭國使献虎珀、馬瑙。高宗慰撫之，仍云：「王國與新羅、高麗"
E1010,E327,P289,HAS_SUBJECT,"志者道嚴等十三人到長安，謁三蔵玄奘，即高宗永徽四年也。同年釋定惠随遣唐使浮海，乃到長安。

同五年
《唐録》曰：高宗永徽五年，倭國使献虎珀、馬瑙。高宗慰撫之，仍云：「王國與新羅、高麗、百濟接近，若有危急，宜遣使救之。」

齊明天皇四年
七月，智通"
E1011,E327,L100,HAS_OBJECT,"志者道嚴等十三人到長安，謁三蔵玄奘，即高宗永徽四年也。同年釋定惠随遣唐使浮海，乃到長安。

同五年
《唐録》曰：高宗永徽五年，倭國使献虎珀、馬瑙。高宗慰撫之，仍云：「王國與新羅、高麗、百濟接近，若有危急，宜遣使救之。」

齊明天皇四年
七月，智通"
E1012,E327,L199,AT_LOCATION,"志者道嚴等十三人到長安，謁三蔵玄奘，即高宗永徽四年也。同年釋定惠随遣唐使浮海，乃到長安。

同五年
《唐録》曰：高宗永徽五年，倭國使献虎珀、馬瑙。高宗慰撫之，仍云：「王國與新羅、高麗、百濟接近，若有危急，宜遣使救之。」

齊明天皇四年
七月，智通"
E1013,P289,L100,TRAVEL,"志者道嚴等十三人到長安，謁三蔵玄奘，即高宗永徽四年也。同年釋定惠随遣唐使浮海，乃到長安。

同五年
《唐録》曰：高宗永徽五年，倭國使献虎珀、馬瑙。高宗慰撫之，仍云：「王國與新羅、高麗、百濟接近，若有危急，宜遣使救之。」

齊明天皇四年
七月，智通"
E1014,P289,L199,TRAVEL,"志者道嚴等十三人到長安，謁三蔵玄奘，即高宗永徽四年也。同年釋定惠随遣唐使浮海，乃到長安。

同五年
《唐録》曰：高宗永徽五年，倭國使献虎珀、馬瑙。高宗慰撫之，仍云：「王國與新羅、高麗、百濟接近，若有危急，宜遣使救之。」

齊明天皇四年
七月，智通"
E1015,E328,P165,HAS_SUBJECT,"近，若有危急，宜遣使救之。」

齊明天皇四年
七月，智通、智達二師奉勑，乗新羅船入唐，受相宗於玄奘三藏。

天智天皇元年
三月，唐人、新羅人伐高麗，高麗乞救于我。

同三年
《海外國記》曰：天智天皇三年四月，大唐客來朝。大使朝散大夫上柱國郭務悰"
E1016,E328,P194,HAS_OBJECT,"近，若有危急，宜遣使救之。」

齊明天皇四年
七月，智通、智達二師奉勑，乗新羅船入唐，受相宗於玄奘三藏。

天智天皇元年
三月，唐人、新羅人伐高麗，高麗乞救于我。

同三年
《海外國記》曰：天智天皇三年四月，大唐客來朝。大使朝散大夫上柱國郭務悰"
E1017,E328,L100,AT_LOCATION,"近，若有危急，宜遣使救之。」

齊明天皇四年
七月，智通、智達二師奉勑，乗新羅船入唐，受相宗於玄奘三藏。

天智天皇元年
三月，唐人、新羅人伐高麗，高麗乞救于我。

同三年
《海外國記》曰：天智天皇三年四月，大唐客來朝。大使朝散大夫上柱國郭務悰"
E1018,P165,P194,TRAVEL,"近，若有危急，宜遣使救之。」

齊明天皇四年
七月，智通、智達二師奉勑，乗新羅船入唐，受相宗於玄奘三藏。

天智天皇元年
三月，唐人、新羅人伐高麗，高麗乞救于我。

同三年
《海外國記》曰：天智天皇三年四月，大唐客來朝。大使朝散大夫上柱國郭務悰"
E1019,P165,L100,TRAVEL,"近，若有危急，宜遣使救之。」

齊明天皇四年
七月，智通、智達二師奉勑，乗新羅船入唐，受相宗於玄奘三藏。

天智天皇元年
三月，唐人、新羅人伐高麗，高麗乞救于我。

同三年
《海外國記》曰：天智天皇三年四月，大唐客來朝。大使朝散大夫上柱國郭務悰"
E1020,E329,P037,HAS_SUBJECT,"蝕之。
冬十月甲子。從四位下小野朝臣牛養卒。
丙子。少僧都行達爲大僧都。
丙戌。入唐使判官外從五位下平郡朝臣廣成。并渤海客等入京。
十一月辛夘。平郡朝臣廣成拜朝。初廣成。天平五年隨大使多治比眞人廣成入唐。六年十月事畢却歸。"
E1021,E329,P171,HAS_OBJECT,"蝕之。
冬十月甲子。從四位下小野朝臣牛養卒。
丙子。少僧都行達爲大僧都。
丙戌。入唐使判官外從五位下平郡朝臣廣成。并渤海客等入京。
十一月辛夘。平郡朝臣廣成拜朝。初廣成。天平五年隨大使多治比眞人廣成入唐。六年十月事畢却歸。"
E1022,E329,L033,AT_LOCATION,"蝕之。
冬十月甲子。從四位下小野朝臣牛養卒。
丙子。少僧都行達爲大僧都。
丙戌。入唐使判官外從五位下平郡朝臣廣成。并渤海客等入京。
十一月辛夘。平郡朝臣廣成拜朝。初廣成。天平五年隨大使多治比眞人廣成入唐。六年十月事畢却歸。"
E1023,P037,P171,TRAVEL,"蝕之。
冬十月甲子。從四位下小野朝臣牛養卒。
丙子。少僧都行達爲大僧都。
丙戌。入唐使判官外從五位下平郡朝臣廣成。并渤海客等入京。
十一月辛夘。平郡朝臣廣成拜朝。初廣成。天平五年隨大使多治比眞人廣成入唐。六年十月事畢却歸。"
E1024,P037,L033,TRAVEL,"蝕之。
冬十月甲子。從四位下小野朝臣牛養卒。
丙子。少僧都行達爲大僧都。
丙戌。入唐使判官外從五位下平郡朝臣廣成。并渤海客等入京。
十一月辛夘。平郡朝臣廣成拜朝。初廣成。天平五年隨大使多治比眞人廣成入唐。六年十月事畢却歸。"
E1025,E330,P136,HAS_SUBJECT,"海客等入京。
十一月辛夘。平郡朝臣廣成拜朝。初廣成。天平五年隨大使多治比眞人廣成入唐。六年十月事畢却歸。"
E1026,E330,L194,AT_LOCATION,"海客等入京。
十一月辛夘。平郡朝臣廣成拜朝。初廣成。天平五年隨大使多治比眞人廣成入唐。六年十月事畢却歸。"
E1027,P136,L194,TRAVEL,"海客等入京。
十一月辛夘。平郡朝臣廣成拜朝。初廣成。天平五年隨大使多治比眞人廣成入唐。六年十月事畢却歸。"
E1028,E331,P297,HAS_SUBJECT,"真，揚州江陽縣人也，俗姓淳于，齊［大夫］髡之後也。

其父先就揚州大雲寺智滿禪師受戒，學禪門。大和上年十四，隨父入寺，見佛像感動心，因請父求出家；父奇其志，許焉。是時，大周則天長安元年有詔于天下諸州度僧，便［就］智滿禪師出家爲沙彌，配住大雲寺。"
E1029,E331,C027,HAS_OBJECT,"真，揚州江陽縣人也，俗姓淳于，齊［大夫］髡之後也。

其父先就揚州大雲寺智滿禪師受戒，學禪門。大和上年十四，隨父入寺，見佛像感動心，因請父求出家；父奇其志，許焉。是時，大周則天長安元年有詔于天下諸州度僧，便［就］智滿禪師出家爲沙彌，配住大雲寺。"
E1030,E331,L093,AT_LOCATION,"真，揚州江陽縣人也，俗姓淳于，齊［大夫］髡之後也。

其父先就揚州大雲寺智滿禪師受戒，學禪門。大和上年十四，隨父入寺，見佛像感動心，因請父求出家；父奇其志，許焉。是時，大周則天長安元年有詔于天下諸州度僧，便［就］智滿禪師出家爲沙彌，配住大雲寺。"
E1031,P297,C027,LEARN,"真，揚州江陽縣人也，俗姓淳于，齊［大夫］髡之後也。

其父先就揚州大雲寺智滿禪師受戒，學禪門。大和上年十四，隨父入寺，見佛像感動心，因請父求出家；父奇其志，許焉。是時，大周則天長安元年有詔于天下諸州度僧，便［就］智滿禪師出家爲沙彌，配住大雲寺。"
E1032,P297,L093,LEARN,"真，揚州江陽縣人也，俗姓淳于，齊［大夫］髡之後也。

其父先就揚州大雲寺智滿禪師受戒，學禪門。大和上年十四，隨父入寺，見佛像感動心，因請父求出家；父奇其志，許焉。是時，大周則天長安元年有詔于天下諸州度僧，便［就］智滿禪師出家爲沙彌，配住大雲寺。"
E1033,E332,P296,HAS_SUBJECT,便［就］智滿禪師出家爲沙彌，配住大雲寺。唐中宗孝和［聖］皇帝神龍元年，從道岸律師受菩薩戒。景龍元年杖錫東都，因入長安。其二年三月二十八日，於西京實際寺登壇受具足戒。荊州南泉寺弘景律師爲和上巡遊二京，究學三藏。後歸淮南，教授戒律；江淮之間，獨爲化主。
E1034,E332,L311,HAS_OBJECT,便［就］智滿禪師出家爲沙彌，配住大雲寺。唐中宗孝和［聖］皇帝神龍元年，從道岸律師受菩薩戒。景龍元年杖錫東都，因入長安。其二年三月二十八日，於西京實際寺登壇受具足戒。荊州南泉寺弘景律師爲和上巡遊二京，究學三藏。後歸淮南，教授戒律；江淮之間，獨爲化主。
E1035,E332,L094,AT_LOCATION,便［就］智滿禪師出家爲沙彌，配住大雲寺。唐中宗孝和［聖］皇帝神龍元年，從道岸律師受菩薩戒。景龍元年杖錫東都，因入長安。其二年三月二十八日，於西京實際寺登壇受具足戒。荊州南泉寺弘景律師爲和上巡遊二京，究學三藏。後歸淮南，教授戒律；江淮之間，獨爲化主。
E1036,P296,L311,LEARN,便［就］智滿禪師出家爲沙彌，配住大雲寺。唐中宗孝和［聖］皇帝神龍元年，從道岸律師受菩薩戒。景龍元年杖錫東都，因入長安。其二年三月二十八日，於西京實際寺登壇受具足戒。荊州南泉寺弘景律師爲和上巡遊二京，究學三藏。後歸淮南，教授戒律；江淮之間，獨爲化主。
E1037,P296,L094,LEARN,便［就］智滿禪師出家爲沙彌，配住大雲寺。唐中宗孝和［聖］皇帝神龍元年，從道岸律師受菩薩戒。景龍元年杖錫東都，因入長安。其二年三月二十八日，於西京實際寺登壇受具足戒。荊州南泉寺弘景律師爲和上巡遊二京，究學三藏。後歸淮南，教授戒律；江淮之間，獨爲化主。
E1038,E335,P296,HAS_SUBJECT,岸律師受菩薩戒。景龍元年杖錫東都，因入長安。其二年三月二十八日，於西京實際寺登壇受具足戒。荊州南泉寺弘景律師爲和上巡遊二京，究學三藏。後歸淮南，教授戒律；江淮之間，獨爲化主。於是興建佛
E1039,E335,C022,HAS_OBJECT,岸律師受菩薩戒。景龍元年杖錫東都，因入長安。其二年三月二十八日，於西京實際寺登壇受具足戒。荊州南泉寺弘景律師爲和上巡遊二京，究學三藏。後歸淮南，教授戒律；江淮之間，獨爲化主。於是興建佛
E1040,E335,L102,AT_LOCATION,岸律師受菩薩戒。景龍元年杖錫東都，因入長安。其二年三月二十八日，於西京實際寺登壇受具足戒。荊州南泉寺弘景律師爲和上巡遊二京，究學三藏。後歸淮南，教授戒律；江淮之間，獨爲化主。於是興建佛
E1041,P296,C022,LEARN,岸律師受菩薩戒。景龍元年杖錫東都，因入長安。其二年三月二十八日，於西京實際寺登壇受具足戒。荊州南泉寺弘景律師爲和上巡遊二京，究學三藏。後歸淮南，教授戒律；江淮之間，獨爲化主。於是興建佛
E1042,P296,L102,LEARN,岸律師受菩薩戒。景龍元年杖錫東都，因入長安。其二年三月二十八日，於西京實際寺登壇受具足戒。荊州南泉寺弘景律師爲和上巡遊二京，究學三藏。後歸淮南，教授戒律；江淮之間，獨爲化主。於是興建佛
E1043,E336,P296,HAS_SUBJECT,志，許焉。是時，大周則天長安元年有詔于天下諸州度僧，便［就］智滿禪師出家爲沙彌，配住大雲寺。唐中宗孝和［聖］皇帝神龍元年，從道岸律師受菩薩戒。景龍元年杖錫東都，因入長安。其二年三月二十八日，於西京實際寺登壇受具足戒。荊州南泉寺弘景律師爲和上巡遊二京，
E1044,E336,L141,HAS_OBJECT,志，許焉。是時，大周則天長安元年有詔于天下諸州度僧，便［就］智滿禪師出家爲沙彌，配住大雲寺。唐中宗孝和［聖］皇帝神龍元年，從道岸律師受菩薩戒。景龍元年杖錫東都，因入長安。其二年三月二十八日，於西京實際寺登壇受具足戒。荊州南泉寺弘景律師爲和上巡遊二京，
E1045,E336,L093,AT_LOCATION,志，許焉。是時，大周則天長安元年有詔于天下諸州度僧，便［就］智滿禪師出家爲沙彌，配住大雲寺。唐中宗孝和［聖］皇帝神龍元年，從道岸律師受菩薩戒。景龍元年杖錫東都，因入長安。其二年三月二十八日，於西京實際寺登壇受具足戒。荊州南泉寺弘景律師爲和上巡遊二京，
E1046,P296,L141,TRAVEL,志，許焉。是時，大周則天長安元年有詔于天下諸州度僧，便［就］智滿禪師出家爲沙彌，配住大雲寺。唐中宗孝和［聖］皇帝神龍元年，從道岸律師受菩薩戒。景龍元年杖錫東都，因入長安。其二年三月二十八日，於西京實際寺登壇受具足戒。荊州南泉寺弘景律師爲和上巡遊二京，
E1047,P296,L093,TRAVEL,志，許焉。是時，大周則天長安元年有詔于天下諸州度僧，便［就］智滿禪師出家爲沙彌，配住大雲寺。唐中宗孝和［聖］皇帝神龍元年，從道岸律師受菩薩戒。景龍元年杖錫東都，因入長安。其二年三月二十八日，於西京實際寺登壇受具足戒。荊州南泉寺弘景律師爲和上巡遊二京，
E1048,E337,C036,HAS_SUBJECT,貳從四位上南淵朝臣永河等。得今月十四日飛驛所奏。遣唐録事大神宗雄送大宰府牒状。知入唐三箇船嫌本舶之不完。倩駕楚州新羅船九隻。傍新羅南以歸朝。其第六船。宗雄所駕是也。餘八箇船。或隱或見。前後相失。未有
E1049,E337,L193,HAS_OBJECT,貳從四位上南淵朝臣永河等。得今月十四日飛驛所奏。遣唐録事大神宗雄送大宰府牒状。知入唐三箇船嫌本舶之不完。倩駕楚州新羅船九隻。傍新羅南以歸朝。其第六船。宗雄所駕是也。餘八箇船。或隱或見。前後相失。未有
E1050,E337,L096,AT_LOCATION,貳從四位上南淵朝臣永河等。得今月十四日飛驛所奏。遣唐録事大神宗雄送大宰府牒状。知入唐三箇船嫌本舶之不完。倩駕楚州新羅船九隻。傍新羅南以歸朝。其第六船。宗雄所駕是也。餘八箇船。或隱或見。前後相失。未有
E1051,C036,L193,TRAVEL,貳從四位上南淵朝臣永河等。得今月十四日飛驛所奏。遣唐録事大神宗雄送大宰府牒状。知入唐三箇船嫌本舶之不完。倩駕楚州新羅船九隻。傍新羅南以歸朝。其第六船。宗雄所駕是也。餘八箇船。或隱或見。前後相失。未有
E1052,C036,L096,TRAVEL,貳從四位上南淵朝臣永河等。得今月十四日飛驛所奏。遣唐録事大神宗雄送大宰府牒状。知入唐三箇船嫌本舶之不完。倩駕楚州新羅船九隻。傍新羅南以歸朝。其第六船。宗雄所駕是也。餘八箇船。或隱或見。前後相失。未有
E1053,E338,G008,HAS_SUBJECT,事大神宗雄送大宰府牒状。知入唐三箇船嫌本舶之不完。倩駕楚州新羅船九隻。傍新羅南以歸朝。其第六船。宗雄所駕是也。餘八箇船。或隱或見。前後相失。未有
E1054,E338,L193,HAS_OBJECT,事大神宗雄送大宰府牒状。知入唐三箇船嫌本舶之不完。倩駕楚州新羅船九隻。傍新羅南以歸朝。其第六船。宗雄所駕是也。餘八箇船。或隱或見。前後相失。未有
E1055,E338,L096,AT_LOCATION,事大神宗雄送大宰府牒状。知入唐三箇船嫌本舶之不完。倩駕楚州新羅船九隻。傍新羅南以歸朝。其第六船。宗雄所駕是也。餘八箇船。或隱或見。前後相失。未有
E1056,G008,L193,TRAVEL,事大神宗雄送大宰府牒状。知入唐三箇船嫌本舶之不完。倩駕楚州新羅船九隻。傍新羅南以歸朝。其第六船。宗雄所駕是也。餘八箇船。或隱或見。前後相失。未有
E1057,G008,L096,TRAVEL,事大神宗雄送大宰府牒状。知入唐三箇船嫌本舶之不完。倩駕楚州新羅船九隻。傍新羅南以歸朝。其第六船。宗雄所駕是也。餘八箇船。或隱或見。前後相失。未有
E1058,E339,C026,HAS_OBJECT,"勅。宜准歸化例安置供給。

戊申四日。明經博士得業生等依例奉參内裏。不引見而罷。賜祿有差。

庚戌六日。日入之時。赤雲八條起自東方。直指西方。廣殆及竟天。瑞祥志曰。天氣峙時。山川出雲。占云。赤氣如大道一條。若至三四五條者大赦。人民安樂。

丁巳"
E1059,E339,L026,AT_LOCATION,"勅。宜准歸化例安置供給。

戊申四日。明經博士得業生等依例奉參内裏。不引見而罷。賜祿有差。

庚戌六日。日入之時。赤雲八條起自東方。直指西方。廣殆及竟天。瑞祥志曰。天氣峙時。山川出雲。占云。赤氣如大道一條。若至三四五條者大赦。人民安樂。

丁巳"
E1060,E340,L225,HAS_OBJECT,"擇窮貧者。給復一年。
辛丑。太宰管内諸國飢。賑給之。
壬寅。右京人正六位上春男王賜姓宗高眞人。
戊申。備前國飢。賑給。
乙夘。勅遣唐大使藤原朝臣常嗣。副使小野朝臣篁。使等本期鳳擧用渉鼇波。心事多■。滯留逆旅。朕眷言艱節。憂念于懷。方今信風甫臻。"
E1061,E340,L025,AT_LOCATION,"擇窮貧者。給復一年。
辛丑。太宰管内諸國飢。賑給之。
壬寅。右京人正六位上春男王賜姓宗高眞人。
戊申。備前國飢。賑給。
乙夘。勅遣唐大使藤原朝臣常嗣。副使小野朝臣篁。使等本期鳳擧用渉鼇波。心事多■。滯留逆旅。朕眷言艱節。憂念于懷。方今信風甫臻。"
E1062,E341,P255,HAS_SUBJECT,"勘發之。』▼是日。天皇遷御常寧殿。以避暑也。
五月丁巳朔己未。遣唐使上奏言。使等漂廻。嚴綸未允。雖風信之愆。乃是天時。而重行之累。類有冥妨。况巨海之"
E1063,E341,L215,AT_LOCATION,"勘發之。』▼是日。天皇遷御常寧殿。以避暑也。
五月丁巳朔己未。遣唐使上奏言。使等漂廻。嚴綸未允。雖風信之愆。乃是天時。而重行之累。類有冥妨。况巨海之"
E1064,P255,L215,TRAVEL,"勘發之。』▼是日。天皇遷御常寧殿。以避暑也。
五月丁巳朔己未。遣唐使上奏言。使等漂廻。嚴綸未允。雖風信之愆。乃是天時。而重行之累。類有冥妨。况巨海之"
E1065,E342,P032,HAS_SUBJECT,、惣経官家。制餝甫就、設斎供養。天皇命王公百寮行事。真雅遷化、復有僧正宗叡法師。入唐求法、受得真言。奉勧天皇、結香火之因。自遜皇位、御清和院、帰念苦空（仏道）、発心菩提。朝夕之膳、菜蔬在御。妍状豊姿、不賜顔色。■私寵引、自斯而断。遂御山庄、落飾
E1066,E342,C032,HAS_OBJECT,、惣経官家。制餝甫就、設斎供養。天皇命王公百寮行事。真雅遷化、復有僧正宗叡法師。入唐求法、受得真言。奉勧天皇、結香火之因。自遜皇位、御清和院、帰念苦空（仏道）、発心菩提。朝夕之膳、菜蔬在御。妍状豊姿、不賜顔色。■私寵引、自斯而断。遂御山庄、落飾
E1067,P032,C032,TRAVEL,、惣経官家。制餝甫就、設斎供養。天皇命王公百寮行事。真雅遷化、復有僧正宗叡法師。入唐求法、受得真言。奉勧天皇、結香火之因。自遜皇位、御清和院、帰念苦空（仏道）、発心菩提。朝夕之膳、菜蔬在御。妍状豊姿、不賜顔色。■私寵引、自斯而断。遂御山庄、落飾
E1068,E343,P048,HAS_SUBJECT,"忠闍梨來。
〈入唐求法巡禮行記卷第四〉
(池田長田氏藏本奧書)
文化二年二月十三日以比叡山飯室谷松禪院御本書寫畢
慧日山津金教寺住持法印大僧都長海
(東寺觀智院藏本奧書)
明德二"
E1069,E343,L105,HAS_OBJECT,"忠闍梨來。
〈入唐求法巡禮行記卷第四〉
(池田長田氏藏本奧書)
文化二年二月十三日以比叡山飯室谷松禪院御本書寫畢
慧日山津金教寺住持法印大僧都長海
(東寺觀智院藏本奧書)
明德二"
E1070,E343,L112,AT_LOCATION,"忠闍梨來。
〈入唐求法巡禮行記卷第四〉
(池田長田氏藏本奧書)
文化二年二月十三日以比叡山飯室谷松禪院御本書寫畢
慧日山津金教寺住持法印大僧都長海
(東寺觀智院藏本奧書)
明德二"
E1071,P048,L105,TRAVEL,"忠闍梨來。
〈入唐求法巡禮行記卷第四〉
(池田長田氏藏本奧書)
文化二年二月十三日以比叡山飯室谷松禪院御本書寫畢
慧日山津金教寺住持法印大僧都長海
(東寺觀智院藏本奧書)
明德二"
E1072,P048,L112,TRAVEL,"忠闍梨來。
〈入唐求法巡禮行記卷第四〉
(池田長田氏藏本奧書)
文化二年二月十三日以比叡山飯室谷松禪院御本書寫畢
慧日山津金教寺住持法印大僧都長海
(東寺觀智院藏本奧書)
明德二"
E1073,E344,P168,HAS_SUBJECT,山最澄法師。師大悦即落髪爲弟子。取自名一号爲圓澄。時年二十七焉。廿四年春。最澄師入唐以後。法師依詔於紫宸殿修念五佛頂法。即預得度。其夏四月就唐泰信大増都受具戒。六月大唐使歸朝。秋八月
E1074,E344,L089,HAS_OBJECT,山最澄法師。師大悦即落髪爲弟子。取自名一号爲圓澄。時年二十七焉。廿四年春。最澄師入唐以後。法師依詔於紫宸殿修念五佛頂法。即預得度。其夏四月就唐泰信大増都受具戒。六月大唐使歸朝。秋八月
E1075,E344,L195,AT_LOCATION,山最澄法師。師大悦即落髪爲弟子。取自名一号爲圓澄。時年二十七焉。廿四年春。最澄師入唐以後。法師依詔於紫宸殿修念五佛頂法。即預得度。其夏四月就唐泰信大増都受具戒。六月大唐使歸朝。秋八月
E1076,P168,L089,TRAVEL,山最澄法師。師大悦即落髪爲弟子。取自名一号爲圓澄。時年二十七焉。廿四年春。最澄師入唐以後。法師依詔於紫宸殿修念五佛頂法。即預得度。其夏四月就唐泰信大増都受具戒。六月大唐使歸朝。秋八月
E1077,P168,L195,TRAVEL,山最澄法師。師大悦即落髪爲弟子。取自名一号爲圓澄。時年二十七焉。廿四年春。最澄師入唐以後。法師依詔於紫宸殿修念五佛頂法。即預得度。其夏四月就唐泰信大増都受具戒。六月大唐使歸朝。秋八月
E1078,E346,L123,HAS_SUBJECT,法師依詔於紫宸殿修念五佛頂法。即預得度。其夏四月就唐泰信大増都受具戒。六月大唐使歸朝。秋八月
E1079,E346,L193,HAS_OBJECT,法師依詔於紫宸殿修念五佛頂法。即預得度。其夏四月就唐泰信大増都受具戒。六月大唐使歸朝。秋八月
E1080,E346,L084,AT_LOCATION,法師依詔於紫宸殿修念五佛頂法。即預得度。其夏四月就唐泰信大増都受具戒。六月大唐使歸朝。秋八月
E1081,L123,L193,TRAVEL,法師依詔於紫宸殿修念五佛頂法。即預得度。其夏四月就唐泰信大増都受具戒。六月大唐使歸朝。秋八月
E1082,L123,L084,TRAVEL,法師依詔於紫宸殿修念五佛頂法。即預得度。其夏四月就唐泰信大増都受具戒。六月大唐使歸朝。秋八月
E1083,E347,L016,HAS_OBJECT,"聞蹕聲。出幄而立。迎謁天皇。禊事畢。御直相幄。賜扈從五位已上大官饌焉。三四盃後。賜五位及神祇官長上以上。山城國司。并非侍從着當色者祿各有差。
壬寅。延暦寺座主僧傳灯大法師位圓澄卒。時年六十二〈云云〉。延暦十七年。陟到叡山最澄法師。師大悦即落髪爲弟子。取自"
E1084,E347,L028,AT_LOCATION,"聞蹕聲。出幄而立。迎謁天皇。禊事畢。御直相幄。賜扈從五位已上大官饌焉。三四盃後。賜五位及神祇官長上以上。山城國司。并非侍從着當色者祿各有差。
壬寅。延暦寺座主僧傳灯大法師位圓澄卒。時年六十二〈云云〉。延暦十七年。陟到叡山最澄法師。師大悦即落髪爲弟子。取自"
E1085,E348,P290,HAS_SUBJECT,"行善至自高麗。三蔵善無畏來遊。

聖武天皇五年
釋榮睿、普照等隨遣唐大使丹墀廣成入唐留学。

天平八年
七月，南天笁婆羅"
E1086,E348,L194,AT_LOCATION,"行善至自高麗。三蔵善無畏來遊。

聖武天皇五年
釋榮睿、普照等隨遣唐大使丹墀廣成入唐留学。

天平八年
七月，南天笁婆羅"
E1087,P290,L194,TRAVEL,"行善至自高麗。三蔵善無畏來遊。

聖武天皇五年
釋榮睿、普照等隨遣唐大使丹墀廣成入唐留学。

天平八年
七月，南天笁婆羅"
E1088,E349,P290,HAS_SUBJECT,"老二年
十月，沙門行善至自高麗。三蔵善無畏來遊。

聖武天皇五年
釋榮睿、普照等隨遣唐大使丹墀廣成入唐留学。

天平八年
七月，南天笁婆羅"
E1089,E349,L194,AT_LOCATION,"老二年
十月，沙門行善至自高麗。三蔵善無畏來遊。

聖武天皇五年
釋榮睿、普照等隨遣唐大使丹墀廣成入唐留学。

天平八年
七月，南天笁婆羅"
E1090,E350,P287,HAS_SUBJECT,"方志道者，後當入日本國。」元佐送護四十里。

嘉祥三年
釋圓珍夢山王明神告曰：「入唐求法，勿爲留滯。」珍夢中曰：「此來入唐，請益闍梨仁公，精研顯密，已歸本山。我何汲汲於航海乎？」神曰：「世人薙發爲僧者多矣，子昔日何汲汲於薙發乎？」蓋珍躁甚於度世"
E1091,E350,L219,AT_LOCATION,"方志道者，後當入日本國。」元佐送護四十里。

嘉祥三年
釋圓珍夢山王明神告曰：「入唐求法，勿爲留滯。」珍夢中曰：「此來入唐，請益闍梨仁公，精研顯密，已歸本山。我何汲汲於航海乎？」神曰：「世人薙發爲僧者多矣，子昔日何汲汲於薙發乎？」蓋珍躁甚於度世"
E1092,P287,L219,TRAVEL,"方志道者，後當入日本國。」元佐送護四十里。

嘉祥三年
釋圓珍夢山王明神告曰：「入唐求法，勿爲留滯。」珍夢中曰：「此來入唐，請益闍梨仁公，精研顯密，已歸本山。我何汲汲於航海乎？」神曰：「世人薙發爲僧者多矣，子昔日何汲汲於薙發乎？」蓋珍躁甚於度世"
E1093,E351,P287,HAS_SUBJECT,"里。

嘉祥三年
釋圓珍夢山王明神告曰：「入唐求法，勿爲留滯。」珍夢中曰：「此來入唐，請益闍梨仁公，精研顯密，已歸本山。我何汲汲於航海乎？」神曰：「世人薙發爲僧者多矣，子昔日何汲汲於薙發乎？」蓋珍躁甚於度世。
四年春，又夢山王語曰：「求法忘身，"
E1094,E351,L218,AT_LOCATION,"里。

嘉祥三年
釋圓珍夢山王明神告曰：「入唐求法，勿爲留滯。」珍夢中曰：「此來入唐，請益闍梨仁公，精研顯密，已歸本山。我何汲汲於航海乎？」神曰：「世人薙發爲僧者多矣，子昔日何汲汲於薙發乎？」蓋珍躁甚於度世。
四年春，又夢山王語曰：「求法忘身，"
E1095,P287,L218,TRAVEL,"里。

嘉祥三年
釋圓珍夢山王明神告曰：「入唐求法，勿爲留滯。」珍夢中曰：「此來入唐，請益闍梨仁公，精研顯密，已歸本山。我何汲汲於航海乎？」神曰：「世人薙發爲僧者多矣，子昔日何汲汲於薙發乎？」蓋珍躁甚於度世。
四年春，又夢山王語曰：「求法忘身，"
E1096,E352,P096,HAS_SUBJECT,）桓武天皇延暦廿二年二月己未。大僧都伝灯大法師位行賀卒。云々。法師、生年廿五被充入唐留学、々唯識法花両宗。住唐卅一年、帰来之日、歴試其才。東大寺僧明一、難問宗義、頗有所塞。罵曰。費粮両国、学植庸浅。何違朝寄、不実帰乎。法師大愧、涕泣滂沱。久在他
E1097,E352,L194,AT_LOCATION,）桓武天皇延暦廿二年二月己未。大僧都伝灯大法師位行賀卒。云々。法師、生年廿五被充入唐留学、々唯識法花両宗。住唐卅一年、帰来之日、歴試其才。東大寺僧明一、難問宗義、頗有所塞。罵曰。費粮両国、学植庸浅。何違朝寄、不実帰乎。法師大愧、涕泣滂沱。久在他
E1098,P096,L194,TRAVEL,）桓武天皇延暦廿二年二月己未。大僧都伝灯大法師位行賀卒。云々。法師、生年廿五被充入唐留学、々唯識法花両宗。住唐卅一年、帰来之日、歴試其才。東大寺僧明一、難問宗義、頗有所塞。罵曰。費粮両国、学植庸浅。何違朝寄、不実帰乎。法師大愧、涕泣滂沱。久在他
E1099,E353,L269,HAS_OBJECT,"。賑給之。
六月乙巳朔。右京人正六位上礒原朝臣諸宗等廿八人賜姓文室眞人。
丁未。入唐請益僧傳灯大法師位常曉言。山城國宇治郡法琳寺。地勢閑燥。足修大法。望請。今般自大唐奉請太元帥靈像秘法安置此處。爲修法院。保護國家。不關講讀師之攝。許之。
己酉。"
E1100,E353,L025,AT_LOCATION,"。賑給之。
六月乙巳朔。右京人正六位上礒原朝臣諸宗等廿八人賜姓文室眞人。
丁未。入唐請益僧傳灯大法師位常曉言。山城國宇治郡法琳寺。地勢閑燥。足修大法。望請。今般自大唐奉請太元帥靈像秘法安置此處。爲修法院。保護國家。不關講讀師之攝。許之。
己酉。"
E1101,E354,G025,HAS_OBJECT,"御榻。
庚子。攝津國飢。賑給之。
六月乙巳朔。右京人正六位上礒原朝臣諸宗等廿八人賜姓文室眞人。
丁未。入唐請益僧傳灯大法師位常曉言。山城國宇治郡法琳寺。地勢閑燥。足修大法。望請。今般自大唐奉請太元帥靈像秘法安置此處。爲修法院。保護國家。不關講讀"
E1102,E354,L025,AT_LOCATION,"御榻。
庚子。攝津國飢。賑給之。
六月乙巳朔。右京人正六位上礒原朝臣諸宗等廿八人賜姓文室眞人。
丁未。入唐請益僧傳灯大法師位常曉言。山城國宇治郡法琳寺。地勢閑燥。足修大法。望請。今般自大唐奉請太元帥靈像秘法安置此處。爲修法院。保護國家。不關講讀"
E1103,E355,G050,HAS_SUBJECT,朝臣愛發等於山陵祈祷焉。』遣唐第二舶知乘船事正六位上菅原朝臣梶成等。海中遇造風。漂着南海賊地。相戰之時。所得兵
E1104,E355,L071,HAS_OBJECT,朝臣愛發等於山陵祈祷焉。』遣唐第二舶知乘船事正六位上菅原朝臣梶成等。海中遇造風。漂着南海賊地。相戰之時。所得兵
E1105,E355,L073,AT_LOCATION,朝臣愛發等於山陵祈祷焉。』遣唐第二舶知乘船事正六位上菅原朝臣梶成等。海中遇造風。漂着南海賊地。相戰之時。所得兵
E1106,G050,L071,TRAVEL,朝臣愛發等於山陵祈祷焉。』遣唐第二舶知乘船事正六位上菅原朝臣梶成等。海中遇造風。漂着南海賊地。相戰之時。所得兵
E1107,G050,L073,TRAVEL,朝臣愛發等於山陵祈祷焉。』遣唐第二舶知乘船事正六位上菅原朝臣梶成等。海中遇造風。漂着南海賊地。相戰之時。所得兵
E1108,E357,P095,HAS_SUBJECT,"大伴部博麻，從新羅送使大奈末金高訓等，還至筑紫。
戊戌，天皇至自紀伊。
冬十月甲辰朔戊申，天皇幸吉野宮。
癸丑，大唐學問僧智宗等，至于京師。
戊午，遣使者，詔筑紫大宰河內王等曰：「饗新羅送使大奈末金高訓"
E1109,E357,L275,HAS_OBJECT,"大伴部博麻，從新羅送使大奈末金高訓等，還至筑紫。
戊戌，天皇至自紀伊。
冬十月甲辰朔戊申，天皇幸吉野宮。
癸丑，大唐學問僧智宗等，至于京師。
戊午，遣使者，詔筑紫大宰河內王等曰：「饗新羅送使大奈末金高訓"
E1110,E357,L182,AT_LOCATION,"大伴部博麻，從新羅送使大奈末金高訓等，還至筑紫。
戊戌，天皇至自紀伊。
冬十月甲辰朔戊申，天皇幸吉野宮。
癸丑，大唐學問僧智宗等，至于京師。
戊午，遣使者，詔筑紫大宰河內王等曰：「饗新羅送使大奈末金高訓"
E1111,P095,L275,TRAVEL,"大伴部博麻，從新羅送使大奈末金高訓等，還至筑紫。
戊戌，天皇至自紀伊。
冬十月甲辰朔戊申，天皇幸吉野宮。
癸丑，大唐學問僧智宗等，至于京師。
戊午，遣使者，詔筑紫大宰河內王等曰：「饗新羅送使大奈末金高訓"
E1112,P095,L182,TRAVEL,"大伴部博麻，從新羅送使大奈末金高訓等，還至筑紫。
戊戌，天皇至自紀伊。
冬十月甲辰朔戊申，天皇幸吉野宮。
癸丑，大唐學問僧智宗等，至于京師。
戊午，遣使者，詔筑紫大宰河內王等曰：「饗新羅送使大奈末金高訓"
E1113,E358,L189,HAS_OBJECT,"宰河內王等曰：「饗新羅送使大奈末金高訓等，准上送學生土師宿禰甥等送使之例。其慰勞賜物，一依詔書。」
乙丑，詔軍丁筑後國上陽咩郡人大伴部博麻曰：「於天豐財重日足姬天皇七年，救百濟之役，汝為唐軍見虜。洎天命開別天皇三年，土師連富杼、冰連老、筑紫君薩"
E1114,E358,L274,AT_LOCATION,"宰河內王等曰：「饗新羅送使大奈末金高訓等，准上送學生土師宿禰甥等送使之例。其慰勞賜物，一依詔書。」
乙丑，詔軍丁筑後國上陽咩郡人大伴部博麻曰：「於天豐財重日足姬天皇七年，救百濟之役，汝為唐軍見虜。洎天命開別天皇三年，土師連富杼、冰連老、筑紫君薩"
E1115,E359,L025,AT_LOCATION,"祝。不勤洒掃。以致蕪穢者。收其位記。与替。
癸亥。山背國乙訓郡人外從五位下羽栗翼賜姓臣。
戊辰。大風。
庚午。天下諸國蝗。畿内者遣使巡視。餘者令國司行事。
壬午。授正五位上石川朝臣豊人從四位下。
閏八月庚寅。先是。遣唐使船到肥前國松浦郡合蚕田浦"
E1116,E360,P209,HAS_OBJECT,"姓臣。
戊辰。大風。
庚午。天下諸國蝗。畿内者遣使巡視。餘者令國司行事。
壬午。授正五位上石川朝臣豊人從四位下。
閏八月庚寅。先是。遣唐使船到肥前國松浦郡合蚕田浦。積月餘日。不得信風。既入秋節。弥違水候。乃引還於博多大津。奏上曰。今既入於秋節。逆風"
E1117,E360,L025,AT_LOCATION,"姓臣。
戊辰。大風。
庚午。天下諸國蝗。畿内者遣使巡視。餘者令國司行事。
壬午。授正五位上石川朝臣豊人從四位下。
閏八月庚寅。先是。遣唐使船到肥前國松浦郡合蚕田浦。積月餘日。不得信風。既入秋節。弥違水候。乃引還於博多大津。奏上曰。今既入於秋節。逆風"
E1118,E361,G043,HAS_SUBJECT,"姓臣。
戊辰。大風。
庚午。天下諸國蝗。畿内者遣使巡視。餘者令國司行事。
壬午。授正五位上石川朝臣豊人從四位下。
閏八月庚寅。先是。遣唐使船到肥前國松浦郡合蚕田浦。積月餘日。不得信風。既入秋節。弥違水候。乃引還於博多大津。奏上曰。今既入於秋節。逆風"
E1119,E361,L075,HAS_OBJECT,"姓臣。
戊辰。大風。
庚午。天下諸國蝗。畿内者遣使巡視。餘者令國司行事。
壬午。授正五位上石川朝臣豊人從四位下。
閏八月庚寅。先是。遣唐使船到肥前國松浦郡合蚕田浦。積月餘日。不得信風。既入秋節。弥違水候。乃引還於博多大津。奏上曰。今既入於秋節。逆風"
E1120,E361,L282,AT_LOCATION,"姓臣。
戊辰。大風。
庚午。天下諸國蝗。畿内者遣使巡視。餘者令國司行事。
壬午。授正五位上石川朝臣豊人從四位下。
閏八月庚寅。先是。遣唐使船到肥前國松浦郡合蚕田浦。積月餘日。不得信風。既入秋節。弥違水候。乃引還於博多大津。奏上曰。今既入於秋節。逆風"
E1121,G043,L075,TRAVEL,"姓臣。
戊辰。大風。
庚午。天下諸國蝗。畿内者遣使巡視。餘者令國司行事。
壬午。授正五位上石川朝臣豊人從四位下。
閏八月庚寅。先是。遣唐使船到肥前國松浦郡合蚕田浦。積月餘日。不得信風。既入秋節。弥違水候。乃引還於博多大津。奏上曰。今既入於秋節。逆風"
E1122,G043,L282,TRAVEL,"姓臣。
戊辰。大風。
庚午。天下諸國蝗。畿内者遣使巡視。餘者令國司行事。
壬午。授正五位上石川朝臣豊人從四位下。
閏八月庚寅。先是。遣唐使船到肥前國松浦郡合蚕田浦。積月餘日。不得信風。既入秋節。弥違水候。乃引還於博多大津。奏上曰。今既入於秋節。逆風"
E1123,E362,P049,HAS_SUBJECT,人大毘盧遮那経業為大比叡神分、一人一字頂輪王経業、為小比叡神分。先是、彼寺座主前入唐尋経釈法眼和尚位円珍上表言。国之為国、本依設礼、人之為人、亦由行礼。故書曰。人有礼則安、無礼則危。経曰。人能行礼、得生天上。是知、内経外書、以礼存
E1124,E362,L194,AT_LOCATION,人大毘盧遮那経業為大比叡神分、一人一字頂輪王経業、為小比叡神分。先是、彼寺座主前入唐尋経釈法眼和尚位円珍上表言。国之為国、本依設礼、人之為人、亦由行礼。故書曰。人有礼則安、無礼則危。経曰。人能行礼、得生天上。是知、内経外書、以礼存
E1125,P049,L194,TRAVEL,人大毘盧遮那経業為大比叡神分、一人一字頂輪王経業、為小比叡神分。先是、彼寺座主前入唐尋経釈法眼和尚位円珍上表言。国之為国、本依設礼、人之為人、亦由行礼。故書曰。人有礼則安、無礼則危。経曰。人能行礼、得生天上。是知、内経外書、以礼存
E1126,E363,P033,HAS_SUBJECT,敏，聰朗日倍，受持經論，中安歎異之。乃屬律師-玄叡。玄叡察其法器，摩頂誨誘。更從入唐大僧都-永忠，學經論所。滯二年，受具足戒。弘仁十年，興福寺維摩會預席論難。時諸寺學業之輩，聽其豎義，莫不驚聳。承和九年，於大極殿講最勝王經，皇帝臨聽。實敏問答警
E1127,E363,L194,AT_LOCATION,敏，聰朗日倍，受持經論，中安歎異之。乃屬律師-玄叡。玄叡察其法器，摩頂誨誘。更從入唐大僧都-永忠，學經論所。滯二年，受具足戒。弘仁十年，興福寺維摩會預席論難。時諸寺學業之輩，聽其豎義，莫不驚聳。承和九年，於大極殿講最勝王經，皇帝臨聽。實敏問答警
E1128,P033,L194,TRAVEL,敏，聰朗日倍，受持經論，中安歎異之。乃屬律師-玄叡。玄叡察其法器，摩頂誨誘。更從入唐大僧都-永忠，學經論所。滯二年，受具足戒。弘仁十年，興福寺維摩會預席論難。時諸寺學業之輩，聽其豎義，莫不驚聳。承和九年，於大極殿講最勝王經，皇帝臨聽。實敏問答警
E1129,E364,L202,AT_LOCATION,乃屬律師-玄叡。玄叡察其法器，摩頂誨誘。更從入唐大僧都-永忠，學經論所。滯二年，受具足戒。弘仁十年，興福寺維摩會預席論難。時諸寺學業之輩，聽其豎義，莫不驚聳。承和九年，於大極殿講最勝王經，皇帝臨聽。實敏問答警策，脣舌紛紜，分決疑滯，毫毛必剖。帝稱歎
E1130,E365,L194,AT_LOCATION,"同十一年
九月，釋惠隱、惠雲至自唐。

孝德天皇白雉四年
五月，釋道昭奉勑，從遣唐使小山長丹、副使小乙上掃守連泛海，緇侣同志者道嚴等十三人到長安，謁三蔵玄奘，即高宗永徽"
E1131,E366,P050,HAS_SUBJECT,"五座。
廿五日圓載留學傔從僧仁濟來。便得載上人會昌元年十二月十八日書委曲云。日本入唐大使相公。到本國京城有亡薨([□@考]亡東本似六字池本作六大使藤原常嗣承和七年薨)長判官得伊豫介。錄事得左少史。高錄事大宰典。淳和皇帝。去年七月崩。第二船漂落裸"
E1132,E366,L194,AT_LOCATION,"五座。
廿五日圓載留學傔從僧仁濟來。便得載上人會昌元年十二月十八日書委曲云。日本入唐大使相公。到本國京城有亡薨([□@考]亡東本似六字池本作六大使藤原常嗣承和七年薨)長判官得伊豫介。錄事得左少史。高錄事大宰典。淳和皇帝。去年七月崩。第二船漂落裸"
E1133,P050,L194,TRAVEL,"五座。
廿五日圓載留學傔從僧仁濟來。便得載上人會昌元年十二月十八日書委曲云。日本入唐大使相公。到本國京城有亡薨([□@考]亡東本似六字池本作六大使藤原常嗣承和七年薨)長判官得伊豫介。錄事得左少史。高錄事大宰典。淳和皇帝。去年七月崩。第二船漂落裸"
E1134,E368,L208,HAS_SUBJECT,"得達本國(云々)。又楚州新羅譯語[A55]劉慎言。今年二月一日。寄仁濟送書云。送朝貢使。梢工水手。前年秋[A56]廻彼國。
玄濟闍梨。附書狀。"
E1135,E368,L111,HAS_OBJECT,"得達本國(云々)。又楚州新羅譯語[A55]劉慎言。今年二月一日。寄仁濟送書云。送朝貢使。梢工水手。前年秋[A56]廻彼國。
玄濟闍梨。附書狀。"
E1136,E368,L095,AT_LOCATION,"得達本國(云々)。又楚州新羅譯語[A55]劉慎言。今年二月一日。寄仁濟送書云。送朝貢使。梢工水手。前年秋[A56]廻彼國。
玄濟闍梨。附書狀。"
E1137,L208,L111,PARTICIPATE,"得達本國(云々)。又楚州新羅譯語[A55]劉慎言。今年二月一日。寄仁濟送書云。送朝貢使。梢工水手。前年秋[A56]廻彼國。
玄濟闍梨。附書狀。"
E1138,L208,L095,PARTICIPATE,"得達本國(云々)。又楚州新羅譯語[A55]劉慎言。今年二月一日。寄仁濟送書云。送朝貢使。梢工水手。前年秋[A56]廻彼國。
玄濟闍梨。附書狀。"
E1139,E369,P048,HAS_SUBJECT,曼荼。寧樂半紀而叨爲首顉之浮事。儻値大唐商客李處人等化來。和尚就他要望。乗公歸船入唐。巡禮薦福興善曼茶羅道場。得見靑龍寺義眞和尚。請益於祕宗。兼看南岳五臺之聖迹。船主許諾云。東西任命。駈馳隨力。遂則承和九年。卽大唐會昌二年〈歳次壬戌〉夏五月端午
E1140,E369,L113,HAS_OBJECT,曼荼。寧樂半紀而叨爲首顉之浮事。儻値大唐商客李處人等化來。和尚就他要望。乗公歸船入唐。巡禮薦福興善曼茶羅道場。得見靑龍寺義眞和尚。請益於祕宗。兼看南岳五臺之聖迹。船主許諾云。東西任命。駈馳隨力。遂則承和九年。卽大唐會昌二年〈歳次壬戌〉夏五月端午
E1141,E369,L200,AT_LOCATION,曼荼。寧樂半紀而叨爲首顉之浮事。儻値大唐商客李處人等化來。和尚就他要望。乗公歸船入唐。巡禮薦福興善曼茶羅道場。得見靑龍寺義眞和尚。請益於祕宗。兼看南岳五臺之聖迹。船主許諾云。東西任命。駈馳隨力。遂則承和九年。卽大唐會昌二年〈歳次壬戌〉夏五月端午
E1142,P048,L113,TRAVEL,曼荼。寧樂半紀而叨爲首顉之浮事。儻値大唐商客李處人等化來。和尚就他要望。乗公歸船入唐。巡禮薦福興善曼茶羅道場。得見靑龍寺義眞和尚。請益於祕宗。兼看南岳五臺之聖迹。船主許諾云。東西任命。駈馳隨力。遂則承和九年。卽大唐會昌二年〈歳次壬戌〉夏五月端午
E1143,P048,L200,TRAVEL,曼荼。寧樂半紀而叨爲首顉之浮事。儻値大唐商客李處人等化來。和尚就他要望。乗公歸船入唐。巡禮薦福興善曼茶羅道場。得見靑龍寺義眞和尚。請益於祕宗。兼看南岳五臺之聖迹。船主許諾云。東西任命。駈馳隨力。遂則承和九年。卽大唐會昌二年〈歳次壬戌〉夏五月端午
E1144,E370,G050,HAS_SUBJECT,"中遇造風。漂着南海賊地。相戰之時。所得兵器。五尺鉾一枚。片盖鞘横佩一柄。箭一隻。齎來献之。並不以中國兵仗。
辛亥。設百高座於宮中。令講仁王經。爲攘中外妖祥也。晩頭講畢。布施法有差。〈外記日記云。不行衆僧布施。所謂无所得者也〉。
癸丑。勅。比來亢"
E1145,E370,P171,HAS_OBJECT,"中遇造風。漂着南海賊地。相戰之時。所得兵器。五尺鉾一枚。片盖鞘横佩一柄。箭一隻。齎來献之。並不以中國兵仗。
辛亥。設百高座於宮中。令講仁王經。爲攘中外妖祥也。晩頭講畢。布施法有差。〈外記日記云。不行衆僧布施。所謂无所得者也〉。
癸丑。勅。比來亢"
E1146,E370,L025,AT_LOCATION,"中遇造風。漂着南海賊地。相戰之時。所得兵器。五尺鉾一枚。片盖鞘横佩一柄。箭一隻。齎來献之。並不以中國兵仗。
辛亥。設百高座於宮中。令講仁王經。爲攘中外妖祥也。晩頭講畢。布施法有差。〈外記日記云。不行衆僧布施。所謂无所得者也〉。
癸丑。勅。比來亢"
E1147,G050,P171,INTRODUCE,"中遇造風。漂着南海賊地。相戰之時。所得兵器。五尺鉾一枚。片盖鞘横佩一柄。箭一隻。齎來献之。並不以中國兵仗。
辛亥。設百高座於宮中。令講仁王經。爲攘中外妖祥也。晩頭講畢。布施法有差。〈外記日記云。不行衆僧布施。所謂无所得者也〉。
癸丑。勅。比來亢"
E1148,G050,L025,INTRODUCE,"中遇造風。漂着南海賊地。相戰之時。所得兵器。五尺鉾一枚。片盖鞘横佩一柄。箭一隻。齎來献之。並不以中國兵仗。
辛亥。設百高座於宮中。令講仁王經。爲攘中外妖祥也。晩頭講畢。布施法有差。〈外記日記云。不行衆僧布施。所謂无所得者也〉。
癸丑。勅。比來亢"
E1149,E371,P048,HAS_SUBJECT,"寺。謹具如前。謹牒。牒件狀如前。謹牒
會昌三年五月廿六日　日本國求法圓仁謹牒
〈入唐求法巡禮行記卷第三〉"
E1150,E371,L103,AT_LOCATION,"寺。謹具如前。謹牒。牒件狀如前。謹牒
會昌三年五月廿六日　日本國求法圓仁謹牒
〈入唐求法巡禮行記卷第三〉"
E1151,P048,L103,TRAVEL,"寺。謹具如前。謹牒。牒件狀如前。謹牒
會昌三年五月廿六日　日本國求法圓仁謹牒
〈入唐求法巡禮行記卷第三〉"
E1152,E372,P048,HAS_SUBJECT,"經)。弟子僧惟正(年卅一)。僧惟曉(年卅二竝習法花經)。
右圓仁等。為求佛教。隨朝貢使過海。去開成五年八月廿三日。奉使處分。權寄住資聖寺。謹具如前。謹牒。牒件狀如前。謹牒
會昌三年五月廿六日　日本國求法圓仁謹牒
〈入唐求法巡禮行記卷第三〉"
E1153,E372,L111,HAS_OBJECT,"經)。弟子僧惟正(年卅一)。僧惟曉(年卅二竝習法花經)。
右圓仁等。為求佛教。隨朝貢使過海。去開成五年八月廿三日。奉使處分。權寄住資聖寺。謹具如前。謹牒。牒件狀如前。謹牒
會昌三年五月廿六日　日本國求法圓仁謹牒
〈入唐求法巡禮行記卷第三〉"
E1154,E372,L194,AT_LOCATION,"經)。弟子僧惟正(年卅一)。僧惟曉(年卅二竝習法花經)。
右圓仁等。為求佛教。隨朝貢使過海。去開成五年八月廿三日。奉使處分。權寄住資聖寺。謹具如前。謹牒。牒件狀如前。謹牒
會昌三年五月廿六日　日本國求法圓仁謹牒
〈入唐求法巡禮行記卷第三〉"
E1155,P048,L111,PARTICIPATE,"經)。弟子僧惟正(年卅一)。僧惟曉(年卅二竝習法花經)。
右圓仁等。為求佛教。隨朝貢使過海。去開成五年八月廿三日。奉使處分。權寄住資聖寺。謹具如前。謹牒。牒件狀如前。謹牒
會昌三年五月廿六日　日本國求法圓仁謹牒
〈入唐求法巡禮行記卷第三〉"
E1156,P048,L194,PARTICIPATE,"經)。弟子僧惟正(年卅一)。僧惟曉(年卅二竝習法花經)。
右圓仁等。為求佛教。隨朝貢使過海。去開成五年八月廿三日。奉使處分。權寄住資聖寺。謹具如前。謹牒。牒件狀如前。謹牒
會昌三年五月廿六日　日本國求法圓仁謹牒
〈入唐求法巡禮行記卷第三〉"
E1157,E373,L210,HAS_OBJECT,"對馬，以道人等十一皆請之欲留，乃上表而留之，因令住元興寺。
秋九月，小野臣妹子等至自大唐，唯通事福利不來。

十八年"
E1158,E373,L084,AT_LOCATION,"對馬，以道人等十一皆請之欲留，乃上表而留之，因令住元興寺。
秋九月，小野臣妹子等至自大唐，唯通事福利不來。

十八年"
E1159,E374,L266,HAS_SUBJECT,"來也？」對曰：「百濟王命以遣於呉國，其國有亂，不（得）入，更返於本郷。忽逢暴風，漂蕩海中，然有大幸而泊于聖帝之邊境，以歡喜。」
五月丁卯朔壬午，德摩呂等復奏之，則返德摩呂、龍二人，而副百濟人等送本國。至于對馬，以道人等十一皆請之欲留，乃上表而留"
E1160,E374,L212,AT_LOCATION,"來也？」對曰：「百濟王命以遣於呉國，其國有亂，不（得）入，更返於本郷。忽逢暴風，漂蕩海中，然有大幸而泊于聖帝之邊境，以歡喜。」
五月丁卯朔壬午，德摩呂等復奏之，則返德摩呂、龍二人，而副百濟人等送本國。至于對馬，以道人等十一皆請之欲留，乃上表而留"
E1161,L266,L212,TRAVEL,"來也？」對曰：「百濟王命以遣於呉國，其國有亂，不（得）入，更返於本郷。忽逢暴風，漂蕩海中，然有大幸而泊于聖帝之邊境，以歡喜。」
五月丁卯朔壬午，德摩呂等復奏之，則返德摩呂、龍二人，而副百濟人等送本國。至于對馬，以道人等十一皆請之欲留，乃上表而留"
E1162,E375,L326,HAS_SUBJECT,，愛育之情，無隔遐邇。知皇介居海表，撫寧民庶，境内安樂，風俗融和，深氣至誠，遠脩朝貢，丹款之美，朕有嘉焉。稍暄，比如常。世一作「也」故遣鴻臚寺掌客裴世清等，指一作「稍」宣往意，并送物如别。』時，阿倍臣出進以受其書而進行，大伴嚙連迎出承書，置於大
E1163,E375,L054,HAS_OBJECT,，愛育之情，無隔遐邇。知皇介居海表，撫寧民庶，境内安樂，風俗融和，深氣至誠，遠脩朝貢，丹款之美，朕有嘉焉。稍暄，比如常。世一作「也」故遣鴻臚寺掌客裴世清等，指一作「稍」宣往意，并送物如别。』時，阿倍臣出進以受其書而進行，大伴嚙連迎出承書，置於大
E1164,E375,L220,AT_LOCATION,，愛育之情，無隔遐邇。知皇介居海表，撫寧民庶，境内安樂，風俗融和，深氣至誠，遠脩朝貢，丹款之美，朕有嘉焉。稍暄，比如常。世一作「也」故遣鴻臚寺掌客裴世清等，指一作「稍」宣往意，并送物如别。』時，阿倍臣出進以受其書而進行，大伴嚙連迎出承書，置於大
E1165,L326,L054,PARTICIPATE,，愛育之情，無隔遐邇。知皇介居海表，撫寧民庶，境内安樂，風俗融和，深氣至誠，遠脩朝貢，丹款之美，朕有嘉焉。稍暄，比如常。世一作「也」故遣鴻臚寺掌客裴世清等，指一作「稍」宣往意，并送物如别。』時，阿倍臣出進以受其書而進行，大伴嚙連迎出承書，置於大
E1166,L326,L220,PARTICIPATE,，愛育之情，無隔遐邇。知皇介居海表，撫寧民庶，境内安樂，風俗融和，深氣至誠，遠脩朝貢，丹款之美，朕有嘉焉。稍暄，比如常。世一作「也」故遣鴻臚寺掌客裴世清等，指一作「稍」宣往意，并送物如别。』時，阿倍臣出進以受其書而進行，大伴嚙連迎出承書，置於大
E1167,E376,P171,HAS_SUBJECT,"三行爲隼人正。
壬申。授川部酒麻呂外從五位下。酒麻呂肥前國松浦郡人也。勝寳四年。爲入唐使第四船柁師。歸日海中順風盛扇。忽於船尾失火。其炎覆艫而飛。人皆惶遽不知爲計。時酒麻呂廻柁。火乃傍出。手雖燒爛。把柁不動。因遂撲滅。以存人物。以功"
E1168,E376,L273,HAS_OBJECT,"三行爲隼人正。
壬申。授川部酒麻呂外從五位下。酒麻呂肥前國松浦郡人也。勝寳四年。爲入唐使第四船柁師。歸日海中順風盛扇。忽於船尾失火。其炎覆艫而飛。人皆惶遽不知爲計。時酒麻呂廻柁。火乃傍出。手雖燒爛。把柁不動。因遂撲滅。以存人物。以功"
E1169,E376,L133,AT_LOCATION,"三行爲隼人正。
壬申。授川部酒麻呂外從五位下。酒麻呂肥前國松浦郡人也。勝寳四年。爲入唐使第四船柁師。歸日海中順風盛扇。忽於船尾失火。其炎覆艫而飛。人皆惶遽不知爲計。時酒麻呂廻柁。火乃傍出。手雖燒爛。把柁不動。因遂撲滅。以存人物。以功"
E1170,P171,L273,PARTICIPATE,"三行爲隼人正。
壬申。授川部酒麻呂外從五位下。酒麻呂肥前國松浦郡人也。勝寳四年。爲入唐使第四船柁師。歸日海中順風盛扇。忽於船尾失火。其炎覆艫而飛。人皆惶遽不知爲計。時酒麻呂廻柁。火乃傍出。手雖燒爛。把柁不動。因遂撲滅。以存人物。以功"
E1171,P171,L133,PARTICIPATE,"三行爲隼人正。
壬申。授川部酒麻呂外從五位下。酒麻呂肥前國松浦郡人也。勝寳四年。爲入唐使第四船柁師。歸日海中順風盛扇。忽於船尾失火。其炎覆艫而飛。人皆惶遽不知爲計。時酒麻呂廻柁。火乃傍出。手雖燒爛。把柁不動。因遂撲滅。以存人物。以功"
E1172,E377,G009,HAS_SUBJECT,"行爲隼人正。
壬申。授川部酒麻呂外從五位下。酒麻呂肥前國松浦郡人也。勝寳四年。爲入唐使第四船柁師。歸日海中順風盛扇。忽於船尾失火。其炎覆艫而飛。人皆惶遽不知爲計。時酒麻呂廻柁。火乃傍出。手雖燒爛。把柁不動。因遂撲滅。以存人物。以功"
E1173,E377,L239,AT_LOCATION,"行爲隼人正。
壬申。授川部酒麻呂外從五位下。酒麻呂肥前國松浦郡人也。勝寳四年。爲入唐使第四船柁師。歸日海中順風盛扇。忽於船尾失火。其炎覆艫而飛。人皆惶遽不知爲計。時酒麻呂廻柁。火乃傍出。手雖燒爛。把柁不動。因遂撲滅。以存人物。以功"
E1174,G009,L239,TRAVEL,"行爲隼人正。
壬申。授川部酒麻呂外從五位下。酒麻呂肥前國松浦郡人也。勝寳四年。爲入唐使第四船柁師。歸日海中順風盛扇。忽於船尾失火。其炎覆艫而飛。人皆惶遽不知爲計。時酒麻呂廻柁。火乃傍出。手雖燒爛。把柁不動。因遂撲滅。以存人物。以功"
E1175,E379,P226,HAS_OBJECT,"課役田租。
己未。置酒田村舊宮。群臣奉觴上壽。極日盡歡。賜祿有差。
夏四月戊辰。正七位上飯高公若舍人等十一人賜姓宿祢。
己巳。河内。攝津兩國有鼠食五穀及草木。」遣使奉幣於諸國群神。
辛未。授正五位下佐伯宿祢助從四位下。"
E1176,E379,L261,AT_LOCATION,"課役田租。
己未。置酒田村舊宮。群臣奉觴上壽。極日盡歡。賜祿有差。
夏四月戊辰。正七位上飯高公若舍人等十一人賜姓宿祢。
己巳。河内。攝津兩國有鼠食五穀及草木。」遣使奉幣於諸國群神。
辛未。授正五位下佐伯宿祢助從四位下。"
E1177,E380,G053,HAS_OBJECT,"宮。群臣奉觴上壽。極日盡歡。賜祿有差。
夏四月戊辰。正七位上飯高公若舍人等十一人賜姓宿祢。
己巳。河内。攝津兩國有鼠食五穀及草木。」遣使奉幣於諸國群神。
辛未。授正五位下佐伯宿祢助從四位下。
庚午。外從五位下大隅忌寸三行爲隼人正。
壬申。授川部"
E1178,E380,L025,AT_LOCATION,"宮。群臣奉觴上壽。極日盡歡。賜祿有差。
夏四月戊辰。正七位上飯高公若舍人等十一人賜姓宿祢。
己巳。河内。攝津兩國有鼠食五穀及草木。」遣使奉幣於諸國群神。
辛未。授正五位下佐伯宿祢助從四位下。
庚午。外從五位下大隅忌寸三行爲隼人正。
壬申。授川部"
E1179,E381,P025,HAS_OBJECT,"賜姓宿祢。
己巳。河内。攝津兩國有鼠食五穀及草木。」遣使奉幣於諸國群神。
辛未。授正五位下佐伯宿祢助從四位下。
庚午。外從五位下大隅忌寸三行爲隼人正。
壬申。授川部酒麻呂外從五位下。酒麻呂肥前國松浦郡人也。勝寳四年。爲入唐使第四船柁師。歸日海中順風"
E1180,E381,L025,AT_LOCATION,"賜姓宿祢。
己巳。河内。攝津兩國有鼠食五穀及草木。」遣使奉幣於諸國群神。
辛未。授正五位下佐伯宿祢助從四位下。
庚午。外從五位下大隅忌寸三行爲隼人正。
壬申。授川部酒麻呂外從五位下。酒麻呂肥前國松浦郡人也。勝寳四年。爲入唐使第四船柁師。歸日海中順風"
E1181,E382,P039,HAS_SUBJECT,"兵部曹司。問新羅使入朝之旨。而新羅國輙改本號曰王城國。因茲返却其使。
三月丙寅。入唐大使從四位上多治比眞人廣成等。自唐國至進節刀。
辛巳。朝拜。
夏四月戊申。授无位長田王。池田王並從四位下。正四位下百濟王南典。從四位上多治比眞人廣成並正四位上。"
E1182,E382,P171,HAS_OBJECT,"兵部曹司。問新羅使入朝之旨。而新羅國輙改本號曰王城國。因茲返却其使。
三月丙寅。入唐大使從四位上多治比眞人廣成等。自唐國至進節刀。
辛巳。朝拜。
夏四月戊申。授无位長田王。池田王並從四位下。正四位下百濟王南典。從四位上多治比眞人廣成並正四位上。"
E1183,E382,L085,AT_LOCATION,"兵部曹司。問新羅使入朝之旨。而新羅國輙改本號曰王城國。因茲返却其使。
三月丙寅。入唐大使從四位上多治比眞人廣成等。自唐國至進節刀。
辛巳。朝拜。
夏四月戊申。授无位長田王。池田王並從四位下。正四位下百濟王南典。從四位上多治比眞人廣成並正四位上。"
E1184,P039,P171,TRAVEL,"兵部曹司。問新羅使入朝之旨。而新羅國輙改本號曰王城國。因茲返却其使。
三月丙寅。入唐大使從四位上多治比眞人廣成等。自唐國至進節刀。
辛巳。朝拜。
夏四月戊申。授无位長田王。池田王並從四位下。正四位下百濟王南典。從四位上多治比眞人廣成並正四位上。"
E1185,P039,L085,TRAVEL,"兵部曹司。問新羅使入朝之旨。而新羅國輙改本號曰王城國。因茲返却其使。
三月丙寅。入唐大使從四位上多治比眞人廣成等。自唐國至進節刀。
辛巳。朝拜。
夏四月戊申。授无位長田王。池田王並從四位下。正四位下百濟王南典。從四位上多治比眞人廣成並正四位上。"
E1186,E383,P300,HAS_SUBJECT,，愛育之情，無隔遐迩。知皇介居海表，撫寧民庶，境内安樂，風俗融和，深氣至誠，達脩朝貢。丹款之美，朕有嘉焉。稍暄，比如常也。故遣鴻臚寺掌客裴世清等，稍宣往意，并送物如別。」時，阿倍臣出進，以受其書而進
E1187,E383,L053,HAS_OBJECT,，愛育之情，無隔遐迩。知皇介居海表，撫寧民庶，境内安樂，風俗融和，深氣至誠，達脩朝貢。丹款之美，朕有嘉焉。稍暄，比如常也。故遣鴻臚寺掌客裴世清等，稍宣往意，并送物如別。」時，阿倍臣出進，以受其書而進
E1188,E383,L221,AT_LOCATION,，愛育之情，無隔遐迩。知皇介居海表，撫寧民庶，境内安樂，風俗融和，深氣至誠，達脩朝貢。丹款之美，朕有嘉焉。稍暄，比如常也。故遣鴻臚寺掌客裴世清等，稍宣往意，并送物如別。」時，阿倍臣出進，以受其書而進
E1189,P300,L053,PARTICIPATE,，愛育之情，無隔遐迩。知皇介居海表，撫寧民庶，境内安樂，風俗融和，深氣至誠，達脩朝貢。丹款之美，朕有嘉焉。稍暄，比如常也。故遣鴻臚寺掌客裴世清等，稍宣往意，并送物如別。」時，阿倍臣出進，以受其書而進
E1190,P300,L221,PARTICIPATE,，愛育之情，無隔遐迩。知皇介居海表，撫寧民庶，境内安樂，風俗融和，深氣至誠，達脩朝貢。丹款之美，朕有嘉焉。稍暄，比如常也。故遣鴻臚寺掌客裴世清等，稍宣往意，并送物如別。」時，阿倍臣出進，以受其書而進
E1191,E384,P291,HAS_SUBJECT,"元年四月廿五日所勘。

光仁天皇
寶亀之初，釋永忠入唐。延曆之季，隨使歸。

桓武天皇延曆二十一年
釋最澄賜入唐求法詔。

同二十三年
五月，釋空海從遣唐使金紫光禄大夫藤賀能。八月，著衡州界，乃德宗貞元二十年也。十"
E1192,E384,L194,AT_LOCATION,"元年四月廿五日所勘。

光仁天皇
寶亀之初，釋永忠入唐。延曆之季，隨使歸。

桓武天皇延曆二十一年
釋最澄賜入唐求法詔。

同二十三年
五月，釋空海從遣唐使金紫光禄大夫藤賀能。八月，著衡州界，乃德宗貞元二十年也。十"
E1193,P291,L194,TRAVEL,"元年四月廿五日所勘。

光仁天皇
寶亀之初，釋永忠入唐。延曆之季，隨使歸。

桓武天皇延曆二十一年
釋最澄賜入唐求法詔。

同二十三年
五月，釋空海從遣唐使金紫光禄大夫藤賀能。八月，著衡州界，乃德宗貞元二十年也。十"
E1194,E385,P168,HAS_SUBJECT,"天皇
寶亀之初，釋永忠入唐。延曆之季，隨使歸。

桓武天皇延曆二十一年
釋最澄賜入唐求法詔。

同二十三年
五月，釋空海從遣唐使金紫光禄大夫藤賀能。八月，著衡州界，乃德宗貞元二十年也。十二月，到長安。七月，釋最澄從遣唐使菅清公，著明州界。
《唐"
E1195,E385,L194,AT_LOCATION,"天皇
寶亀之初，釋永忠入唐。延曆之季，隨使歸。

桓武天皇延曆二十一年
釋最澄賜入唐求法詔。

同二十三年
五月，釋空海從遣唐使金紫光禄大夫藤賀能。八月，著衡州界，乃德宗貞元二十年也。十二月，到長安。七月，釋最澄從遣唐使菅清公，著明州界。
《唐"
E1196,P168,L194,TRAVEL,"天皇
寶亀之初，釋永忠入唐。延曆之季，隨使歸。

桓武天皇延曆二十一年
釋最澄賜入唐求法詔。

同二十三年
五月，釋空海從遣唐使金紫光禄大夫藤賀能。八月，著衡州界，乃德宗貞元二十年也。十二月，到長安。七月，釋最澄從遣唐使菅清公，著明州界。
《唐"
E1197,E386,P213,HAS_SUBJECT,"，釋空海從遣唐使金紫光禄大夫藤賀能。八月，著衡州界，乃德宗貞元二十年也。十二月，到長安。七月，釋最澄從遣唐使菅清公，著明州界。
《唐録》曰：貞元廿年，遣使來朝，留學生橘逸成、學問僧空海。

同二十四年
五月，最澄乗大使藤賀能舶，著長州。

平城天"
E1198,E386,L100,HAS_OBJECT,"，釋空海從遣唐使金紫光禄大夫藤賀能。八月，著衡州界，乃德宗貞元二十年也。十二月，到長安。七月，釋最澄從遣唐使菅清公，著明州界。
《唐録》曰：貞元廿年，遣使來朝，留學生橘逸成、學問僧空海。

同二十四年
五月，最澄乗大使藤賀能舶，著長州。

平城天"
E1199,E386,L198,AT_LOCATION,"，釋空海從遣唐使金紫光禄大夫藤賀能。八月，著衡州界，乃德宗貞元二十年也。十二月，到長安。七月，釋最澄從遣唐使菅清公，著明州界。
《唐録》曰：貞元廿年，遣使來朝，留學生橘逸成、學問僧空海。

同二十四年
五月，最澄乗大使藤賀能舶，著長州。

平城天"
E1200,P213,L100,TRAVEL,"，釋空海從遣唐使金紫光禄大夫藤賀能。八月，著衡州界，乃德宗貞元二十年也。十二月，到長安。七月，釋最澄從遣唐使菅清公，著明州界。
《唐録》曰：貞元廿年，遣使來朝，留學生橘逸成、學問僧空海。

同二十四年
五月，最澄乗大使藤賀能舶，著長州。

平城天"
E1201,P213,L198,TRAVEL,"，釋空海從遣唐使金紫光禄大夫藤賀能。八月，著衡州界，乃德宗貞元二十年也。十二月，到長安。七月，釋最澄從遣唐使菅清公，著明州界。
《唐録》曰：貞元廿年，遣使來朝，留學生橘逸成、學問僧空海。

同二十四年
五月，最澄乗大使藤賀能舶，著長州。

平城天"
E1202,E387,P267,HAS_OBJECT,"造家繼授外從五位下。
己丑。伊賀国飢。遣使賑給。
甲寅。遣唐使第二船判官正六位上菅原朝臣清公。來到肥前国松浦郡鹿嶋。附驛上奏。事多不載。
丙辰。授從五位下紀朝臣廣濱從五位上。正"
E1203,E387,L025,AT_LOCATION,"造家繼授外從五位下。
己丑。伊賀国飢。遣使賑給。
甲寅。遣唐使第二船判官正六位上菅原朝臣清公。來到肥前国松浦郡鹿嶋。附驛上奏。事多不載。
丙辰。授從五位下紀朝臣廣濱從五位上。正"
E1204,E388,P273,HAS_SUBJECT,"二船判官正六位上菅原朝臣清公。來到肥前国松浦郡鹿嶋。附驛上奏。事多不載。
丙辰。授從五位下紀朝臣廣濱從五位上。正六位上犬上朝臣望成外從五位下。
庚申。近衛中將從三位勳二等坂上大宿禰田村麻呂爲參議。
辛酉。傳燈大法師位常騰爲律師。"
E1205,E388,L230,HAS_OBJECT,"二船判官正六位上菅原朝臣清公。來到肥前国松浦郡鹿嶋。附驛上奏。事多不載。
丙辰。授從五位下紀朝臣廣濱從五位上。正六位上犬上朝臣望成外從五位下。
庚申。近衛中將從三位勳二等坂上大宿禰田村麻呂爲參議。
辛酉。傳燈大法師位常騰爲律師。"
E1206,E388,L280,AT_LOCATION,"二船判官正六位上菅原朝臣清公。來到肥前国松浦郡鹿嶋。附驛上奏。事多不載。
丙辰。授從五位下紀朝臣廣濱從五位上。正六位上犬上朝臣望成外從五位下。
庚申。近衛中將從三位勳二等坂上大宿禰田村麻呂爲參議。
辛酉。傳燈大法師位常騰爲律師。"
E1207,P273,L230,TRAVEL,"二船判官正六位上菅原朝臣清公。來到肥前国松浦郡鹿嶋。附驛上奏。事多不載。
丙辰。授從五位下紀朝臣廣濱從五位上。正六位上犬上朝臣望成外從五位下。
庚申。近衛中將從三位勳二等坂上大宿禰田村麻呂爲參議。
辛酉。傳燈大法師位常騰爲律師。"
E1208,E390,P222,HAS_OBJECT,"二船判官正六位上菅原朝臣清公。來到肥前国松浦郡鹿嶋。附驛上奏。事多不載。
丙辰。授從五位下紀朝臣廣濱從五位上。正六位上犬上朝臣望成外從五位下。
庚申。近衛中將從三位勳二等坂上大宿禰田村麻呂爲參議。
辛酉。傳燈大法師位常騰爲律師。"
E1209,E390,L025,AT_LOCATION,"二船判官正六位上菅原朝臣清公。來到肥前国松浦郡鹿嶋。附驛上奏。事多不載。
丙辰。授從五位下紀朝臣廣濱從五位上。正六位上犬上朝臣望成外從五位下。
庚申。近衛中將從三位勳二等坂上大宿禰田村麻呂爲參議。
辛酉。傳燈大法師位常騰爲律師。"
E1210,E391,L254,HAS_SUBJECT,國天草郡。遣大唐通事張建忠覆問事由。審實情状。是渤海國入唐之使。去三月着薩摩國。逃去之一艦也。仍奉進宗佐等日記。并所蝋封函子。雜封書。弓劔等。▼是日。勅討覈宗佐等申状。知是渤海人。亦其表函牒書。印封官等。讎校先來入覲在
E1211,E391,L209,HAS_OBJECT,國天草郡。遣大唐通事張建忠覆問事由。審實情状。是渤海國入唐之使。去三月着薩摩國。逃去之一艦也。仍奉進宗佐等日記。并所蝋封函子。雜封書。弓劔等。▼是日。勅討覈宗佐等申状。知是渤海人。亦其表函牒書。印封官等。讎校先來入覲在
E1212,E391,P252,AT_LOCATION,國天草郡。遣大唐通事張建忠覆問事由。審實情状。是渤海國入唐之使。去三月着薩摩國。逃去之一艦也。仍奉進宗佐等日記。并所蝋封函子。雜封書。弓劔等。▼是日。勅討覈宗佐等申状。知是渤海人。亦其表函牒書。印封官等。讎校先來入覲在
E1213,L254,L209,TRAVEL,國天草郡。遣大唐通事張建忠覆問事由。審實情状。是渤海國入唐之使。去三月着薩摩國。逃去之一艦也。仍奉進宗佐等日記。并所蝋封函子。雜封書。弓劔等。▼是日。勅討覈宗佐等申状。知是渤海人。亦其表函牒書。印封官等。讎校先來入覲在
E1214,L254,P252,TRAVEL,國天草郡。遣大唐通事張建忠覆問事由。審實情状。是渤海國入唐之使。去三月着薩摩國。逃去之一艦也。仍奉進宗佐等日記。并所蝋封函子。雜封書。弓劔等。▼是日。勅討覈宗佐等申状。知是渤海人。亦其表函牒書。印封官等。讎校先來入覲在
E1215,E392,L207,HAS_SUBJECT,看。明日專詣於舶上。更令新羅人。留於岸上。傳語於道玄。轉為官人令申來由。便聞本國朝貢使。駕新羅船五隻。流著萊明([□@考]明恐州字)廬山之邊。餘之四隻。不知所去。雖聞是事。未詳是第幾之船。又聞大唐天子。為新羅王子賜王位。差使擬遣新羅排比其船。兼
E1216,E392,L111,HAS_OBJECT,看。明日專詣於舶上。更令新羅人。留於岸上。傳語於道玄。轉為官人令申來由。便聞本國朝貢使。駕新羅船五隻。流著萊明([□@考]明恐州字)廬山之邊。餘之四隻。不知所去。雖聞是事。未詳是第幾之船。又聞大唐天子。為新羅王子賜王位。差使擬遣新羅排比其船。兼
E1217,E392,L099,AT_LOCATION,看。明日專詣於舶上。更令新羅人。留於岸上。傳語於道玄。轉為官人令申來由。便聞本國朝貢使。駕新羅船五隻。流著萊明([□@考]明恐州字)廬山之邊。餘之四隻。不知所去。雖聞是事。未詳是第幾之船。又聞大唐天子。為新羅王子賜王位。差使擬遣新羅排比其船。兼
E1218,L207,L111,PARTICIPATE,看。明日專詣於舶上。更令新羅人。留於岸上。傳語於道玄。轉為官人令申來由。便聞本國朝貢使。駕新羅船五隻。流著萊明([□@考]明恐州字)廬山之邊。餘之四隻。不知所去。雖聞是事。未詳是第幾之船。又聞大唐天子。為新羅王子賜王位。差使擬遣新羅排比其船。兼
E1219,L207,L099,PARTICIPATE,看。明日專詣於舶上。更令新羅人。留於岸上。傳語於道玄。轉為官人令申來由。便聞本國朝貢使。駕新羅船五隻。流著萊明([□@考]明恐州字)廬山之邊。餘之四隻。不知所去。雖聞是事。未詳是第幾之船。又聞大唐天子。為新羅王子賜王位。差使擬遣新羅排比其船。兼
E1220,E393,L126,HAS_SUBJECT,"聞是事。未詳是第幾之船。又聞大唐天子。為新羅王子賜王位。差使擬遣新羅排比其船。兼賜祿了。
廿五日。風吹不定。霧氣未晴。午時。昨日後岸歸去押衙之判官寄王教言。贈與於官人酒魚等。王教言。亦自獻酒餅等來。官人賜綿等。此舶([□@考]舶或泊字)多有潛磯"
E1221,E393,L188,HAS_OBJECT,"聞是事。未詳是第幾之船。又聞大唐天子。為新羅王子賜王位。差使擬遣新羅排比其船。兼賜祿了。
廿五日。風吹不定。霧氣未晴。午時。昨日後岸歸去押衙之判官寄王教言。贈與於官人酒魚等。王教言。亦自獻酒餅等來。官人賜綿等。此舶([□@考]舶或泊字)多有潛磯"
E1222,L126,L188,PARTICIPATE,"聞是事。未詳是第幾之船。又聞大唐天子。為新羅王子賜王位。差使擬遣新羅排比其船。兼賜祿了。
廿五日。風吹不定。霧氣未晴。午時。昨日後岸歸去押衙之判官寄王教言。贈與於官人酒魚等。王教言。亦自獻酒餅等來。官人賜綿等。此舶([□@考]舶或泊字)多有潛磯"
E1223,E394,G043,HAS_SUBJECT,綿等。此舶([□@考]舶或泊字)多有潛磯。每當浪漂斷纜。沈矴五六度矣。未後。搖櫓向乳山去。出邵村浦。從海裏行。未及半
E1224,E394,L013,HAS_OBJECT,綿等。此舶([□@考]舶或泊字)多有潛磯。每當浪漂斷纜。沈矴五六度矣。未後。搖櫓向乳山去。出邵村浦。從海裏行。未及半
E1225,E394,L090,AT_LOCATION,綿等。此舶([□@考]舶或泊字)多有潛磯。每當浪漂斷纜。沈矴五六度矣。未後。搖櫓向乳山去。出邵村浦。從海裏行。未及半
E1226,G043,L013,TRAVEL,綿等。此舶([□@考]舶或泊字)多有潛磯。每當浪漂斷纜。沈矴五六度矣。未後。搖櫓向乳山去。出邵村浦。從海裏行。未及半
E1227,G043,L090,TRAVEL,綿等。此舶([□@考]舶或泊字)多有潛磯。每當浪漂斷纜。沈矴五六度矣。未後。搖櫓向乳山去。出邵村浦。從海裏行。未及半
E1228,E395,P048,HAS_SUBJECT,右圓仁等。日本國承和五年四月十三日隨朝貢使乘船。離本國界。大唐開成三年七月二日到揚州海陵縣白潮鎮。八月廿八日到揚州寄住開元寺。開成四年二月廿一日從揚州上船發。六月七日到文登縣青寧鄉寄住赤山新羅院。過一冬。今年二月十九日從赤山院發。今月二日黃昏到
E1229,E395,L091,HAS_OBJECT,右圓仁等。日本國承和五年四月十三日隨朝貢使乘船。離本國界。大唐開成三年七月二日到揚州海陵縣白潮鎮。八月廿八日到揚州寄住開元寺。開成四年二月廿一日從揚州上船發。六月七日到文登縣青寧鄉寄住赤山新羅院。過一冬。今年二月十九日從赤山院發。今月二日黃昏到
E1230,E395,L196,AT_LOCATION,右圓仁等。日本國承和五年四月十三日隨朝貢使乘船。離本國界。大唐開成三年七月二日到揚州海陵縣白潮鎮。八月廿八日到揚州寄住開元寺。開成四年二月廿一日從揚州上船發。六月七日到文登縣青寧鄉寄住赤山新羅院。過一冬。今年二月十九日從赤山院發。今月二日黃昏到
E1231,P048,L091,TRAVEL,右圓仁等。日本國承和五年四月十三日隨朝貢使乘船。離本國界。大唐開成三年七月二日到揚州海陵縣白潮鎮。八月廿八日到揚州寄住開元寺。開成四年二月廿一日從揚州上船發。六月七日到文登縣青寧鄉寄住赤山新羅院。過一冬。今年二月十九日從赤山院發。今月二日黃昏到
E1232,P048,L196,TRAVEL,右圓仁等。日本國承和五年四月十三日隨朝貢使乘船。離本國界。大唐開成三年七月二日到揚州海陵縣白潮鎮。八月廿八日到揚州寄住開元寺。開成四年二月廿一日從揚州上船發。六月七日到文登縣青寧鄉寄住赤山新羅院。過一冬。今年二月十九日從赤山院發。今月二日黃昏到
E1233,E396,P048,HAS_SUBJECT,"十三日隨朝貢使乘船。離本國界。大唐開成三年七月二日到揚州海陵縣白潮鎮。八月廿八日到揚州寄住開元寺。開成四年二月廿一日從揚州上船發。六月七日到文登縣青寧鄉寄住赤山新羅院。過一冬。今年二月十九日從赤山院發。今月二日黃昏到此開元寺宿。謹具事由如前。
開"
E1234,E396,L180,HAS_OBJECT,"十三日隨朝貢使乘船。離本國界。大唐開成三年七月二日到揚州海陵縣白潮鎮。八月廿八日到揚州寄住開元寺。開成四年二月廿一日從揚州上船發。六月七日到文登縣青寧鄉寄住赤山新羅院。過一冬。今年二月十九日從赤山院發。今月二日黃昏到此開元寺宿。謹具事由如前。
開"
E1235,E396,L092,AT_LOCATION,"十三日隨朝貢使乘船。離本國界。大唐開成三年七月二日到揚州海陵縣白潮鎮。八月廿八日到揚州寄住開元寺。開成四年二月廿一日從揚州上船發。六月七日到文登縣青寧鄉寄住赤山新羅院。過一冬。今年二月十九日從赤山院發。今月二日黃昏到此開元寺宿。謹具事由如前。
開"
E1236,P048,L180,TRAVEL,"十三日隨朝貢使乘船。離本國界。大唐開成三年七月二日到揚州海陵縣白潮鎮。八月廿八日到揚州寄住開元寺。開成四年二月廿一日從揚州上船發。六月七日到文登縣青寧鄉寄住赤山新羅院。過一冬。今年二月十九日從赤山院發。今月二日黃昏到此開元寺宿。謹具事由如前。
開"
E1237,P048,L092,TRAVEL,"十三日隨朝貢使乘船。離本國界。大唐開成三年七月二日到揚州海陵縣白潮鎮。八月廿八日到揚州寄住開元寺。開成四年二月廿一日從揚州上船發。六月七日到文登縣青寧鄉寄住赤山新羅院。過一冬。今年二月十九日從赤山院發。今月二日黃昏到此開元寺宿。謹具事由如前。
開"
E1238,E397,P048,HAS_SUBJECT,"日本國求法僧圓仁弟子僧惟正惟曉行者丁雄滿
右圓仁等。日本國承和五年四月十三日隨朝貢使乘船。離本國界。大唐開成三年七月二日到揚州海陵縣白潮鎮。八月廿八日到揚州寄住開元寺。開成四年二月廿一日從揚州上船發。六月七日到文登縣青寧鄉寄住赤山新羅院。過一"
E1239,E397,L111,HAS_OBJECT,"日本國求法僧圓仁弟子僧惟正惟曉行者丁雄滿
右圓仁等。日本國承和五年四月十三日隨朝貢使乘船。離本國界。大唐開成三年七月二日到揚州海陵縣白潮鎮。八月廿八日到揚州寄住開元寺。開成四年二月廿一日從揚州上船發。六月七日到文登縣青寧鄉寄住赤山新羅院。過一"
E1240,E397,L194,AT_LOCATION,"日本國求法僧圓仁弟子僧惟正惟曉行者丁雄滿
右圓仁等。日本國承和五年四月十三日隨朝貢使乘船。離本國界。大唐開成三年七月二日到揚州海陵縣白潮鎮。八月廿八日到揚州寄住開元寺。開成四年二月廿一日從揚州上船發。六月七日到文登縣青寧鄉寄住赤山新羅院。過一"
E1241,E398,G015,HAS_SUBJECT,"人所滅。便東漢長直阿利麻、坂合部連稻積等五人，盜乘嶋人之船，逃到括州。州縣官人送到洛陽之京。
十六日，夜半之時，吉祥連船，行到越州會稽縣須岸山。東北風，風太急。
二十三日，行到餘姚縣。所乘大船及諸調度之物留著彼處。
潤十月一日，行到越州之底。
十"
E1242,E398,L244,HAS_OBJECT,"人所滅。便東漢長直阿利麻、坂合部連稻積等五人，盜乘嶋人之船，逃到括州。州縣官人送到洛陽之京。
十六日，夜半之時，吉祥連船，行到越州會稽縣須岸山。東北風，風太急。
二十三日，行到餘姚縣。所乘大船及諸調度之物留著彼處。
潤十月一日，行到越州之底。
十"
E1243,E398,L069,AT_LOCATION,"人所滅。便東漢長直阿利麻、坂合部連稻積等五人，盜乘嶋人之船，逃到括州。州縣官人送到洛陽之京。
十六日，夜半之時，吉祥連船，行到越州會稽縣須岸山。東北風，風太急。
二十三日，行到餘姚縣。所乘大船及諸調度之物留著彼處。
潤十月一日，行到越州之底。
十"
E1244,G015,L244,TRAVEL,"人所滅。便東漢長直阿利麻、坂合部連稻積等五人，盜乘嶋人之船，逃到括州。州縣官人送到洛陽之京。
十六日，夜半之時，吉祥連船，行到越州會稽縣須岸山。東北風，風太急。
二十三日，行到餘姚縣。所乘大船及諸調度之物留著彼處。
潤十月一日，行到越州之底。
十"
E1245,G015,L069,TRAVEL,"人所滅。便東漢長直阿利麻、坂合部連稻積等五人，盜乘嶋人之船，逃到括州。州縣官人送到洛陽之京。
十六日，夜半之時，吉祥連船，行到越州會稽縣須岸山。東北風，風太急。
二十三日，行到餘姚縣。所乘大船及諸調度之物留著彼處。
潤十月一日，行到越州之底。
十"
E1246,E399,L070,AT_LOCATION,"連船，橫遭逆風，飄到南海之嶋。嶋名爾加委。仍為嶋人所滅。便東漢長直阿利麻、坂合部連稻積等五人，盜乘嶋人之船，逃到括州。州縣官人送到洛陽之京。
十六日，夜半之時，吉祥連船，行到"
E1247,E401,P066,HAS_OBJECT,"備爲大宰大貳。從五位下小野朝臣田守爲少貳。外從五位下黄文連水分爲肥前守。
壬申。入唐廻使從四位上大伴宿祢古麻呂。吉備朝臣眞備並授正四位下。判官正六位上大伴宿祢御笠。巨萬朝臣大山並從五位下。自餘使下二百廿二人亦各有差。
癸未。大宰府言。入唐第四船"
E1248,E401,L025,AT_LOCATION,"備爲大宰大貳。從五位下小野朝臣田守爲少貳。外從五位下黄文連水分爲肥前守。
壬申。入唐廻使從四位上大伴宿祢古麻呂。吉備朝臣眞備並授正四位下。判官正六位上大伴宿祢御笠。巨萬朝臣大山並從五位下。自餘使下二百廿二人亦各有差。
癸未。大宰府言。入唐第四船"
E1249,E402,P043,HAS_SUBJECT,"宿祢御笠。巨萬朝臣大山並從五位下。自餘使下二百廿二人亦各有差。
癸未。大宰府言。入唐第四船判官正六位上布勢朝臣人主等來泊薩摩國石籬浦。
五月己酉。從五位下石川朝臣豊人爲越中守。
六月乙丑朔。正五位下中臣朝臣益人爲神祇大副。
秋七月丙午。詔曰。頃"
E1250,E402,L132,HAS_OBJECT,"宿祢御笠。巨萬朝臣大山並從五位下。自餘使下二百廿二人亦各有差。
癸未。大宰府言。入唐第四船判官正六位上布勢朝臣人主等來泊薩摩國石籬浦。
五月己酉。從五位下石川朝臣豊人爲越中守。
六月乙丑朔。正五位下中臣朝臣益人爲神祇大副。
秋七月丙午。詔曰。頃"
E1251,E402,L294,AT_LOCATION,"宿祢御笠。巨萬朝臣大山並從五位下。自餘使下二百廿二人亦各有差。
癸未。大宰府言。入唐第四船判官正六位上布勢朝臣人主等來泊薩摩國石籬浦。
五月己酉。從五位下石川朝臣豊人爲越中守。
六月乙丑朔。正五位下中臣朝臣益人爲神祇大副。
秋七月丙午。詔曰。頃"
E1252,P043,L132,TRAVEL,"宿祢御笠。巨萬朝臣大山並從五位下。自餘使下二百廿二人亦各有差。
癸未。大宰府言。入唐第四船判官正六位上布勢朝臣人主等來泊薩摩國石籬浦。
五月己酉。從五位下石川朝臣豊人爲越中守。
六月乙丑朔。正五位下中臣朝臣益人爲神祇大副。
秋七月丙午。詔曰。頃"
E1253,P043,L294,TRAVEL,"宿祢御笠。巨萬朝臣大山並從五位下。自餘使下二百廿二人亦各有差。
癸未。大宰府言。入唐第四船判官正六位上布勢朝臣人主等來泊薩摩國石籬浦。
五月己酉。從五位下石川朝臣豊人爲越中守。
六月乙丑朔。正五位下中臣朝臣益人爲神祇大副。
秋七月丙午。詔曰。頃"
E1254,E403,P066,HAS_OBJECT,"五位下黄文連水分爲肥前守。
壬申。入唐廻使從四位上大伴宿祢古麻呂。吉備朝臣眞備並授正四位下。判官正六位上大伴宿祢御笠。巨萬朝臣大山並從五位下。自餘使下二百廿二人亦各有差。
癸未。大宰府言。入唐第四船判官正六位上布勢朝臣人主等來泊薩摩國石籬浦。
五月"
E1255,E403,L025,AT_LOCATION,"五位下黄文連水分爲肥前守。
壬申。入唐廻使從四位上大伴宿祢古麻呂。吉備朝臣眞備並授正四位下。判官正六位上大伴宿祢御笠。巨萬朝臣大山並從五位下。自餘使下二百廿二人亦各有差。
癸未。大宰府言。入唐第四船判官正六位上布勢朝臣人主等來泊薩摩國石籬浦。
五月"
E1256,E404,L127,HAS_SUBJECT,"學問僧智宗、義德、淨願，軍丁筑紫國上陽咩郡大伴部博麻，從新羅送使大奈末金高訓等，還至筑紫。
戊戌，天皇至自紀伊。
冬十月甲辰朔戊申，天皇幸吉野宮。
癸丑，大唐學問僧"
E1257,E404,L275,HAS_OBJECT,"學問僧智宗、義德、淨願，軍丁筑紫國上陽咩郡大伴部博麻，從新羅送使大奈末金高訓等，還至筑紫。
戊戌，天皇至自紀伊。
冬十月甲辰朔戊申，天皇幸吉野宮。
癸丑，大唐學問僧"
E1258,E404,L182,AT_LOCATION,"學問僧智宗、義德、淨願，軍丁筑紫國上陽咩郡大伴部博麻，從新羅送使大奈末金高訓等，還至筑紫。
戊戌，天皇至自紀伊。
冬十月甲辰朔戊申，天皇幸吉野宮。
癸丑，大唐學問僧"
E1259,L127,L275,TRAVEL,"學問僧智宗、義德、淨願，軍丁筑紫國上陽咩郡大伴部博麻，從新羅送使大奈末金高訓等，還至筑紫。
戊戌，天皇至自紀伊。
冬十月甲辰朔戊申，天皇幸吉野宮。
癸丑，大唐學問僧"
E1260,L127,L182,TRAVEL,"學問僧智宗、義德、淨願，軍丁筑紫國上陽咩郡大伴部博麻，從新羅送使大奈末金高訓等，還至筑紫。
戊戌，天皇至自紀伊。
冬十月甲辰朔戊申，天皇幸吉野宮。
癸丑，大唐學問僧"
E1261,E405,P171,HAS_SUBJECT,"申。彗星猶見。但爲月光所奪。其光芒微少耳。
癸酉。美作國飢。振給之。
甲戌。賜餞入唐大使參議常嗣。副使篁。命五位以上賦春晩陪餞入唐使之題。日暮群臣献詩。副使同亦献之。但大使醉而退出。
丙子。遣唐使朝拜。』豊"
E1262,E405,P255,HAS_OBJECT,"申。彗星猶見。但爲月光所奪。其光芒微少耳。
癸酉。美作國飢。振給之。
甲戌。賜餞入唐大使參議常嗣。副使篁。命五位以上賦春晩陪餞入唐使之題。日暮群臣献詩。副使同亦献之。但大使醉而退出。
丙子。遣唐使朝拜。』豊"
E1263,E405,L025,AT_LOCATION,"申。彗星猶見。但爲月光所奪。其光芒微少耳。
癸酉。美作國飢。振給之。
甲戌。賜餞入唐大使參議常嗣。副使篁。命五位以上賦春晩陪餞入唐使之題。日暮群臣献詩。副使同亦献之。但大使醉而退出。
丙子。遣唐使朝拜。』豊"
E1264,P171,P255,PARTICIPATE,"申。彗星猶見。但爲月光所奪。其光芒微少耳。
癸酉。美作國飢。振給之。
甲戌。賜餞入唐大使參議常嗣。副使篁。命五位以上賦春晩陪餞入唐使之題。日暮群臣献詩。副使同亦献之。但大使醉而退出。
丙子。遣唐使朝拜。』豊"
E1265,P171,L025,PARTICIPATE,"申。彗星猶見。但爲月光所奪。其光芒微少耳。
癸酉。美作國飢。振給之。
甲戌。賜餞入唐大使參議常嗣。副使篁。命五位以上賦春晩陪餞入唐使之題。日暮群臣献詩。副使同亦献之。但大使醉而退出。
丙子。遣唐使朝拜。』豊"
E1266,E406,P272,HAS_SUBJECT,"酉。美作國飢。振給之。
甲戌。賜餞入唐大使參議常嗣。副使篁。命五位以上賦春晩陪餞入唐使之題。日暮群臣献詩。副使同亦献之。但大使醉而退出。
丙子。遣唐使朝拜。』豊"
E1267,E406,P106,HAS_OBJECT,"酉。美作國飢。振給之。
甲戌。賜餞入唐大使參議常嗣。副使篁。命五位以上賦春晩陪餞入唐使之題。日暮群臣献詩。副使同亦献之。但大使醉而退出。
丙子。遣唐使朝拜。』豊"
E1268,E406,L027,AT_LOCATION,"酉。美作國飢。振給之。
甲戌。賜餞入唐大使參議常嗣。副使篁。命五位以上賦春晩陪餞入唐使之題。日暮群臣献詩。副使同亦献之。但大使醉而退出。
丙子。遣唐使朝拜。』豊"
E1269,E407,L315,HAS_OBJECT,"臣知足。則免負乘之嘖。不許。』右京人遣唐知乘船事槻本連良棟。民部少録同姓豊額等。賜姓安・宿祢。其先。出自後漢献帝後也。
己巳。任官。
庚午。詔。尾張國課口三分之一。特從優復。河流漲溢。民多病水。故降此恩。
辛未。和泉淡路兩國飢。振給之。
壬申。"
E1270,E407,L025,AT_LOCATION,"臣知足。則免負乘之嘖。不許。』右京人遣唐知乘船事槻本連良棟。民部少録同姓豊額等。賜姓安・宿祢。其先。出自後漢献帝後也。
己巳。任官。
庚午。詔。尾張國課口三分之一。特從優復。河流漲溢。民多病水。故降此恩。
辛未。和泉淡路兩國飢。振給之。
壬申。"
E1271,E408,P255,HAS_OBJECT,"壬申。彗星猶見。但爲月光所奪。其光芒微少耳。
癸酉。美作國飢。振給之。
甲戌。賜餞入唐大使參議常嗣。副使篁。命五位以上賦春晩陪餞入唐使之題。日暮群臣献詩。副使同亦献之。但大使醉而退出。
丙子。遣唐使朝拜。』豊"
E1272,E408,L025,AT_LOCATION,"壬申。彗星猶見。但爲月光所奪。其光芒微少耳。
癸酉。美作國飢。振給之。
甲戌。賜餞入唐大使參議常嗣。副使篁。命五位以上賦春晩陪餞入唐使之題。日暮群臣献詩。副使同亦献之。但大使醉而退出。
丙子。遣唐使朝拜。』豊"
E1273,E409,L271,HAS_OBJECT,"上。爲遣唐譯語兼但馬權掾。
壬午。右京少属秦忌寸安麻呂。造檀林寺使主典同姓家繼等賜姓朝原宿祢。』▲壬午染作遣唐料雜物處。〈權用皇后宮職。〉帛一匹。忽随飆風飛揚・許丈。須臾墮侍從所。
乙酉。美濃國人主殿"
E1274,E409,L025,AT_LOCATION,"上。爲遣唐譯語兼但馬權掾。
壬午。右京少属秦忌寸安麻呂。造檀林寺使主典同姓家繼等賜姓朝原宿祢。』▲壬午染作遣唐料雜物處。〈權用皇后宮職。〉帛一匹。忽随飆風飛揚・許丈。須臾墮侍從所。
乙酉。美濃國人主殿"
E1275,E410,P171,HAS_SUBJECT,華。朝章自遠。仍今遣使修聘巨唐。海晏當時。雖知利渉。風涛或變。猶慮非常。脱有使船漂着彼境。則扶之送過。不俾滯閼。』因以武藏權大掾紀三津爲使。齎牒發遣。賜三津御被。』▼是日。大安寺僧傳灯大法師位惠靈還俗。姓名紀朝臣春主。叙正六位上。爲遣唐譯語兼但
E1276,E410,L181,HAS_OBJECT,華。朝章自遠。仍今遣使修聘巨唐。海晏當時。雖知利渉。風涛或變。猶慮非常。脱有使船漂着彼境。則扶之送過。不俾滯閼。』因以武藏權大掾紀三津爲使。齎牒發遣。賜三津御被。』▼是日。大安寺僧傳灯大法師位惠靈還俗。姓名紀朝臣春主。叙正六位上。爲遣唐譯語兼但
E1277,E410,L201,AT_LOCATION,華。朝章自遠。仍今遣使修聘巨唐。海晏當時。雖知利渉。風涛或變。猶慮非常。脱有使船漂着彼境。則扶之送過。不俾滯閼。』因以武藏權大掾紀三津爲使。齎牒發遣。賜三津御被。』▼是日。大安寺僧傳灯大法師位惠靈還俗。姓名紀朝臣春主。叙正六位上。爲遣唐譯語兼但
E1278,P171,L181,TRAVEL,華。朝章自遠。仍今遣使修聘巨唐。海晏當時。雖知利渉。風涛或變。猶慮非常。脱有使船漂着彼境。則扶之送過。不俾滯閼。』因以武藏權大掾紀三津爲使。齎牒發遣。賜三津御被。』▼是日。大安寺僧傳灯大法師位惠靈還俗。姓名紀朝臣春主。叙正六位上。爲遣唐譯語兼但
E1279,P171,L201,TRAVEL,華。朝章自遠。仍今遣使修聘巨唐。海晏當時。雖知利渉。風涛或變。猶慮非常。脱有使船漂着彼境。則扶之送過。不俾滯閼。』因以武藏權大掾紀三津爲使。齎牒發遣。賜三津御被。』▼是日。大安寺僧傳灯大法師位惠靈還俗。姓名紀朝臣春主。叙正六位上。爲遣唐譯語兼但
E1280,E412,L128,HAS_SUBJECT,"冬十月乙丑朔乙亥，大唐學問僧清安、學生高向漢人玄理，傳新羅而至之。仍百濟、新羅朝貢之使共從來之。則各賜爵一級。
是月，徙於百濟宮。

十三年
冬十月己丑朔丁酉，天皇崩于百濟宮。
丙午，殯於宮北。是謂百濟大殯。是時東宮開別皇子，年十六而誄之。"
E1281,E412,L210,HAS_OBJECT,"冬十月乙丑朔乙亥，大唐學問僧清安、學生高向漢人玄理，傳新羅而至之。仍百濟、新羅朝貢之使共從來之。則各賜爵一級。
是月，徙於百濟宮。

十三年
冬十月己丑朔丁酉，天皇崩于百濟宮。
丙午，殯於宮北。是謂百濟大殯。是時東宮開別皇子，年十六而誄之。"
E1282,E412,L083,AT_LOCATION,"冬十月乙丑朔乙亥，大唐學問僧清安、學生高向漢人玄理，傳新羅而至之。仍百濟、新羅朝貢之使共從來之。則各賜爵一級。
是月，徙於百濟宮。

十三年
冬十月己丑朔丁酉，天皇崩于百濟宮。
丙午，殯於宮北。是謂百濟大殯。是時東宮開別皇子，年十六而誄之。"
E1283,L128,L210,PARTICIPATE,"冬十月乙丑朔乙亥，大唐學問僧清安、學生高向漢人玄理，傳新羅而至之。仍百濟、新羅朝貢之使共從來之。則各賜爵一級。
是月，徙於百濟宮。

十三年
冬十月己丑朔丁酉，天皇崩于百濟宮。
丙午，殯於宮北。是謂百濟大殯。是時東宮開別皇子，年十六而誄之。"
E1284,L128,L083,PARTICIPATE,"冬十月乙丑朔乙亥，大唐學問僧清安、學生高向漢人玄理，傳新羅而至之。仍百濟、新羅朝貢之使共從來之。則各賜爵一級。
是月，徙於百濟宮。

十三年
冬十月己丑朔丁酉，天皇崩于百濟宮。
丙午，殯於宮北。是謂百濟大殯。是時東宮開別皇子，年十六而誄之。"
E1285,E413,L151,HAS_OBJECT,"種繼。宍人朝臣垣麻呂。春岑朝臣廣津麻呂。門部連貞宗。大村直福吉並外從五位下。宴畢賜祿各有差。』左京人遣唐史生道公廣持賜姓當道朝臣。和銅年中。肥後守正五位下道君首名。治迹有聲。永存遺愛。廣持是首名之孫也。
甲寅。女叙位并外任。
乙夘。授正六位上永"
E1286,E413,L032,AT_LOCATION,"種繼。宍人朝臣垣麻呂。春岑朝臣廣津麻呂。門部連貞宗。大村直福吉並外從五位下。宴畢賜祿各有差。』左京人遣唐史生道公廣持賜姓當道朝臣。和銅年中。肥後守正五位下道君首名。治迹有聲。永存遺愛。廣持是首名之孫也。
甲寅。女叙位并外任。
乙夘。授正六位上永"
E1287,E414,L308,HAS_OBJECT,"呂。門部連貞宗。大村直福吉並外從五位下。宴畢賜祿各有差。』左京人遣唐史生道公廣持賜姓當道朝臣。和銅年中。肥後守正五位下道君首名。治迹有聲。永存遺愛。廣持是首名之孫也。
甲寅。女叙位并外任。
乙夘。授正六位上永原朝臣貞主從五位下。
丁巳。正三位源"
E1288,E414,L025,AT_LOCATION,"呂。門部連貞宗。大村直福吉並外從五位下。宴畢賜祿各有差。』左京人遣唐史生道公廣持賜姓當道朝臣。和銅年中。肥後守正五位下道君首名。治迹有聲。永存遺愛。廣持是首名之孫也。
甲寅。女叙位并外任。
乙夘。授正六位上永原朝臣貞主從五位下。
丁巳。正三位源"
E1289,E415,P187,HAS_OBJECT,"下道君首名。治迹有聲。永存遺愛。廣持是首名之孫也。
甲寅。女叙位并外任。
乙夘。授正六位上永原朝臣貞主從五位下。
丁巳。正三位源朝臣信爲近江守。左兵衛督"
E1290,E415,L025,AT_LOCATION,"下道君首名。治迹有聲。永存遺愛。廣持是首名之孫也。
甲寅。女叙位并外任。
乙夘。授正六位上永原朝臣貞主從五位下。
丁巳。正三位源朝臣信爲近江守。左兵衛督"
E1291,E416,G031,HAS_SUBJECT,"。常陸国人生部連廣成特授從八位下。以出私物。屡救貧民也。
己丑。能登国言。舶一艘漂著珠洲郡。遣使検船上雜物。
辛卯。賜親王已下參議已上及内侍唐国彩帛各有差。
壬辰。勅。如聞。疫癘之時。民庶相憚。不通水火。存心救療。何有死亡。父子至親。畏忌無近。"
E1292,E416,P236,HAS_OBJECT,"。常陸国人生部連廣成特授從八位下。以出私物。屡救貧民也。
己丑。能登国言。舶一艘漂著珠洲郡。遣使検船上雜物。
辛卯。賜親王已下參議已上及内侍唐国彩帛各有差。
壬辰。勅。如聞。疫癘之時。民庶相憚。不通水火。存心救療。何有死亡。父子至親。畏忌無近。"
E1293,E416,P237,AT_LOCATION,"。常陸国人生部連廣成特授從八位下。以出私物。屡救貧民也。
己丑。能登国言。舶一艘漂著珠洲郡。遣使検船上雜物。
辛卯。賜親王已下參議已上及内侍唐国彩帛各有差。
壬辰。勅。如聞。疫癘之時。民庶相憚。不通水火。存心救療。何有死亡。父子至親。畏忌無近。"
E1294,G031,P236,TRAVEL,"。常陸国人生部連廣成特授從八位下。以出私物。屡救貧民也。
己丑。能登国言。舶一艘漂著珠洲郡。遣使検船上雜物。
辛卯。賜親王已下參議已上及内侍唐国彩帛各有差。
壬辰。勅。如聞。疫癘之時。民庶相憚。不通水火。存心救療。何有死亡。父子至親。畏忌無近。"
E1295,G031,P237,TRAVEL,"。常陸国人生部連廣成特授從八位下。以出私物。屡救貧民也。
己丑。能登国言。舶一艘漂著珠洲郡。遣使検船上雜物。
辛卯。賜親王已下參議已上及内侍唐国彩帛各有差。
壬辰。勅。如聞。疫癘之時。民庶相憚。不通水火。存心救療。何有死亡。父子至親。畏忌無近。"
E1296,E417,P135,HAS_OBJECT,"使之道。豈其然乎。宜加科責。以峻懲沮。
甲申。地震。
丁亥。常陸国人生部連廣成特授從八位下。以出私物。屡救貧民也。
己丑。能登国言。舶一艘漂著珠洲郡。遣使検船上雜物。
辛卯。賜親王已下參議已上及内侍唐国彩帛各有差。
壬辰。勅。如聞。疫癘之時。民庶相"
E1297,E417,L025,AT_LOCATION,"使之道。豈其然乎。宜加科責。以峻懲沮。
甲申。地震。
丁亥。常陸国人生部連廣成特授從八位下。以出私物。屡救貧民也。
己丑。能登国言。舶一艘漂著珠洲郡。遣使検船上雜物。
辛卯。賜親王已下參議已上及内侍唐国彩帛各有差。
壬辰。勅。如聞。疫癘之時。民庶相"
E1298,E418,P259,HAS_OBJECT,喩所司。務存匍匐。若不遵改。隨即科處。』▼是日。遣唐大使從四位上藤原朝臣葛野麻呂授從三位。判官正六位上菅原朝臣清公從五位下。故副使從五位上
E1299,E418,L025,AT_LOCATION,喩所司。務存匍匐。若不遵改。隨即科處。』▼是日。遣唐大使從四位上藤原朝臣葛野麻呂授從三位。判官正六位上菅原朝臣清公從五位下。故副使從五位上
E1300,E419,L027,AT_LOCATION,"宜免今年田租令續民命。
癸酉。夜。太白入月。星有光。
十一月戊寅。天皇臨朝。詔授入唐副使從五位上中臣朝臣名代從四位下。故判官正六位上田口朝臣養年富。紀朝臣馬主並贈從五位下。准判官從七位下大伴宿祢首名。唐人皇甫東朝。波斯人李密翳等授位有差。
丙戌"
E1301,E420,G021,HAS_SUBJECT,去天平五年。故知太政官事一品舍人親王。大將軍一品新田部親王宣勅曰。聞道。諸王等願賜臣連姓。供奉朝廷。是故召王等令問其状者。臣葛城等
E1302,E420,L025,AT_LOCATION,去天平五年。故知太政官事一品舍人親王。大將軍一品新田部親王宣勅曰。聞道。諸王等願賜臣連姓。供奉朝廷。是故召王等令問其状者。臣葛城等
E1303,G021,L025,PARTICIPATE,去天平五年。故知太政官事一品舍人親王。大將軍一品新田部親王宣勅曰。聞道。諸王等願賜臣連姓。供奉朝廷。是故召王等令問其状者。臣葛城等
E1304,E421,P009,HAS_OBJECT,"。宜免今年田租令續民命。
癸酉。夜。太白入月。星有光。
十一月戊寅。天皇臨朝。詔授入唐副使從五位上中臣朝臣名代從四位下。故判官正六位上田口朝臣養年富。紀朝臣馬主並贈從五位下。准判官從七位下大伴宿祢首名。唐人皇甫東朝。波斯人李密翳等授位有差。
丙戌。從三位葛"
E1305,E421,L027,AT_LOCATION,"。宜免今年田租令續民命。
癸酉。夜。太白入月。星有光。
十一月戊寅。天皇臨朝。詔授入唐副使從五位上中臣朝臣名代從四位下。故判官正六位上田口朝臣養年富。紀朝臣馬主並贈從五位下。准判官從七位下大伴宿祢首名。唐人皇甫東朝。波斯人李密翳等授位有差。
丙戌。從三位葛"
E1306,E423,P072,HAS_SUBJECT,"綿二百屯。
庚寅。玄蕃頭從五位上袁晋卿賜姓清村宿祢。晋卿唐人也。天平七年隨我朝使歸朝。時年十八九。學得文選爾雅音。爲大學音博士。於後。歴大學頭安房守。
戊戌。仰陸奥出羽。追蝦夷廿人。爲擬唐客拜朝儀衛也。
庚子。以從五位上藤原朝臣鷹取爲左中弁。從"
E1307,E423,L193,HAS_OBJECT,"綿二百屯。
庚寅。玄蕃頭從五位上袁晋卿賜姓清村宿祢。晋卿唐人也。天平七年隨我朝使歸朝。時年十八九。學得文選爾雅音。爲大學音博士。於後。歴大學頭安房守。
戊戌。仰陸奥出羽。追蝦夷廿人。爲擬唐客拜朝儀衛也。
庚子。以從五位上藤原朝臣鷹取爲左中弁。從"
E1308,E423,L084,AT_LOCATION,"綿二百屯。
庚寅。玄蕃頭從五位上袁晋卿賜姓清村宿祢。晋卿唐人也。天平七年隨我朝使歸朝。時年十八九。學得文選爾雅音。爲大學音博士。於後。歴大學頭安房守。
戊戌。仰陸奥出羽。追蝦夷廿人。爲擬唐客拜朝儀衛也。
庚子。以從五位上藤原朝臣鷹取爲左中弁。從"
E1309,P072,L193,TRAVEL,"綿二百屯。
庚寅。玄蕃頭從五位上袁晋卿賜姓清村宿祢。晋卿唐人也。天平七年隨我朝使歸朝。時年十八九。學得文選爾雅音。爲大學音博士。於後。歴大學頭安房守。
戊戌。仰陸奥出羽。追蝦夷廿人。爲擬唐客拜朝儀衛也。
庚子。以從五位上藤原朝臣鷹取爲左中弁。從"
E1310,P072,L084,TRAVEL,"綿二百屯。
庚寅。玄蕃頭從五位上袁晋卿賜姓清村宿祢。晋卿唐人也。天平七年隨我朝使歸朝。時年十八九。學得文選爾雅音。爲大學音博士。於後。歴大學頭安房守。
戊戌。仰陸奥出羽。追蝦夷廿人。爲擬唐客拜朝儀衛也。
庚子。以從五位上藤原朝臣鷹取爲左中弁。從"
E1311,E424,P072,HAS_SUBJECT,"八十匹。綿二百屯。
庚寅。玄蕃頭從五位上袁晋卿賜姓清村宿祢。晋卿唐人也。天平七年隨我朝使歸朝。時年十八九。學得文選爾雅音。爲大學音博士。於後。歴大學頭安房守。
戊戌。仰陸奥出羽。追蝦夷廿人。爲擬唐客拜朝儀衛也。
庚子。以從五位上藤原朝臣鷹取爲左中弁。從"
E1312,E424,L210,HAS_OBJECT,"八十匹。綿二百屯。
庚寅。玄蕃頭從五位上袁晋卿賜姓清村宿祢。晋卿唐人也。天平七年隨我朝使歸朝。時年十八九。學得文選爾雅音。爲大學音博士。於後。歴大學頭安房守。
戊戌。仰陸奥出羽。追蝦夷廿人。爲擬唐客拜朝儀衛也。
庚子。以從五位上藤原朝臣鷹取爲左中弁。從"
E1313,E424,L084,AT_LOCATION,"八十匹。綿二百屯。
庚寅。玄蕃頭從五位上袁晋卿賜姓清村宿祢。晋卿唐人也。天平七年隨我朝使歸朝。時年十八九。學得文選爾雅音。爲大學音博士。於後。歴大學頭安房守。
戊戌。仰陸奥出羽。追蝦夷廿人。爲擬唐客拜朝儀衛也。
庚子。以從五位上藤原朝臣鷹取爲左中弁。從"
E1314,P072,L210,TRAVEL,"八十匹。綿二百屯。
庚寅。玄蕃頭從五位上袁晋卿賜姓清村宿祢。晋卿唐人也。天平七年隨我朝使歸朝。時年十八九。學得文選爾雅音。爲大學音博士。於後。歴大學頭安房守。
戊戌。仰陸奥出羽。追蝦夷廿人。爲擬唐客拜朝儀衛也。
庚子。以從五位上藤原朝臣鷹取爲左中弁。從"
E1315,E425,L025,AT_LOCATION,"賻贈唐使趙寳英■八十匹。綿二百屯。
庚寅。玄蕃頭從五位上袁晋卿賜姓清村宿祢。晋卿唐人也。天平七年隨我朝使歸朝。時年十八九。學得文選爾雅音。爲大學音博士。於後。歴大學頭安房守。
戊戌。仰陸奥出羽。追蝦夷廿人。爲擬唐客拜朝儀衛也。"
E1316,E426,P200,HAS_OBJECT,"衛也。
庚子。以從五位上藤原朝臣鷹取爲左中弁。從五位下賀茂朝臣人麻呂爲左少弁。」授正六位上田邊史淨足外從五位下。
春正月壬寅朔。天皇御大極殿受朝。渤海國遣獻可大夫司賓少令張仙壽等朝賀。其儀如常。」以忠臣從二位藤原朝臣魚名爲内大臣。近衛大將大宰"
E1317,E426,L025,AT_LOCATION,"衛也。
庚子。以從五位上藤原朝臣鷹取爲左中弁。從五位下賀茂朝臣人麻呂爲左少弁。」授正六位上田邊史淨足外從五位下。
春正月壬寅朔。天皇御大極殿受朝。渤海國遣獻可大夫司賓少令張仙壽等朝賀。其儀如常。」以忠臣從二位藤原朝臣魚名爲内大臣。近衛大將大宰"
E1318,E427,P259,HAS_OBJECT,改。隨即科處。』▼是日。遣唐大使從四位上藤原朝臣葛野麻呂授從三位。判官正六位上菅原朝臣清公從五位下。故副使從五位上石川朝臣道益贈從四位下。判官正六位上甘南備眞人信影從五位下。道益者。從三位中納言石足之孫。從五位上人成之子也。
E1319,E427,L025,AT_LOCATION,改。隨即科處。』▼是日。遣唐大使從四位上藤原朝臣葛野麻呂授從三位。判官正六位上菅原朝臣清公從五位下。故副使從五位上石川朝臣道益贈從四位下。判官正六位上甘南備眞人信影從五位下。道益者。從三位中納言石足之孫。從五位上人成之子也。
E1320,E428,L159,HAS_OBJECT,"丁酉朔。山城国相樂郡白田十三町賜葛井親王。
癸卯。從五位下川原女王。上道朝臣千若授正五位下。"
E1321,E428,L025,AT_LOCATION,"丁酉朔。山城国相樂郡白田十三町賜葛井親王。
癸卯。從五位下川原女王。上道朝臣千若授正五位下。"
E1322,E429,L181,HAS_OBJECT,年，渤海靺鞨越海入寇登州。時興光族人金思蘭先因入朝留京師，拜為太僕員外卿，至是遣歸國發兵以討靺鞨，仍加授興光為開府儀同三司、寧海軍使。二十五年，興光卒，詔贈太子太保，仍遣左贊善大夫邢璹攝鴻臚少卿，往新羅弔祭，并冊立其子承慶襲
E1323,E429,L082,AT_LOCATION,年，渤海靺鞨越海入寇登州。時興光族人金思蘭先因入朝留京師，拜為太僕員外卿，至是遣歸國發兵以討靺鞨，仍加授興光為開府儀同三司、寧海軍使。二十五年，興光卒，詔贈太子太保，仍遣左贊善大夫邢璹攝鴻臚少卿，往新羅弔祭，并冊立其子承慶襲
E1324,E430,L211,HAS_SUBJECT,"。於大納言宅。奉啟伴右中辨小野宰相宅。皆有狀。竝付小野少貳訖。
廿八日於大山寺始入唐時所祈金剛般若五仟卷。皆先馳使。奉送綵帛。同日。早朝一時發遣綵帛使訖。便轉經。同日。為竈門大神轉一千卷。
廿九日午前"
E1325,E430,L138,HAS_OBJECT,"。於大納言宅。奉啟伴右中辨小野宰相宅。皆有狀。竝付小野少貳訖。
廿八日於大山寺始入唐時所祈金剛般若五仟卷。皆先馳使。奉送綵帛。同日。早朝一時發遣綵帛使訖。便轉經。同日。為竈門大神轉一千卷。
廿九日午前"
E1326,E430,L203,AT_LOCATION,"。於大納言宅。奉啟伴右中辨小野宰相宅。皆有狀。竝付小野少貳訖。
廿八日於大山寺始入唐時所祈金剛般若五仟卷。皆先馳使。奉送綵帛。同日。早朝一時發遣綵帛使訖。便轉經。同日。為竈門大神轉一千卷。
廿九日午前"
E1327,L211,L138,TRAVEL,"。於大納言宅。奉啟伴右中辨小野宰相宅。皆有狀。竝付小野少貳訖。
廿八日於大山寺始入唐時所祈金剛般若五仟卷。皆先馳使。奉送綵帛。同日。早朝一時發遣綵帛使訖。便轉經。同日。為竈門大神轉一千卷。
廿九日午前"
E1328,L211,L203,TRAVEL,"。於大納言宅。奉啟伴右中辨小野宰相宅。皆有狀。竝付小野少貳訖。
廿八日於大山寺始入唐時所祈金剛般若五仟卷。皆先馳使。奉送綵帛。同日。早朝一時發遣綵帛使訖。便轉經。同日。為竈門大神轉一千卷。
廿九日午前"
E1329,E431,G007,HAS_SUBJECT,"死。由是延至今日。』▼是日雷雨。東京牛震死。

辛未十五日。傳灯大法師位以船求法入唐。勅大宰府。賜管内國正税稻千束。』▼是日酉時日未入。流星出自織女西邊。入大陵卷舌間。色赤有光。

癸酉十七日。遣伊豫權掾正六位上大神宿祢己井。豊後介正六位下多治"
E1330,E431,L194,AT_LOCATION,"死。由是延至今日。』▼是日雷雨。東京牛震死。

辛未十五日。傳灯大法師位以船求法入唐。勅大宰府。賜管内國正税稻千束。』▼是日酉時日未入。流星出自織女西邊。入大陵卷舌間。色赤有光。

癸酉十七日。遣伊豫權掾正六位上大神宿祢己井。豊後介正六位下多治"
E1331,G007,L194,TRAVEL,"死。由是延至今日。』▼是日雷雨。東京牛震死。

辛未十五日。傳灯大法師位以船求法入唐。勅大宰府。賜管内國正税稻千束。』▼是日酉時日未入。流星出自織女西邊。入大陵卷舌間。色赤有光。

癸酉十七日。遣伊豫權掾正六位上大神宿祢己井。豊後介正六位下多治"
E1332,E432,L252,HAS_SUBJECT,"月丁巳朔。日有蝕之。

庚申四日。先是渤海人宗「宇」佐等五十六人漂着石見國。給資粮。放還本。

辛酉五日。右近衛清井冬行。病後狂發。騎馬馳入郁芳門。

庚午十四日。月次神今食祭。天皇不御神嘉殿。親王公卿。奉勅行事。去十一日大膳犬"
E1333,E432,P210,HAS_OBJECT,"月丁巳朔。日有蝕之。

庚申四日。先是渤海人宗「宇」佐等五十六人漂着石見國。給資粮。放還本。

辛酉五日。右近衛清井冬行。病後狂發。騎馬馳入郁芳門。

庚午十四日。月次神今食祭。天皇不御神嘉殿。親王公卿。奉勅行事。去十一日大膳犬"
E1334,E432,P210,AT_LOCATION,"月丁巳朔。日有蝕之。

庚申四日。先是渤海人宗「宇」佐等五十六人漂着石見國。給資粮。放還本。

辛酉五日。右近衛清井冬行。病後狂發。騎馬馳入郁芳門。

庚午十四日。月次神今食祭。天皇不御神嘉殿。親王公卿。奉勅行事。去十一日大膳犬"
E1335,L252,P210,TRAVEL,"月丁巳朔。日有蝕之。

庚申四日。先是渤海人宗「宇」佐等五十六人漂着石見國。給資粮。放還本。

辛酉五日。右近衛清井冬行。病後狂發。騎馬馳入郁芳門。

庚午十四日。月次神今食祭。天皇不御神嘉殿。親王公卿。奉勅行事。去十一日大膳犬"
E1336,E434,P171,HAS_SUBJECT,"之利。若不悛心。貸及與者。不論蔭贖科違勅罪。即奪其贓以賜告人。非對物主。賣質亦同。
冬十月乙巳。勅大宰府。新羅使金蘭孫等。遠渉滄波。賀正貢調。其諸蕃入朝。國有恒例。雖有通状。更宜反復。府宜承知研問來朝之由。并責表函。如有表者。准"
E1337,E434,L025,AT_LOCATION,"之利。若不悛心。貸及與者。不論蔭贖科違勅罪。即奪其贓以賜告人。非對物主。賣質亦同。
冬十月乙巳。勅大宰府。新羅使金蘭孫等。遠渉滄波。賀正貢調。其諸蕃入朝。國有恒例。雖有通状。更宜反復。府宜承知研問來朝之由。并責表函。如有表者。准"
E1338,E435,P226,HAS_OBJECT,"。寫案進上。其本者却付使人。凡所有消息。驛傳奏上。
己酉。是日當天長節。仍宴群臣賜祿。有差。又詔贈外祖父從五位上紀朝臣諸人從一位。
壬子。詔以少僧都弘耀法師爲大僧都。惠忠法師爲少僧都。又施高叡法師封卅戸。優宿徳也。
癸丑。勅大宰府。唐客高鶴林等"
E1339,E435,L029,AT_LOCATION,"。寫案進上。其本者却付使人。凡所有消息。驛傳奏上。
己酉。是日當天長節。仍宴群臣賜祿。有差。又詔贈外祖父從五位上紀朝臣諸人從一位。
壬子。詔以少僧都弘耀法師爲大僧都。惠忠法師爲少僧都。又施高叡法師封卅戸。優宿徳也。
癸丑。勅大宰府。唐客高鶴林等"
E1340,E436,L217,HAS_SUBJECT,非實者。牒。得三津等状稱。奉本王命。專來通好。及開函覽牒。但云修聘巨唐。脱有使船漂着彼界。則扶之送過。無俾滯遏者。主司再發星使。設問丁寧。口与牒乖。虚實莫辨。既非交隣之使。必匪由衷之賂。事無■實。豈合虚受。且太政官印。篆跡分明。小野篁船帆飛已遠
E1341,E436,L181,HAS_OBJECT,非實者。牒。得三津等状稱。奉本王命。專來通好。及開函覽牒。但云修聘巨唐。脱有使船漂着彼界。則扶之送過。無俾滯遏者。主司再發星使。設問丁寧。口与牒乖。虚實莫辨。既非交隣之使。必匪由衷之賂。事無■實。豈合虚受。且太政官印。篆跡分明。小野篁船帆飛已遠
E1342,E436,L201,AT_LOCATION,非實者。牒。得三津等状稱。奉本王命。專來通好。及開函覽牒。但云修聘巨唐。脱有使船漂着彼界。則扶之送過。無俾滯遏者。主司再發星使。設問丁寧。口与牒乖。虚實莫辨。既非交隣之使。必匪由衷之賂。事無■實。豈合虚受。且太政官印。篆跡分明。小野篁船帆飛已遠
E1343,L217,L181,TRAVEL,非實者。牒。得三津等状稱。奉本王命。專來通好。及開函覽牒。但云修聘巨唐。脱有使船漂着彼界。則扶之送過。無俾滯遏者。主司再發星使。設問丁寧。口与牒乖。虚實莫辨。既非交隣之使。必匪由衷之賂。事無■實。豈合虚受。且太政官印。篆跡分明。小野篁船帆飛已遠
E1344,L217,L201,TRAVEL,非實者。牒。得三津等状稱。奉本王命。專來通好。及開函覽牒。但云修聘巨唐。脱有使船漂着彼界。則扶之送過。無俾滯遏者。主司再發星使。設問丁寧。口与牒乖。虚實莫辨。既非交隣之使。必匪由衷之賂。事無■實。豈合虚受。且太政官印。篆跡分明。小野篁船帆飛已遠
E1345,E437,L025,AT_LOCATION,"耳。弟從八位上貞成等賜姓興野宿祢。
戊戌。遣唐録事松川造貞嗣。散位同姓家繼等賜姓高峯宿祢。其先高麗人也。』賜左京人内竪從六位上上毛野公諸兄朝臣姓。近江國人彈正大疏嶋脚臣眞行賜姓高生朝臣"
E1346,E438,L025,AT_LOCATION,"耳。弟從八位上貞成等賜姓興野宿祢。
戊戌。遣唐録事松川造貞嗣。散位同姓家繼等賜姓高峯宿祢。其先高麗人也。』賜左京人内竪從六位上上毛野公諸兄朝臣姓。近江國人彈正大疏嶋脚臣眞行賜姓高生朝臣。其先觀松彦香殖稻天皇之後也。左京人正六位上秦忌寸賜姓朝"
E1347,E439,L158,HAS_OBJECT,"先高麗人也。』賜左京人内竪從六位上上毛野公諸兄朝臣姓。近江國人彈正大疏嶋脚臣眞行賜姓高生朝臣。其先觀松彦香殖稻天皇之後也。左京人正六位上秦忌寸賜姓朝原宿祢。
己亥。勅。以新錢四万文。分之供施京城及平城有名之寺佛僧。毎寺内舍人爲使。』左京人道公安"
E1348,E439,L025,AT_LOCATION,"先高麗人也。』賜左京人内竪從六位上上毛野公諸兄朝臣姓。近江國人彈正大疏嶋脚臣眞行賜姓高生朝臣。其先觀松彦香殖稻天皇之後也。左京人正六位上秦忌寸賜姓朝原宿祢。
己亥。勅。以新錢四万文。分之供施京城及平城有名之寺佛僧。毎寺内舍人爲使。』左京人道公安"
E1349,E440,L272,HAS_OBJECT,"彈正大疏嶋脚臣眞行賜姓高生朝臣。其先觀松彦香殖稻天皇之後也。左京人正六位上秦忌寸賜姓朝原宿祢。
己亥。勅。以新錢四万文。分之供施京城及平城有名之寺佛僧。毎寺内舍人爲使。』左京人道公安野賜姓當道朝臣。
庚子。勅旨曰。左京人從六位下民首氏住。賜姓長"
E1350,E440,L025,AT_LOCATION,"彈正大疏嶋脚臣眞行賜姓高生朝臣。其先觀松彦香殖稻天皇之後也。左京人正六位上秦忌寸賜姓朝原宿祢。
己亥。勅。以新錢四万文。分之供施京城及平城有名之寺佛僧。毎寺内舍人爲使。』左京人道公安野賜姓當道朝臣。
庚子。勅旨曰。左京人從六位下民首氏住。賜姓長"
E1351,E441,L240,HAS_OBJECT,"。以新錢四万文。分之供施京城及平城有名之寺佛僧。毎寺内舍人爲使。』左京人道公安野賜姓當道朝臣。
庚子。勅旨曰。左京人從六位下民首氏住。賜姓長岑宿祢焉。氏主等与白鳥村主同祖。出自魯公伯禽云。
辛丑。河内"
E1352,E441,L025,AT_LOCATION,"。以新錢四万文。分之供施京城及平城有名之寺佛僧。毎寺内舍人爲使。』左京人道公安野賜姓當道朝臣。
庚子。勅旨曰。左京人從六位下民首氏住。賜姓長岑宿祢焉。氏主等与白鳥村主同祖。出自魯公伯禽云。
辛丑。河内"
E1353,E442,L307,HAS_OBJECT,"舍人爲使。』左京人道公安野賜姓當道朝臣。
庚子。勅旨曰。左京人從六位下民首氏住。賜姓長岑宿祢焉。氏主等与白鳥村主同祖。出自魯公伯禽云。
辛丑。河内"
E1354,E442,L025,AT_LOCATION,"舍人爲使。』左京人道公安野賜姓當道朝臣。
庚子。勅旨曰。左京人從六位下民首氏住。賜姓長岑宿祢焉。氏主等与白鳥村主同祖。出自魯公伯禽云。
辛丑。河内"
E1355,E443,P255,HAS_SUBJECT,"唐會要》曰：「開成四年四月，遣使藤原常嗣等來朝貢。」

清和天皇貞觀三年
釋宗睿入唐請益，乃懿宗咸通三年也。而返明州望海鎮，會李延考赴日本寮，共泛舶，凡三日夜，着大宰府，年丁亥也。

同四年
釋真如泛海入唐，遍詢名德，不充如意，遂杖錫西邁。元慶"
E1356,E443,L111,HAS_OBJECT,"唐會要》曰：「開成四年四月，遣使藤原常嗣等來朝貢。」

清和天皇貞觀三年
釋宗睿入唐請益，乃懿宗咸通三年也。而返明州望海鎮，會李延考赴日本寮，共泛舶，凡三日夜，着大宰府，年丁亥也。

同四年
釋真如泛海入唐，遍詢名德，不充如意，遂杖錫西邁。元慶"
E1357,E443,L194,AT_LOCATION,"唐會要》曰：「開成四年四月，遣使藤原常嗣等來朝貢。」

清和天皇貞觀三年
釋宗睿入唐請益，乃懿宗咸通三年也。而返明州望海鎮，會李延考赴日本寮，共泛舶，凡三日夜，着大宰府，年丁亥也。

同四年
釋真如泛海入唐，遍詢名德，不充如意，遂杖錫西邁。元慶"
E1358,P255,L111,TRAVEL,"唐會要》曰：「開成四年四月，遣使藤原常嗣等來朝貢。」

清和天皇貞觀三年
釋宗睿入唐請益，乃懿宗咸通三年也。而返明州望海鎮，會李延考赴日本寮，共泛舶，凡三日夜，着大宰府，年丁亥也。

同四年
釋真如泛海入唐，遍詢名德，不充如意，遂杖錫西邁。元慶"
E1359,P255,L194,TRAVEL,"唐會要》曰：「開成四年四月，遣使藤原常嗣等來朝貢。」

清和天皇貞觀三年
釋宗睿入唐請益，乃懿宗咸通三年也。而返明州望海鎮，會李延考赴日本寮，共泛舶，凡三日夜，着大宰府，年丁亥也。

同四年
釋真如泛海入唐，遍詢名德，不充如意，遂杖錫西邁。元慶"
E1360,E446,C037,HAS_SUBJECT,"，會李延考赴日本寮，共泛舶，凡三日夜，着大宰府，年丁亥也。

同四年
釋真如泛海入唐，遍詢名德，不充如意，遂杖錫西邁。元慶五年，在唐留學"
E1361,E446,L197,AT_LOCATION,"，會李延考赴日本寮，共泛舶，凡三日夜，着大宰府，年丁亥也。

同四年
釋真如泛海入唐，遍詢名德，不充如意，遂杖錫西邁。元慶五年，在唐留學"
E1362,C037,L197,TRAVEL,"，會李延考赴日本寮，共泛舶，凡三日夜，着大宰府，年丁亥也。

同四年
釋真如泛海入唐，遍詢名德，不充如意，遂杖錫西邁。元慶五年，在唐留學"
E1363,E447,L205,HAS_SUBJECT,"，日本國貢真珠、絹。」

同六年
《唐會要》曰：「開成四年四月，遣使藤原常嗣等來朝貢。」

清和天皇貞觀三年
釋宗睿入唐請益，乃懿宗咸通三年也。而返明州望海鎮，會李延考赴日本寮，共泛舶，凡三日夜，着大宰府，年丁亥也。

同四年
釋真如泛海入唐，"
E1364,E447,L111,HAS_OBJECT,"，日本國貢真珠、絹。」

同六年
《唐會要》曰：「開成四年四月，遣使藤原常嗣等來朝貢。」

清和天皇貞觀三年
釋宗睿入唐請益，乃懿宗咸通三年也。而返明州望海鎮，會李延考赴日本寮，共泛舶，凡三日夜，着大宰府，年丁亥也。

同四年
釋真如泛海入唐，"
E1365,L205,L111,PARTICIPATE,"，日本國貢真珠、絹。」

同六年
《唐會要》曰：「開成四年四月，遣使藤原常嗣等來朝貢。」

清和天皇貞觀三年
釋宗睿入唐請益，乃懿宗咸通三年也。而返明州望海鎮，會李延考赴日本寮，共泛舶，凡三日夜，着大宰府，年丁亥也。

同四年
釋真如泛海入唐，"
E1366,E448,C004,HAS_SUBJECT,一日丁亥。於内裏、始修仏名懺悔之事。』是日。令大宰府、量唐人駱漢中并従二人衣粮。入唐求法僧智聡在彼廿余載、今年還此。漢中随智聡来。智聡曰。漢中是大唐処士。身多技芸、知其才藻、勧令同来。不事■ｻﾝ求、独取艱渋。願加優恤、以慰旅情。詔依請焉。』美濃
E1367,E448,L193,HAS_OBJECT,一日丁亥。於内裏、始修仏名懺悔之事。』是日。令大宰府、量唐人駱漢中并従二人衣粮。入唐求法僧智聡在彼廿余載、今年還此。漢中随智聡来。智聡曰。漢中是大唐処士。身多技芸、知其才藻、勧令同来。不事■ｻﾝ求、独取艱渋。願加優恤、以慰旅情。詔依請焉。』美濃
E1368,E448,L086,AT_LOCATION,一日丁亥。於内裏、始修仏名懺悔之事。』是日。令大宰府、量唐人駱漢中并従二人衣粮。入唐求法僧智聡在彼廿余載、今年還此。漢中随智聡来。智聡曰。漢中是大唐処士。身多技芸、知其才藻、勧令同来。不事■ｻﾝ求、独取艱渋。願加優恤、以慰旅情。詔依請焉。』美濃
E1369,C004,L193,TRAVEL,一日丁亥。於内裏、始修仏名懺悔之事。』是日。令大宰府、量唐人駱漢中并従二人衣粮。入唐求法僧智聡在彼廿余載、今年還此。漢中随智聡来。智聡曰。漢中是大唐処士。身多技芸、知其才藻、勧令同来。不事■ｻﾝ求、独取艱渋。願加優恤、以慰旅情。詔依請焉。』美濃
E1370,C004,L086,TRAVEL,一日丁亥。於内裏、始修仏名懺悔之事。』是日。令大宰府、量唐人駱漢中并従二人衣粮。入唐求法僧智聡在彼廿余載、今年還此。漢中随智聡来。智聡曰。漢中是大唐処士。身多技芸、知其才藻、勧令同来。不事■ｻﾝ求、独取艱渋。願加優恤、以慰旅情。詔依請焉。』美濃
E1371,E449,L287,HAS_OBJECT,"輔主、主殿充大初位下葛井連直臣等三人、賜姓菅野朝臣。其先、百済国人也。

十七日癸未。遣荷前幣諸山陵墓。於建礼門前発使、公卿行事。』（以下類聚国史107により補う）詔置隼人司佑一員。復旧也。

廿一日丁"
E1372,E449,L025,AT_LOCATION,"輔主、主殿充大初位下葛井連直臣等三人、賜姓菅野朝臣。其先、百済国人也。

十七日癸未。遣荷前幣諸山陵墓。於建礼門前発使、公卿行事。』（以下類聚国史107により補う）詔置隼人司佑一員。復旧也。

廿一日丁"
E1373,E450,G023,HAS_SUBJECT,臣服，又不欲絶好，其意可觀也。厥後，桓武天皇朝屢有遣唐使，如弘法、傳教，皆隨國使入大唐。此時恐無天子書，而惟使者以通事諭來意乎？至於烏羽院代，大宋國附商客孫俊明、鄭清等通書，因周命諸儒議之，終無報書矣。然則平氏重盛施黄金於育王，源氏實朝求佛牙於能
E1374,E450,L194,AT_LOCATION,臣服，又不欲絶好，其意可觀也。厥後，桓武天皇朝屢有遣唐使，如弘法、傳教，皆隨國使入大唐。此時恐無天子書，而惟使者以通事諭來意乎？至於烏羽院代，大宋國附商客孫俊明、鄭清等通書，因周命諸儒議之，終無報書矣。然則平氏重盛施黄金於育王，源氏實朝求佛牙於能
E1375,G023,L194,TRAVEL,臣服，又不欲絶好，其意可觀也。厥後，桓武天皇朝屢有遣唐使，如弘法、傳教，皆隨國使入大唐。此時恐無天子書，而惟使者以通事諭來意乎？至於烏羽院代，大宋國附商客孫俊明、鄭清等通書，因周命諸儒議之，終無報書矣。然則平氏重盛施黄金於育王，源氏實朝求佛牙於能
E1376,E451,L204,HAS_SUBJECT,"卷二

入唐求法巡禮行記卷三

卷四

→

〈入唐求法巡禮行記卷第三〉
([□@考]開成五年四月)
廿八日([□@考]廿八日至十六日記事重出而互有具略。兩文相異以線示之)"
E1377,E451,P075,AT_LOCATION,"卷二

入唐求法巡禮行記卷三

卷四

→

〈入唐求法巡禮行記卷第三〉
([□@考]開成五年四月)
廿八日([□@考]廿八日至十六日記事重出而互有具略。兩文相異以線示之)"
E1378,L204,P075,TRAVEL,"卷二

入唐求法巡禮行記卷三

卷四

→

〈入唐求法巡禮行記卷第三〉
([□@考]開成五年四月)
廿八日([□@考]廿八日至十六日記事重出而互有具略。兩文相異以線示之)"
E1379,E452,P048,HAS_SUBJECT,"卷二

入唐求法巡禮行記卷三

卷四

→

〈入唐求法巡禮行記卷第三〉
([□@考]開成五年四月)
廿八日([□@考]廿八日至十六日記事重出而互有具略。兩文相異以線示之)入平谷。西行卅里。巳時到停點普通院前。始"
E1380,E452,L055,HAS_OBJECT,"卷二

入唐求法巡禮行記卷三

卷四

→

〈入唐求法巡禮行記卷第三〉
([□@考]開成五年四月)
廿八日([□@考]廿八日至十六日記事重出而互有具略。兩文相異以線示之)入平谷。西行卅里。巳時到停點普通院前。始"
E1381,E452,L088,AT_LOCATION,"卷二

入唐求法巡禮行記卷三

卷四

→

〈入唐求法巡禮行記卷第三〉
([□@考]開成五年四月)
廿八日([□@考]廿八日至十六日記事重出而互有具略。兩文相異以線示之)入平谷。西行卅里。巳時到停點普通院前。始"
E1382,P048,L055,TRAVEL,"卷二

入唐求法巡禮行記卷三

卷四

→

〈入唐求法巡禮行記卷第三〉
([□@考]開成五年四月)
廿八日([□@考]廿八日至十六日記事重出而互有具略。兩文相異以線示之)入平谷。西行卅里。巳時到停點普通院前。始"
E1383,P048,L088,TRAVEL,"卷二

入唐求法巡禮行記卷三

卷四

→

〈入唐求法巡禮行記卷第三〉
([□@考]開成五年四月)
廿八日([□@考]廿八日至十六日記事重出而互有具略。兩文相異以線示之)入平谷。西行卅里。巳時到停點普通院前。始"
E1384,E453,P184,HAS_SUBJECT,入居之子也。為性放誕，不拘細節。尤妙隸書，宮門榜題，手跡見在。延曆之季，隨聘唐使入唐。唐中文人，呼為橘秀才。歸來之日，歷事數官。以年老羸病，靜居不仕。承和九年，連染伴-健岑謀反事，拷掠不服，減死配流伊豆國。初逸勢之赴配所也，有一女，悲泣步從。官
E1385,E453,L194,AT_LOCATION,入居之子也。為性放誕，不拘細節。尤妙隸書，宮門榜題，手跡見在。延曆之季，隨聘唐使入唐。唐中文人，呼為橘秀才。歸來之日，歷事數官。以年老羸病，靜居不仕。承和九年，連染伴-健岑謀反事，拷掠不服，減死配流伊豆國。初逸勢之赴配所也，有一女，悲泣步從。官
E1386,P184,L194,TRAVEL,入居之子也。為性放誕，不拘細節。尤妙隸書，宮門榜題，手跡見在。延曆之季，隨聘唐使入唐。唐中文人，呼為橘秀才。歸來之日，歷事數官。以年老羸病，靜居不仕。承和九年，連染伴-健岑謀反事，拷掠不服，減死配流伊豆國。初逸勢之赴配所也，有一女，悲泣步從。官
E1387,E454,P184,HAS_SUBJECT,四位下-入居之子也。為性放誕，不拘細節。尤妙隸書，宮門榜題，手跡見在。延曆之季，隨聘唐使入唐。唐中文人，呼為橘秀才。歸來之日，歷事數官。以年老羸病，靜居不仕。承和九年，連染伴-健岑謀反事，拷掠不服，減死配流伊豆國。初逸勢之赴配所也，有一女，悲泣步從。官
E1388,E454,L194,AT_LOCATION,四位下-入居之子也。為性放誕，不拘細節。尤妙隸書，宮門榜題，手跡見在。延曆之季，隨聘唐使入唐。唐中文人，呼為橘秀才。歸來之日，歷事數官。以年老羸病，靜居不仕。承和九年，連染伴-健岑謀反事，拷掠不服，減死配流伊豆國。初逸勢之赴配所也，有一女，悲泣步從。官
E1389,E455,L008,HAS_OBJECT,"六位下中臣朝臣人足。平羣朝臣安麻呂。正六位上高志連村君。國覓忌寸八嶋。幡文造通並授從五位下。
三月庚子。遣唐副使從五位下巨勢朝臣邑治等自唐國至。
庚申。從四位上下毛野朝臣古麻呂。請改下毛野朝臣石代姓爲下毛野川内朝臣。許之。
甲子。給鐵印于攝津伊勢等"
E1390,E455,L025,AT_LOCATION,"六位下中臣朝臣人足。平羣朝臣安麻呂。正六位上高志連村君。國覓忌寸八嶋。幡文造通並授從五位下。
三月庚子。遣唐副使從五位下巨勢朝臣邑治等自唐國至。
庚申。從四位上下毛野朝臣古麻呂。請改下毛野朝臣石代姓爲下毛野川内朝臣。許之。
甲子。給鐵印于攝津伊勢等"
E1391,E457,P279,HAS_SUBJECT,"六位下中臣朝臣人足。平羣朝臣安麻呂。正六位上高志連村君。國覓忌寸八嶋。幡文造通並授從五位下。
三月庚子。遣唐副使從五位下巨勢朝臣邑治等自唐國至。
庚申。從四位上下毛野朝臣古麻呂。請改下毛野朝臣石代姓爲下毛野川内朝臣。許之。
甲子。給鐵印于攝津伊勢等"
E1392,E457,L210,HAS_OBJECT,"六位下中臣朝臣人足。平羣朝臣安麻呂。正六位上高志連村君。國覓忌寸八嶋。幡文造通並授從五位下。
三月庚子。遣唐副使從五位下巨勢朝臣邑治等自唐國至。
庚申。從四位上下毛野朝臣古麻呂。請改下毛野朝臣石代姓爲下毛野川内朝臣。許之。
甲子。給鐵印于攝津伊勢等"
E1393,E457,L084,AT_LOCATION,"六位下中臣朝臣人足。平羣朝臣安麻呂。正六位上高志連村君。國覓忌寸八嶋。幡文造通並授從五位下。
三月庚子。遣唐副使從五位下巨勢朝臣邑治等自唐國至。
庚申。從四位上下毛野朝臣古麻呂。請改下毛野朝臣石代姓爲下毛野川内朝臣。許之。
甲子。給鐵印于攝津伊勢等"
E1394,P279,L210,TRAVEL,"六位下中臣朝臣人足。平羣朝臣安麻呂。正六位上高志連村君。國覓忌寸八嶋。幡文造通並授從五位下。
三月庚子。遣唐副使從五位下巨勢朝臣邑治等自唐國至。
庚申。從四位上下毛野朝臣古麻呂。請改下毛野朝臣石代姓爲下毛野川内朝臣。許之。
甲子。給鐵印于攝津伊勢等"
E1395,P279,L084,TRAVEL,"六位下中臣朝臣人足。平羣朝臣安麻呂。正六位上高志連村君。國覓忌寸八嶋。幡文造通並授從五位下。
三月庚子。遣唐副使從五位下巨勢朝臣邑治等自唐國至。
庚申。從四位上下毛野朝臣古麻呂。請改下毛野朝臣石代姓爲下毛野川内朝臣。許之。
甲子。給鐵印于攝津伊勢等"
E1396,E458,P034,HAS_SUBJECT,"四位下。无位大養徳宿祢麻呂女從五位下。
己亥。僧玄■死。玄■俗姓阿刀氏。靈龜二年入唐學問。唐天子尊■。准三品令着紫袈裟。天平七年隨大使多治比眞人廣成還歸。齎經論五千餘卷及諸佛像來。皇朝亦施紫袈裟着之。尊爲僧正。安置内道塲。自是之後。榮寵日盛。稍"
E1397,E458,L194,AT_LOCATION,"四位下。无位大養徳宿祢麻呂女從五位下。
己亥。僧玄■死。玄■俗姓阿刀氏。靈龜二年入唐學問。唐天子尊■。准三品令着紫袈裟。天平七年隨大使多治比眞人廣成還歸。齎經論五千餘卷及諸佛像來。皇朝亦施紫袈裟着之。尊爲僧正。安置内道塲。自是之後。榮寵日盛。稍"
E1398,P034,L194,TRAVEL,"四位下。无位大養徳宿祢麻呂女從五位下。
己亥。僧玄■死。玄■俗姓阿刀氏。靈龜二年入唐學問。唐天子尊■。准三品令着紫袈裟。天平七年隨大使多治比眞人廣成還歸。齎經論五千餘卷及諸佛像來。皇朝亦施紫袈裟着之。尊爲僧正。安置内道塲。自是之後。榮寵日盛。稍"
E1399,E459,P034,HAS_SUBJECT,氏。靈龜二年入唐學問。唐天子尊■。准三品令着紫袈裟。天平七年隨大使多治比眞人廣成還歸。齎經論五千餘卷及諸佛像來。皇朝亦施紫袈裟着之。尊爲僧正。安置内道塲。自是之後。榮寵日盛。稍乖沙門之行。時人惡之。至是死於徙所。世相傳云。爲藤原廣嗣
E1400,E459,L210,HAS_OBJECT,氏。靈龜二年入唐學問。唐天子尊■。准三品令着紫袈裟。天平七年隨大使多治比眞人廣成還歸。齎經論五千餘卷及諸佛像來。皇朝亦施紫袈裟着之。尊爲僧正。安置内道塲。自是之後。榮寵日盛。稍乖沙門之行。時人惡之。至是死於徙所。世相傳云。爲藤原廣嗣
E1401,E459,L084,AT_LOCATION,氏。靈龜二年入唐學問。唐天子尊■。准三品令着紫袈裟。天平七年隨大使多治比眞人廣成還歸。齎經論五千餘卷及諸佛像來。皇朝亦施紫袈裟着之。尊爲僧正。安置内道塲。自是之後。榮寵日盛。稍乖沙門之行。時人惡之。至是死於徙所。世相傳云。爲藤原廣嗣
E1402,P034,L210,TRAVEL,氏。靈龜二年入唐學問。唐天子尊■。准三品令着紫袈裟。天平七年隨大使多治比眞人廣成還歸。齎經論五千餘卷及諸佛像來。皇朝亦施紫袈裟着之。尊爲僧正。安置内道塲。自是之後。榮寵日盛。稍乖沙門之行。時人惡之。至是死於徙所。世相傳云。爲藤原廣嗣
E1403,P034,L084,TRAVEL,氏。靈龜二年入唐學問。唐天子尊■。准三品令着紫袈裟。天平七年隨大使多治比眞人廣成還歸。齎經論五千餘卷及諸佛像來。皇朝亦施紫袈裟着之。尊爲僧正。安置内道塲。自是之後。榮寵日盛。稍乖沙門之行。時人惡之。至是死於徙所。世相傳云。爲藤原廣嗣
E1404,E460,L025,AT_LOCATION,"五位下楢原造東人。小治田朝臣諸人。民忌寸眞楫並授從五位下。
庚申。禁諸寺競買百姓墾田及園地永爲寺地。
丙子。令諸國依舊進仕丁之廝。
六月丙戌。地震。
壬辰。從五位下高丘王授從四位下。无位大養徳宿祢麻呂女從五位下。"
E1405,E461,L025,AT_LOCATION,"永爲寺地。
丙子。令諸國依舊進仕丁之廝。
六月丙戌。地震。
壬辰。從五位下高丘王授從四位下。无位大養徳宿祢麻呂女從五位下。
己亥。僧玄■死。玄■俗姓阿刀氏。靈龜二年入唐學問。唐天子尊■。准三品令着紫袈裟。天平七年隨大使多治比眞人廣成還歸。齎經論五千餘卷及諸"
E1406,E462,L288,HAS_OBJECT,"権守船連副使麻呂、内蔵権少充正七位上津宿祢輔主、主殿充大初位下葛井連直臣等三人、賜姓菅野朝臣。其先、百済国人也。

十七日癸未。遣荷前幣諸山陵墓。於建礼門前発使、"
E1407,E462,L025,AT_LOCATION,"権守船連副使麻呂、内蔵権少充正七位上津宿祢輔主、主殿充大初位下葛井連直臣等三人、賜姓菅野朝臣。其先、百済国人也。

十七日癸未。遣荷前幣諸山陵墓。於建礼門前発使、"
E1408,E463,G037,HAS_SUBJECT,宜令五畿内七道諸國司轉讀般若走幣名神。』▼是日。大宰府馳驛。奏遣唐使第一第四兩船漂蕩却廻之状。兩船密封奏。同
E1409,E463,L137,HAS_OBJECT,宜令五畿内七道諸國司轉讀般若走幣名神。』▼是日。大宰府馳驛。奏遣唐使第一第四兩船漂蕩却廻之状。兩船密封奏。同
E1410,E463,L214,AT_LOCATION,宜令五畿内七道諸國司轉讀般若走幣名神。』▼是日。大宰府馳驛。奏遣唐使第一第四兩船漂蕩却廻之状。兩船密封奏。同
E1411,G037,L137,TRAVEL,宜令五畿内七道諸國司轉讀般若走幣名神。』▼是日。大宰府馳驛。奏遣唐使第一第四兩船漂蕩却廻之状。兩船密封奏。同
E1412,G037,L214,TRAVEL,宜令五畿内七道諸國司轉讀般若走幣名神。』▼是日。大宰府馳驛。奏遣唐使第一第四兩船漂蕩却廻之状。兩船密封奏。同
E1413,E464,G043,HAS_SUBJECT,"州牟平縣唐陽陶村之南邊。去縣百六十里。去州三百里。從此東有新羅國。得好風。兩三日得到(云々)。船舶上官人。賜酒及綿。便作帖報州縣。緣天未晴。望見山頭未得顯然。東風吹。日暮霧彌暗。
十八日。改食法。日每人糒一升。水一升。東風不變。又此州但有粟。其"
E1414,E464,L187,HAS_OBJECT,"州牟平縣唐陽陶村之南邊。去縣百六十里。去州三百里。從此東有新羅國。得好風。兩三日得到(云々)。船舶上官人。賜酒及綿。便作帖報州縣。緣天未晴。望見山頭未得顯然。東風吹。日暮霧彌暗。
十八日。改食法。日每人糒一升。水一升。東風不變。又此州但有粟。其"
E1415,E464,L098,AT_LOCATION,"州牟平縣唐陽陶村之南邊。去縣百六十里。去州三百里。從此東有新羅國。得好風。兩三日得到(云々)。船舶上官人。賜酒及綿。便作帖報州縣。緣天未晴。望見山頭未得顯然。東風吹。日暮霧彌暗。
十八日。改食法。日每人糒一升。水一升。東風不變。又此州但有粟。其"
E1416,G043,L187,TRAVEL,"州牟平縣唐陽陶村之南邊。去縣百六十里。去州三百里。從此東有新羅國。得好風。兩三日得到(云々)。船舶上官人。賜酒及綿。便作帖報州縣。緣天未晴。望見山頭未得顯然。東風吹。日暮霧彌暗。
十八日。改食法。日每人糒一升。水一升。東風不變。又此州但有粟。其"
E1417,G043,L098,TRAVEL,"州牟平縣唐陽陶村之南邊。去縣百六十里。去州三百里。從此東有新羅國。得好風。兩三日得到(云々)。船舶上官人。賜酒及綿。便作帖報州縣。緣天未晴。望見山頭未得顯然。東風吹。日暮霧彌暗。
十八日。改食法。日每人糒一升。水一升。東風不變。又此州但有粟。其"
E1418,E465,P076,HAS_SUBJECT,"縣百六十里。去州三百里。從此東有新羅國。得好風。兩三日得到(云々)。船舶上官人。賜酒及綿。便作帖報州縣。緣天未晴。望見山頭未得顯然。東風吹。日暮霧彌暗。
十八日。改食法。日每人糒一升。水一升。東風不變。又此州但有粟。其粳米最貴(云々)。請益僧。"
E1419,E465,G032,HAS_OBJECT,"縣百六十里。去州三百里。從此東有新羅國。得好風。兩三日得到(云々)。船舶上官人。賜酒及綿。便作帖報州縣。緣天未晴。望見山頭未得顯然。東風吹。日暮霧彌暗。
十八日。改食法。日每人糒一升。水一升。東風不變。又此州但有粟。其粳米最貴(云々)。請益僧。"
E1420,E465,L097,AT_LOCATION,"縣百六十里。去州三百里。從此東有新羅國。得好風。兩三日得到(云々)。船舶上官人。賜酒及綿。便作帖報州縣。緣天未晴。望見山頭未得顯然。東風吹。日暮霧彌暗。
十八日。改食法。日每人糒一升。水一升。東風不變。又此州但有粟。其粳米最貴(云々)。請益僧。"
E1421,P076,G032,PARTICIPATE,"縣百六十里。去州三百里。從此東有新羅國。得好風。兩三日得到(云々)。船舶上官人。賜酒及綿。便作帖報州縣。緣天未晴。望見山頭未得顯然。東風吹。日暮霧彌暗。
十八日。改食法。日每人糒一升。水一升。東風不變。又此州但有粟。其粳米最貴(云々)。請益僧。"
E1422,P076,L097,PARTICIPATE,"縣百六十里。去州三百里。從此東有新羅國。得好風。兩三日得到(云々)。船舶上官人。賜酒及綿。便作帖報州縣。緣天未晴。望見山頭未得顯然。東風吹。日暮霧彌暗。
十八日。改食法。日每人糒一升。水一升。東風不變。又此州但有粟。其粳米最貴(云々)。請益僧。"
E1423,E466,P116,HAS_OBJECT,"。」授正六位上英保首代作外從五位下。以搆西大寺兜率天堂也。
十一月癸未朔。遣使造入唐使舶四艘於安藝國。
癸巳。陸奧國桃生郡人外從七位下牡鹿連猪手賜姓道嶋宿祢。
庚子。遣鍛冶正從五位下氣太王造齋宮於伊勢國。
辛丑。以從五位下紀朝臣古佐美爲式部少輔"
E1424,E466,P116,AT_LOCATION,"。」授正六位上英保首代作外從五位下。以搆西大寺兜率天堂也。
十一月癸未朔。遣使造入唐使舶四艘於安藝國。
癸巳。陸奧國桃生郡人外從七位下牡鹿連猪手賜姓道嶋宿祢。
庚子。遣鍛冶正從五位下氣太王造齋宮於伊勢國。
辛丑。以從五位下紀朝臣古佐美爲式部少輔"
E1425,E468,L025,AT_LOCATION,"月癸未朔。遣使造入唐使舶四艘於安藝國。
癸巳。陸奧國桃生郡人外從七位下牡鹿連猪手賜姓道嶋宿祢。
庚子。遣鍛冶正從五位下氣太王造齋宮於伊勢國。
辛丑。以從五位下紀朝臣古佐美爲式部少輔。從五位下多治比眞人豊濱爲治部少輔。主殿頭從五位下美和眞人土生爲"
E1426,E469,P244,HAS_OBJECT,"。而去此就彼損害極多。臣等商量。改東山道。属東海道。公私得所。人馬有息。奏可。」授正六位上英保首代作外從五位下。以搆西大寺兜率天堂也。
十一月癸未朔。遣使造入唐使舶四艘於安藝國。
癸巳。陸奧國桃生郡人外從七位下牡鹿連猪手賜姓道嶋宿祢。
庚子。遣鍛冶"
E1427,E469,L025,AT_LOCATION,"。而去此就彼損害極多。臣等商量。改東山道。属東海道。公私得所。人馬有息。奏可。」授正六位上英保首代作外從五位下。以搆西大寺兜率天堂也。
十一月癸未朔。遣使造入唐使舶四艘於安藝國。
癸巳。陸奧國桃生郡人外從七位下牡鹿連猪手賜姓道嶋宿祢。
庚子。遣鍛冶"
E1428,E470,P078,HAS_SUBJECT,畢遣其特勤康稍利等獻馬千匹，會于絳郡，又遣二千騎助軍，從平京城。及高祖即位，前後賞賜，不可勝紀。始畢自恃其功，益驕踞，每遣使者至長安，頗多橫恣，高祖以中原未定，每優容之。武德元年，始畢使骨咄祿特勤來朝，宴于太極殿，奏九部樂，賚錦
E1429,E470,P214,HAS_OBJECT,畢遣其特勤康稍利等獻馬千匹，會于絳郡，又遣二千騎助軍，從平京城。及高祖即位，前後賞賜，不可勝紀。始畢自恃其功，益驕踞，每遣使者至長安，頗多橫恣，高祖以中原未定，每優容之。武德元年，始畢使骨咄祿特勤來朝，宴于太極殿，奏九部樂，賚錦
E1430,E470,L100,AT_LOCATION,畢遣其特勤康稍利等獻馬千匹，會于絳郡，又遣二千騎助軍，從平京城。及高祖即位，前後賞賜，不可勝紀。始畢自恃其功，益驕踞，每遣使者至長安，頗多橫恣，高祖以中原未定，每優容之。武德元年，始畢使骨咄祿特勤來朝，宴于太極殿，奏九部樂，賚錦
E1431,P078,P214,PARTICIPATE,畢遣其特勤康稍利等獻馬千匹，會于絳郡，又遣二千騎助軍，從平京城。及高祖即位，前後賞賜，不可勝紀。始畢自恃其功，益驕踞，每遣使者至長安，頗多橫恣，高祖以中原未定，每優容之。武德元年，始畢使骨咄祿特勤來朝，宴于太極殿，奏九部樂，賚錦
E1432,P078,L100,PARTICIPATE,畢遣其特勤康稍利等獻馬千匹，會于絳郡，又遣二千騎助軍，從平京城。及高祖即位，前後賞賜，不可勝紀。始畢自恃其功，益驕踞，每遣使者至長安，頗多橫恣，高祖以中原未定，每優容之。武德元年，始畢使骨咄祿特勤來朝，宴于太極殿，奏九部樂，賚錦
E1433,E471,P270,HAS_SUBJECT,漏汚被褥。和尚乃微笑曰。放蕩小子汚人之床。竟無復一言焉。初孝徳天皇白雉四年。隨使入唐。適遇玄弉三藏。師受業焉。三藏特愛。令住同房。謂曰。吾昔往西域。在路飢乏。無村可乞。忽有一沙門手持梨子。与吾食之。吾自啖後氣力日健。今汝是持梨沙門也。又謂曰。經
E1434,E471,L100,HAS_OBJECT,漏汚被褥。和尚乃微笑曰。放蕩小子汚人之床。竟無復一言焉。初孝徳天皇白雉四年。隨使入唐。適遇玄弉三藏。師受業焉。三藏特愛。令住同房。謂曰。吾昔往西域。在路飢乏。無村可乞。忽有一沙門手持梨子。与吾食之。吾自啖後氣力日健。今汝是持梨沙門也。又謂曰。經
E1435,E471,L199,AT_LOCATION,漏汚被褥。和尚乃微笑曰。放蕩小子汚人之床。竟無復一言焉。初孝徳天皇白雉四年。隨使入唐。適遇玄弉三藏。師受業焉。三藏特愛。令住同房。謂曰。吾昔往西域。在路飢乏。無村可乞。忽有一沙門手持梨子。与吾食之。吾自啖後氣力日健。今汝是持梨沙門也。又謂曰。經
E1436,E472,P270,HAS_SUBJECT,器。漏汚被褥。和尚乃微笑曰。放蕩小子汚人之床。竟無復一言焉。初孝徳天皇白雉四年。隨使入唐。適遇玄弉三藏。師受業焉。三藏特愛。令住同房。謂曰。吾昔往西域。在路飢乏。無村可乞。忽有一沙門手持梨子。与吾食之。吾自啖後氣力日健。今汝是持梨沙門也。又謂曰。經
E1437,E472,P194,HAS_OBJECT,器。漏汚被褥。和尚乃微笑曰。放蕩小子汚人之床。竟無復一言焉。初孝徳天皇白雉四年。隨使入唐。適遇玄弉三藏。師受業焉。三藏特愛。令住同房。謂曰。吾昔往西域。在路飢乏。無村可乞。忽有一沙門手持梨子。与吾食之。吾自啖後氣力日健。今汝是持梨沙門也。又謂曰。經
E1438,E472,L100,AT_LOCATION,器。漏汚被褥。和尚乃微笑曰。放蕩小子汚人之床。竟無復一言焉。初孝徳天皇白雉四年。隨使入唐。適遇玄弉三藏。師受業焉。三藏特愛。令住同房。謂曰。吾昔往西域。在路飢乏。無村可乞。忽有一沙門手持梨子。与吾食之。吾自啖後氣力日健。今汝是持梨沙門也。又謂曰。經
E1439,P270,P194,TRAVEL,器。漏汚被褥。和尚乃微笑曰。放蕩小子汚人之床。竟無復一言焉。初孝徳天皇白雉四年。隨使入唐。適遇玄弉三藏。師受業焉。三藏特愛。令住同房。謂曰。吾昔往西域。在路飢乏。無村可乞。忽有一沙門手持梨子。与吾食之。吾自啖後氣力日健。今汝是持梨沙門也。又謂曰。經
E1440,E473,P270,HAS_SUBJECT,謂曰。經論深妙不能究竟。不如學禪流傳東土。和尚奉教。始習禪定。所悟稍多。於後隨使歸朝。臨訣。三藏以所持舎利經論。咸授和尚而曰。人能弘道。今以斯文附
E1441,E473,L193,HAS_OBJECT,謂曰。經論深妙不能究竟。不如學禪流傳東土。和尚奉教。始習禪定。所悟稍多。於後隨使歸朝。臨訣。三藏以所持舎利經論。咸授和尚而曰。人能弘道。今以斯文附
E1442,E473,L101,AT_LOCATION,謂曰。經論深妙不能究竟。不如學禪流傳東土。和尚奉教。始習禪定。所悟稍多。於後隨使歸朝。臨訣。三藏以所持舎利經論。咸授和尚而曰。人能弘道。今以斯文附
E1443,P270,L193,TRAVEL,謂曰。經論深妙不能究竟。不如學禪流傳東土。和尚奉教。始習禪定。所悟稍多。於後隨使歸朝。臨訣。三藏以所持舎利經論。咸授和尚而曰。人能弘道。今以斯文附
E1444,P270,L101,TRAVEL,謂曰。經論深妙不能究竟。不如學禪流傳東土。和尚奉教。始習禪定。所悟稍多。於後隨使歸朝。臨訣。三藏以所持舎利經論。咸授和尚而曰。人能弘道。今以斯文附
E1445,E474,P270,HAS_SUBJECT,。又謂曰。經論深妙不能究竟。不如學禪流傳東土。和尚奉教。始習禪定。所悟稍多。於後隨使歸朝。臨訣。三藏以所持舎利經論。咸授和尚而曰。人能弘道。今以斯文附
E1446,E474,L193,HAS_OBJECT,。又謂曰。經論深妙不能究竟。不如學禪流傳東土。和尚奉教。始習禪定。所悟稍多。於後隨使歸朝。臨訣。三藏以所持舎利經論。咸授和尚而曰。人能弘道。今以斯文附
E1447,E474,L101,AT_LOCATION,。又謂曰。經論深妙不能究竟。不如學禪流傳東土。和尚奉教。始習禪定。所悟稍多。於後隨使歸朝。臨訣。三藏以所持舎利經論。咸授和尚而曰。人能弘道。今以斯文附
E1448,E475,P270,HAS_SUBJECT,。放蕩小子汚人之床。竟無復一言焉。初孝徳天皇白雉四年。隨使入唐。適遇玄弉三藏。師受業焉。三藏特愛。令住同房。謂曰。吾昔往西域。在路飢乏。無村可乞。忽有一沙門手持梨子。与吾食之。吾自啖後氣力日健。今汝是持梨沙門也。又謂曰。經論深妙不能究竟。不如學
E1449,E475,P194,HAS_OBJECT,。放蕩小子汚人之床。竟無復一言焉。初孝徳天皇白雉四年。隨使入唐。適遇玄弉三藏。師受業焉。三藏特愛。令住同房。謂曰。吾昔往西域。在路飢乏。無村可乞。忽有一沙門手持梨子。与吾食之。吾自啖後氣力日健。今汝是持梨沙門也。又謂曰。經論深妙不能究竟。不如學
E1450,E475,L100,AT_LOCATION,。放蕩小子汚人之床。竟無復一言焉。初孝徳天皇白雉四年。隨使入唐。適遇玄弉三藏。師受業焉。三藏特愛。令住同房。謂曰。吾昔往西域。在路飢乏。無村可乞。忽有一沙門手持梨子。与吾食之。吾自啖後氣力日健。今汝是持梨沙門也。又謂曰。經論深妙不能究竟。不如學
E1451,P270,P194,LEARN,。放蕩小子汚人之床。竟無復一言焉。初孝徳天皇白雉四年。隨使入唐。適遇玄弉三藏。師受業焉。三藏特愛。令住同房。謂曰。吾昔往西域。在路飢乏。無村可乞。忽有一沙門手持梨子。与吾食之。吾自啖後氣力日健。今汝是持梨沙門也。又謂曰。經論深妙不能究竟。不如學
E1452,P270,L100,LEARN,。放蕩小子汚人之床。竟無復一言焉。初孝徳天皇白雉四年。隨使入唐。適遇玄弉三藏。師受業焉。三藏特愛。令住同房。謂曰。吾昔往西域。在路飢乏。無村可乞。忽有一沙門手持梨子。与吾食之。吾自啖後氣力日健。今汝是持梨沙門也。又謂曰。經論深妙不能究竟。不如學
E1453,E476,P048,HAS_SUBJECT,風不果。至五年六月十三日，復於九州博多分登第一舶與第四舶，是為三次首途。仁所著「入唐巡禮記」起於此日。六月二十二日放洋，風濤甚烈，飽歷艱險。唐文宗開成三年(八三八)七月二日，抵淮南道揚州府海陵縣(今江蘇泰州)。大使由淮南節度使李德裕奏准入長安。
E1454,E476,L010,AT_LOCATION,風不果。至五年六月十三日，復於九州博多分登第一舶與第四舶，是為三次首途。仁所著「入唐巡禮記」起於此日。六月二十二日放洋，風濤甚烈，飽歷艱險。唐文宗開成三年(八三八)七月二日，抵淮南道揚州府海陵縣(今江蘇泰州)。大使由淮南節度使李德裕奏准入長安。
E1455,P048,L010,TRAVEL,風不果。至五年六月十三日，復於九州博多分登第一舶與第四舶，是為三次首途。仁所著「入唐巡禮記」起於此日。六月二十二日放洋，風濤甚烈，飽歷艱險。唐文宗開成三年(八三八)七月二日，抵淮南道揚州府海陵縣(今江蘇泰州)。大使由淮南節度使李德裕奏准入長安。
E1456,E477,G045,HAS_SUBJECT,風不果。至五年六月十三日，復於九州博多分登第一舶與第四舶，是為三次首途。仁所著「入唐巡禮記」起於此日。六月二十二日放洋，風濤甚烈，飽歷艱險。唐文宗開成三年(八三八)七月二日，抵淮南道揚州府海陵縣(今江蘇泰州)。大使由淮南節度使李德裕奏准入長安。
E1457,E477,L009,AT_LOCATION,風不果。至五年六月十三日，復於九州博多分登第一舶與第四舶，是為三次首途。仁所著「入唐巡禮記」起於此日。六月二十二日放洋，風濤甚烈，飽歷艱險。唐文宗開成三年(八三八)七月二日，抵淮南道揚州府海陵縣(今江蘇泰州)。大使由淮南節度使李德裕奏准入長安。
E1458,G045,L009,PARTICIPATE,風不果。至五年六月十三日，復於九州博多分登第一舶與第四舶，是為三次首途。仁所著「入唐巡禮記」起於此日。六月二十二日放洋，風濤甚烈，飽歷艱險。唐文宗開成三年(八三八)七月二日，抵淮南道揚州府海陵縣(今江蘇泰州)。大使由淮南節度使李德裕奏准入長安。
E1459,E479,P048,HAS_SUBJECT,圓仁從行。遇險破舟，均折回。四年七月再發，遭逆風不果。至五年六月十三日，復於九州博多分登第一舶與第四舶，是為三次首途。仁所著「入唐巡禮記」起於此日。六月二十二日放洋，風濤甚烈，飽歷艱險。唐文宗開成三年(八三八
E1460,E479,L011,AT_LOCATION,圓仁從行。遇險破舟，均折回。四年七月再發，遭逆風不果。至五年六月十三日，復於九州博多分登第一舶與第四舶，是為三次首途。仁所著「入唐巡禮記」起於此日。六月二十二日放洋，風濤甚烈，飽歷艱險。唐文宗開成三年(八三八
E1461,P048,L011,TRAVEL,圓仁從行。遇險破舟，均折回。四年七月再發，遭逆風不果。至五年六月十三日，復於九州博多分登第一舶與第四舶，是為三次首途。仁所著「入唐巡禮記」起於此日。六月二十二日放洋，風濤甚烈，飽歷艱險。唐文宗開成三年(八三八
E1462,E480,P260,HAS_SUBJECT,。貞敏者。刑部卿從三位繼彦之第六子也。少耽愛音樂。好學鼓琴。尤善彈琵琶。承和二年爲美作掾兼遣唐使准判官。五年到大唐。達上都。逢能彈琵琶者劉二郎。貞敏贈砂金二百兩。劉二郎曰。礼貴往來。請欲相傅。即授兩三調。二三月間。盡了妙曲。劉二郎贈譜數十卷。因問曰。君師何
E1463,E480,L194,AT_LOCATION,。貞敏者。刑部卿從三位繼彦之第六子也。少耽愛音樂。好學鼓琴。尤善彈琵琶。承和二年爲美作掾兼遣唐使准判官。五年到大唐。達上都。逢能彈琵琶者劉二郎。貞敏贈砂金二百兩。劉二郎曰。礼貴往來。請欲相傅。即授兩三調。二三月間。盡了妙曲。劉二郎贈譜數十卷。因問曰。君師何
E1464,P260,L194,PARTICIPATE,。貞敏者。刑部卿從三位繼彦之第六子也。少耽愛音樂。好學鼓琴。尤善彈琵琶。承和二年爲美作掾兼遣唐使准判官。五年到大唐。達上都。逢能彈琵琶者劉二郎。貞敏贈砂金二百兩。劉二郎曰。礼貴往來。請欲相傅。即授兩三調。二三月間。盡了妙曲。劉二郎贈譜數十卷。因問曰。君師何
E1465,E481,P260,HAS_SUBJECT,第六子也。少耽愛音樂。好學鼓琴。尤善彈琵琶。承和二年爲美作掾兼遣唐使准判官。五年到大唐。達上都。逢能彈琵琶者劉二郎。貞敏贈砂金二百兩。劉二郎曰。礼貴往來。請欲相傅。即授兩三調。二三月間。盡了妙曲。劉二郎贈譜數十卷。因問曰。君師何人。素學妙曲乎。貞
E1466,E481,L199,AT_LOCATION,第六子也。少耽愛音樂。好學鼓琴。尤善彈琵琶。承和二年爲美作掾兼遣唐使准判官。五年到大唐。達上都。逢能彈琵琶者劉二郎。貞敏贈砂金二百兩。劉二郎曰。礼貴往來。請欲相傅。即授兩三調。二三月間。盡了妙曲。劉二郎贈譜數十卷。因問曰。君師何人。素學妙曲乎。貞
E1467,P260,L199,TRAVEL,第六子也。少耽愛音樂。好學鼓琴。尤善彈琵琶。承和二年爲美作掾兼遣唐使准判官。五年到大唐。達上都。逢能彈琵琶者劉二郎。貞敏贈砂金二百兩。劉二郎曰。礼貴往來。請欲相傅。即授兩三調。二三月間。盡了妙曲。劉二郎贈譜數十卷。因問曰。君師何人。素學妙曲乎。貞
E1468,E482,P039,HAS_SUBJECT,"兵部曹司。問新羅使入朝之旨。而新羅國輙改本號曰王城國。因茲返却其使。
三月丙寅。入唐大使從四位上多治比"
E1469,E482,L210,HAS_OBJECT,"兵部曹司。問新羅使入朝之旨。而新羅國輙改本號曰王城國。因茲返却其使。
三月丙寅。入唐大使從四位上多治比"
E1470,E482,L084,AT_LOCATION,"兵部曹司。問新羅使入朝之旨。而新羅國輙改本號曰王城國。因茲返却其使。
三月丙寅。入唐大使從四位上多治比"
E1471,P039,L210,TRAVEL,"兵部曹司。問新羅使入朝之旨。而新羅國輙改本號曰王城國。因茲返却其使。
三月丙寅。入唐大使從四位上多治比"
E1472,P039,L084,TRAVEL,"兵部曹司。問新羅使入朝之旨。而新羅國輙改本號曰王城國。因茲返却其使。
三月丙寅。入唐大使從四位上多治比"
E1473,E483,L206,HAS_SUBJECT,。本國使賜留學僧。東絁卅五疋。帖綿十疊。長綿六十五屯。砂金二十五大兩。充學問䉼。朝貢使賜勾當王友真酒飲惜別。齋後。本國相公。喚留學僧。賜砂金。流淚慰別。圓澄偁。去月四日從長安發歸。十三日。至填州甘堂驛。擬留楚州。更不向揚州。官人等從在京之日。沈
E1474,E483,P202,HAS_OBJECT,。本國使賜留學僧。東絁卅五疋。帖綿十疊。長綿六十五屯。砂金二十五大兩。充學問䉼。朝貢使賜勾當王友真酒飲惜別。齋後。本國相公。喚留學僧。賜砂金。流淚慰別。圓澄偁。去月四日從長安發歸。十三日。至填州甘堂驛。擬留楚州。更不向揚州。官人等從在京之日。沈
E1475,E483,L095,AT_LOCATION,。本國使賜留學僧。東絁卅五疋。帖綿十疊。長綿六十五屯。砂金二十五大兩。充學問䉼。朝貢使賜勾當王友真酒飲惜別。齋後。本國相公。喚留學僧。賜砂金。流淚慰別。圓澄偁。去月四日從長安發歸。十三日。至填州甘堂驛。擬留楚州。更不向揚州。官人等從在京之日。沈
E1476,L206,P202,PARTICIPATE,。本國使賜留學僧。東絁卅五疋。帖綿十疊。長綿六十五屯。砂金二十五大兩。充學問䉼。朝貢使賜勾當王友真酒飲惜別。齋後。本國相公。喚留學僧。賜砂金。流淚慰別。圓澄偁。去月四日從長安發歸。十三日。至填州甘堂驛。擬留楚州。更不向揚州。官人等從在京之日。沈
E1477,L206,L095,PARTICIPATE,。本國使賜留學僧。東絁卅五疋。帖綿十疊。長綿六十五屯。砂金二十五大兩。充學問䉼。朝貢使賜勾當王友真酒飲惜別。齋後。本國相公。喚留學僧。賜砂金。流淚慰別。圓澄偁。去月四日從長安發歸。十三日。至填州甘堂驛。擬留楚州。更不向揚州。官人等從在京之日。沈
E1478,E484,P174,HAS_SUBJECT,使賜留學僧。東絁卅五疋。帖綿十疊。長綿六十五屯。砂金二十五大兩。充學問䉼。朝貢使賜勾當王友真酒飲惜別。齋後。本國相公。喚留學僧。賜砂金。流淚慰別。圓澄偁。去月四日從長安發歸。十三日。至填州甘堂驛。擬留楚州。更不向揚州。官人等從在京之日。沈病辛苦。然去月十
E1479,E484,P057,HAS_OBJECT,使賜留學僧。東絁卅五疋。帖綿十疊。長綿六十五屯。砂金二十五大兩。充學問䉼。朝貢使賜勾當王友真酒飲惜別。齋後。本國相公。喚留學僧。賜砂金。流淚慰別。圓澄偁。去月四日從長安發歸。十三日。至填州甘堂驛。擬留楚州。更不向揚州。官人等從在京之日。沈病辛苦。然去月十
E1480,E484,L095,AT_LOCATION,使賜留學僧。東絁卅五疋。帖綿十疊。長綿六十五屯。砂金二十五大兩。充學問䉼。朝貢使賜勾當王友真酒飲惜別。齋後。本國相公。喚留學僧。賜砂金。流淚慰別。圓澄偁。去月四日從長安發歸。十三日。至填州甘堂驛。擬留楚州。更不向揚州。官人等從在京之日。沈病辛苦。然去月十
E1481,P174,P057,PARTICIPATE,使賜留學僧。東絁卅五疋。帖綿十疊。長綿六十五屯。砂金二十五大兩。充學問䉼。朝貢使賜勾當王友真酒飲惜別。齋後。本國相公。喚留學僧。賜砂金。流淚慰別。圓澄偁。去月四日從長安發歸。十三日。至填州甘堂驛。擬留楚州。更不向揚州。官人等從在京之日。沈病辛苦。然去月十
E1482,P174,L095,PARTICIPATE,使賜留學僧。東絁卅五疋。帖綿十疊。長綿六十五屯。砂金二十五大兩。充學問䉼。朝貢使賜勾當王友真酒飲惜別。齋後。本國相公。喚留學僧。賜砂金。流淚慰別。圓澄偁。去月四日從長安發歸。十三日。至填州甘堂驛。擬留楚州。更不向揚州。官人等從在京之日。沈病辛苦。然去月十
E1483,E485,L194,AT_LOCATION,」十五年大和守従四位上在原朝臣善淵・前肥後守從五位上同安貞等上表請。無品高丘親王入唐之後、多歴年序。歸却之期已過、存亡之分難决。而偏准於平常、猶受其封邑。靜而思之、慙悚難耐。望請早被返收。將免謗議。。存亡難卜。何許來請焉。親王、身■中途、神馳半
E1484,E486,P156,HAS_OBJECT,"祷。今以奉賽也。
己巳。天皇御紫宸殿。宴重陽節。命文人。同賦露重菊花鮮之題。宴了賜祿有差。
甲戌。攝津國人右衛門醫師辟秦眞身。武散位同姓仲主等三烟。改本姓賜秦勝。
辛巳。以從五位上藤原朝臣當道爲河内守。右少弁如故。散位從五位下丹・眞人石雄爲伯耆"
E1485,E486,L030,AT_LOCATION,"祷。今以奉賽也。
己巳。天皇御紫宸殿。宴重陽節。命文人。同賦露重菊花鮮之題。宴了賜祿有差。
甲戌。攝津國人右衛門醫師辟秦眞身。武散位同姓仲主等三烟。改本姓賜秦勝。
辛巳。以從五位上藤原朝臣當道爲河内守。右少弁如故。散位從五位下丹・眞人石雄爲伯耆"
E1486,E487,P168,HAS_SUBJECT,是。圓珍奏言。祖師十禪師傳燈大法師位澄。師十禪師傳燈大法師位義眞。延暦年中。奉勅入唐請益。歸朝之
E1487,E487,L194,AT_LOCATION,是。圓珍奏言。祖師十禪師傳燈大法師位澄。師十禪師傳燈大法師位義眞。延暦年中。奉勅入唐請益。歸朝之
E1488,E488,P168,HAS_SUBJECT,言。祖師十禪師傳燈大法師位澄。師十禪師傳燈大法師位義眞。延暦年中。奉勅入唐請益。歸朝之
E1489,E488,L193,HAS_OBJECT,言。祖師十禪師傳燈大法師位澄。師十禪師傳燈大法師位義眞。延暦年中。奉勅入唐請益。歸朝之
E1490,E488,L084,AT_LOCATION,言。祖師十禪師傳燈大法師位澄。師十禪師傳燈大法師位義眞。延暦年中。奉勅入唐請益。歸朝之
E1491,P168,L193,TRAVEL,言。祖師十禪師傳燈大法師位澄。師十禪師傳燈大法師位義眞。延暦年中。奉勅入唐請益。歸朝之
E1492,P168,L084,TRAVEL,言。祖師十禪師傳燈大法師位澄。師十禪師傳燈大法師位義眞。延暦年中。奉勅入唐請益。歸朝之
E1493,E490,L025,AT_LOCATION,"子卒。勅贈從三位。有子者。贈太政大臣長良朝臣之長女也。爲性婉順。儀閑雅。仁壽四年授從五位下。天安二年爲典侍。貞觀二年授從四位下。六年加從四位上。有子適大納言平朝臣高棟。生二男二女。

廿九日壬申。勅令内供奉十禪師傳燈大法師位圓珍。弘傳眞言止觀兩宗教"
E1494,E491,L025,AT_LOCATION,"長良朝臣之長女也。爲性婉順。儀閑雅。仁壽四年授從五位下。天安二年爲典侍。貞觀二年授從四位下。六年加從四位上。有子適大納言平朝臣高棟。生二男二女。

廿九日壬申。勅令内供奉十禪師傳燈大法師位圓珍。弘傳眞言止觀兩宗教。先是。圓珍奏言。祖師十禪師傳燈大法"
E1495,E492,G019,HAS_OBJECT,"雲守。
是月。陸奥夷俘來降者。相望於道。
夏四月甲申。從五位上日置造蓑麻呂等八人賜姓榮井宿祢。從六位上日置造雄三成等四人鳥井宿祢。正八位下日置造飯麻呂等二人吉井宿祢。
丙戌。雨雹。
庚寅。渤海使史都蒙等入京。
辛夘。太政官遣使慰問史都蒙等。
甲"
E1496,E492,L025,AT_LOCATION,"雲守。
是月。陸奥夷俘來降者。相望於道。
夏四月甲申。從五位上日置造蓑麻呂等八人賜姓榮井宿祢。從六位上日置造雄三成等四人鳥井宿祢。正八位下日置造飯麻呂等二人吉井宿祢。
丙戌。雨雹。
庚寅。渤海使史都蒙等入京。
辛夘。太政官遣使慰問史都蒙等。
甲"
E1497,E493,L304,HAS_OBJECT,"三人。遠江國蓁原郡人外從八位下赤染長濱。因幡國八上郡人外從六位下赤染帶繩等十九人賜姓常世連。
戊戌。遣唐大使"
E1498,E493,L025,AT_LOCATION,"三人。遠江國蓁原郡人外從八位下赤染長濱。因幡國八上郡人外從六位下赤染帶繩等十九人賜姓常世連。
戊戌。遣唐大使"
E1499,E494,L238,HAS_OBJECT,"舍人等，掃清諸寺堂塔。則大赦天下，囚獄已空。
六月己巳朔，槻本村主勝麻呂賜姓曰連。仍加勤大壹位，封二十戶。
庚午，工匠、陰陽師、侍醫、大唐學生及一二宮人并三十四人，授爵位。
乙亥，選諸司人等有功二十八人，增加爵位。
戊寅，卜天皇病，祟草"
E1500,E494,L025,AT_LOCATION,"舍人等，掃清諸寺堂塔。則大赦天下，囚獄已空。
六月己巳朔，槻本村主勝麻呂賜姓曰連。仍加勤大壹位，封二十戶。
庚午，工匠、陰陽師、侍醫、大唐學生及一二宮人并三十四人，授爵位。
乙亥，選諸司人等有功二十八人，增加爵位。
戊寅，卜天皇病，祟草"
E1501,E495,P171,HAS_SUBJECT,"壬午。授外從五位下吉田連古麻呂外正五位下。
甲申。以大宰少監正六位上下道朝臣長人爲遣新羅使。爲迎遣唐判官海上三狩等也。
戊子。授命婦從四位下巨勢朝臣巨勢野正四位下。
辛夘。授"
E1502,E495,L201,AT_LOCATION,"壬午。授外從五位下吉田連古麻呂外正五位下。
甲申。以大宰少監正六位上下道朝臣長人爲遣新羅使。爲迎遣唐判官海上三狩等也。
戊子。授命婦從四位下巨勢朝臣巨勢野正四位下。
辛夘。授"
E1503,P171,L201,PARTICIPATE,"壬午。授外從五位下吉田連古麻呂外正五位下。
甲申。以大宰少監正六位上下道朝臣長人爲遣新羅使。爲迎遣唐判官海上三狩等也。
戊子。授命婦從四位下巨勢朝臣巨勢野正四位下。
辛夘。授"
E1504,E496,P278,HAS_SUBJECT,"唐國。石根大宰大貳從四位下老之子也。寳龜八年。任副使入唐。事畢而歸。海中船斷。石根及唐送使趙寳英等六十三人。同時沒死。故並有此贈也。」授正六位上大原眞人黒麻呂從五位下。
丁丑。散位從四位下佐伯宿祢三野卒。
庚辰。授外"
E1505,E496,L239,AT_LOCATION,"唐國。石根大宰大貳從四位下老之子也。寳龜八年。任副使入唐。事畢而歸。海中船斷。石根及唐送使趙寳英等六十三人。同時沒死。故並有此贈也。」授正六位上大原眞人黒麻呂從五位下。
丁丑。散位從四位下佐伯宿祢三野卒。
庚辰。授外"
E1506,P278,L239,TRAVEL,"唐國。石根大宰大貳從四位下老之子也。寳龜八年。任副使入唐。事畢而歸。海中船斷。石根及唐送使趙寳英等六十三人。同時沒死。故並有此贈也。」授正六位上大原眞人黒麻呂從五位下。
丁丑。散位從四位下佐伯宿祢三野卒。
庚辰。授外"
E1507,E497,P097,HAS_OBJECT,"唐。事畢而歸。海中船斷。石根及唐送使趙寳英等六十三人。同時沒死。故並有此贈也。」授正六位上大原眞人黒麻呂從五位下。
丁丑。散位從四位下佐伯宿祢三野卒。
庚辰。授外從五位下吉田連斐太麻呂從五位下。」從五位下藤原朝臣末茂爲左衛士員外佐。
壬午。授外從五"
E1508,E497,L025,AT_LOCATION,"唐。事畢而歸。海中船斷。石根及唐送使趙寳英等六十三人。同時沒死。故並有此贈也。」授正六位上大原眞人黒麻呂從五位下。
丁丑。散位從四位下佐伯宿祢三野卒。
庚辰。授外從五位下吉田連斐太麻呂從五位下。」從五位下藤原朝臣末茂爲左衛士員外佐。
壬午。授外從五"
E1509,E498,P070,HAS_OBJECT,"」授正六位上大原眞人黒麻呂從五位下。
丁丑。散位從四位下佐伯宿祢三野卒。
庚辰。授外從五位下吉田連斐太麻呂從五位下。」從五位下藤原朝臣末茂爲左衛士員外佐。
壬午。授外從五位下吉田連古麻呂外正五位下。
甲申。以大宰少監正六位上下道朝臣長人爲遣新羅使。爲"
E1510,E498,L025,AT_LOCATION,"」授正六位上大原眞人黒麻呂從五位下。
丁丑。散位從四位下佐伯宿祢三野卒。
庚辰。授外從五位下吉田連斐太麻呂從五位下。」從五位下藤原朝臣末茂爲左衛士員外佐。
壬午。授外從五位下吉田連古麻呂外正五位下。
甲申。以大宰少監正六位上下道朝臣長人爲遣新羅使。爲"
E1511,E499,P069,HAS_OBJECT,"外從五位下吉田連斐太麻呂從五位下。」從五位下藤原朝臣末茂爲左衛士員外佐。
壬午。授外從五位下吉田連古麻呂外正五位下。
甲申。以大宰少監正六位上下道朝臣長人爲遣新羅使。爲迎遣唐判官海上三狩等也。
戊子。授命婦從四位下巨勢朝臣巨勢野正四位下。
辛夘。授"
E1512,E499,L025,AT_LOCATION,"外從五位下吉田連斐太麻呂從五位下。」從五位下藤原朝臣末茂爲左衛士員外佐。
壬午。授外從五位下吉田連古麻呂外正五位下。
甲申。以大宰少監正六位上下道朝臣長人爲遣新羅使。爲迎遣唐判官海上三狩等也。
戊子。授命婦從四位下巨勢朝臣巨勢野正四位下。
辛夘。授"
E1513,E501,P130,HAS_OBJECT,"申。以大宰少監正六位上下道朝臣長人爲遣新羅使。爲迎遣唐判官海上三狩等也。
戊子。授命婦從四位下巨勢朝臣巨勢野正四位下。
辛夘。授"
E1514,E501,L025,AT_LOCATION,"申。以大宰少監正六位上下道朝臣長人爲遣新羅使。爲迎遣唐判官海上三狩等也。
戊子。授命婦從四位下巨勢朝臣巨勢野正四位下。
辛夘。授"
E1515,E502,L255,HAS_SUBJECT,夏代門藝統兵，徵門藝，欲殺之。門藝遂棄其眾，間道來奔，詔授左驍衛將軍。武藝尋遣使朝貢，仍上表極言門藝罪狀，請殺之。上密遣門藝往
E1516,E502,L111,HAS_OBJECT,夏代門藝統兵，徵門藝，欲殺之。門藝遂棄其眾，間道來奔，詔授左驍衛將軍。武藝尋遣使朝貢，仍上表極言門藝罪狀，請殺之。上密遣門藝往
E1517,E502,L100,AT_LOCATION,夏代門藝統兵，徵門藝，欲殺之。門藝遂棄其眾，間道來奔，詔授左驍衛將軍。武藝尋遣使朝貢，仍上表極言門藝罪狀，請殺之。上密遣門藝往
E1518,L255,L111,PARTICIPATE,夏代門藝統兵，徵門藝，欲殺之。門藝遂棄其眾，間道來奔，詔授左驍衛將軍。武藝尋遣使朝貢，仍上表極言門藝罪狀，請殺之。上密遣門藝往
E1519,L255,L100,PARTICIPATE,夏代門藝統兵，徵門藝，欲殺之。門藝遂棄其眾，間道來奔，詔授左驍衛將軍。武藝尋遣使朝貢，仍上表極言門藝罪狀，請殺之。上密遣門藝往
E1520,E503,L111,HAS_SUBJECT,"以傷乃心，我不取也。」初，師還，帝以弓服賜蓋蘇文，受之，不遣使者謝，於是下詔削棄朝貢。

又明年三月，詔左武衛大將軍牛進達為青丘道行軍大總管，右武衛將軍李海岸副之，自萊州度海；李勣為遼東道行軍大總管，右武衛將軍孫貳朗、右屯衛大將軍鄭仁泰副之，率"
E1521,E503,L336,HAS_OBJECT,"以傷乃心，我不取也。」初，師還，帝以弓服賜蓋蘇文，受之，不遣使者謝，於是下詔削棄朝貢。

又明年三月，詔左武衛大將軍牛進達為青丘道行軍大總管，右武衛將軍李海岸副之，自萊州度海；李勣為遼東道行軍大總管，右武衛將軍孫貳朗、右屯衛大將軍鄭仁泰副之，率"
E1522,E503,L335,AT_LOCATION,"以傷乃心，我不取也。」初，師還，帝以弓服賜蓋蘇文，受之，不遣使者謝，於是下詔削棄朝貢。

又明年三月，詔左武衛大將軍牛進達為青丘道行軍大總管，右武衛將軍李海岸副之，自萊州度海；李勣為遼東道行軍大總管，右武衛將軍孫貳朗、右屯衛大將軍鄭仁泰副之，率"
E1523,L111,L336,PARTICIPATE,"以傷乃心，我不取也。」初，師還，帝以弓服賜蓋蘇文，受之，不遣使者謝，於是下詔削棄朝貢。

又明年三月，詔左武衛大將軍牛進達為青丘道行軍大總管，右武衛將軍李海岸副之，自萊州度海；李勣為遼東道行軍大總管，右武衛將軍孫貳朗、右屯衛大將軍鄭仁泰副之，率"
E1524,L111,L335,PARTICIPATE,"以傷乃心，我不取也。」初，師還，帝以弓服賜蓋蘇文，受之，不遣使者謝，於是下詔削棄朝貢。

又明年三月，詔左武衛大將軍牛進達為青丘道行軍大總管，右武衛將軍李海岸副之，自萊州度海；李勣為遼東道行軍大總管，右武衛將軍孫貳朗、右屯衛大將軍鄭仁泰副之，率"
E1525,E504,G043,HAS_SUBJECT,暴雨疾風、沈石不禁。未初、風変打破舟、。云々。其明経請益大学助豊村家永、遂波没、不知所著。沈溺之徒、不可勝計
E1526,E504,L329,AT_LOCATION,暴雨疾風、沈石不禁。未初、風変打破舟、。云々。其明経請益大学助豊村家永、遂波没、不知所著。沈溺之徒、不可勝計
E1527,G043,L329,TRAVEL,暴雨疾風、沈石不禁。未初、風変打破舟、。云々。其明経請益大学助豊村家永、遂波没、不知所著。沈溺之徒、不可勝計
E1528,E505,P249,HAS_SUBJECT,乙巳。葛野麻呂上表曰。云々。
E1529,E506,L175,HAS_SUBJECT,摂津国俘囚勲六等吉弥侯部子成等男女八人、陸奥国勲六等吉弥侯部押人等男女八人、賜姓雄谷。
E1530,E506,P302,HAS_OBJECT,摂津国俘囚勲六等吉弥侯部子成等男女八人、陸奥国勲六等吉弥侯部押人等男女八人、賜姓雄谷。
E1531,L175,P302,PARTICIPATE,摂津国俘囚勲六等吉弥侯部子成等男女八人、陸奥国勲六等吉弥侯部押人等男女八人、賜姓雄谷。
E1532,E507,P283,HAS_SUBJECT,乙丑。賜遣唐大使已下水手已上物有差。
E1533,E508,P106,HAS_SUBJECT,故賜務大肆，并絁五匹、綿十一屯、布三十端、稻一千束、水田四町。
E1534,E508,P062,HAS_OBJECT,故賜務大肆，并絁五匹、綿十一屯、布三十端、稻一千束、水田四町。
E1535,P106,P062,PARTICIPATE,故賜務大肆，并絁五匹、綿十一屯、布三十端、稻一千束、水田四町。
E1536,E509,P255,HAS_SUBJECT,壬申。借遣唐使位。大使從四位上藤原朝臣常嗣正二位。副使從五位上小野朝臣篁正四位上。
E1537,E510,P048,HAS_SUBJECT,留唐十年，客長安六載
E1538,E510,L320,AT_LOCATION,留唐十年，客長安六載
E1539,P048,L320,TRAVEL,留唐十年，客長安六載
E1540,E512,P048,HAS_SUBJECT,入唐新求聖教目錄中記圓仁齎歸書，有唐人詩文集多種
E1541,E512,C010,HAS_OBJECT,入唐新求聖教目錄中記圓仁齎歸書，有唐人詩文集多種
E1542,P048,C010,INTRODUCE,入唐新求聖教目錄中記圓仁齎歸書，有唐人詩文集多種
E1543,E513,G042,HAS_SUBJECT,辛巳。恐遣唐使舶風涛或變漂着新羅境。所以太政官准舊例。牒彼國執事省。
E1544,E514,P048,HAS_SUBJECT,齋後望西北行卅里到蓬萊縣管內望仙鄉王庭村寺宿
E1545,E514,L292,AT_LOCATION,齋後望西北行卅里到蓬萊縣管內望仙鄉王庭村寺宿
E1546,P048,L292,TRAVEL,齋後望西北行卅里到蓬萊縣管內望仙鄉王庭村寺宿
E1547,E515,P048,HAS_SUBJECT,行廿里到登州入開元寺宿
E1548,E515,L263,AT_LOCATION,行廿里到登州入開元寺宿
E1549,E516,L241,HAS_SUBJECT,沙門道久、筑紫君薩野馬、韓嶋勝娑婆、布師首磐四人從唐來
E1550,E517,P048,HAS_SUBJECT,廿二日過潼關。是國城之咽喉也。
E1551,E517,L258,AT_LOCATION,廿二日過潼關。是國城之咽喉也。
E1552,P048,L258,TRAVEL,廿二日過潼關。是國城之咽喉也。
E1553,E518,P175,HAS_SUBJECT,自此累遷遣唐准録事。
E1554,E519,P128,HAS_SUBJECT,秋九月、小野臣妹子等至自大唐、唯通事福利不來。
E1555,E520,P011,HAS_SUBJECT,任造舶使。以正五位下丹・眞人貞成爲長官。
E1556,E521,P216,HAS_SUBJECT,且以左中弁從四位下笠朝臣仲守。右少弁從五位下伴宿祢成益。並爲遣唐裝束司。
E1557,E523,P106,HAS_SUBJECT,今案。大唐玄宗開元十年。撰御註孝經
E1558,E523,C017,HAS_OBJECT,今案。大唐玄宗開元十年。撰御註孝經
E1559,P106,C017,INTRODUCE,今案。大唐玄宗開元十年。撰御註孝經
E1560,E524,P020,HAS_SUBJECT,以右虎賁衛督從四位下仲眞人石伴爲遣唐大使。上総守從五位上石上朝臣宅嗣爲副使。
E1561,E525,P266,HAS_SUBJECT,辛亥。送唐客使
E1562,E526,P172,HAS_SUBJECT,故唐長安中，遣其大臣真人來貢，皆讀經史，善屬文。
E1563,E526,L320,AT_LOCATION,故唐長安中，遣其大臣真人來貢，皆讀經史，善屬文。
E1564,P172,L320,TRAVEL,故唐長安中，遣其大臣真人來貢，皆讀經史，善屬文。
E1565,E527,P299,HAS_SUBJECT,開元中，有朝衡者，隸太學，應舉，仕至補闕。求歸國，授撿校秘書監，放還。
E1566,E527,L320,AT_LOCATION,開元中，有朝衡者，隸太學，應舉，仕至補闕。求歸國，授撿校秘書監，放還。
E1567,P299,L320,PARTICIPATE,開元中，有朝衡者，隸太學，應舉，仕至補闕。求歸國，授撿校秘書監，放還。
E1568,E528,P295,HAS_SUBJECT,錢俶置書於其國主，奉黄金五百兩，求寫其本，盡得之。
E1569,E528,L146,HAS_OBJECT,錢俶置書於其國主，奉黄金五百兩，求寫其本，盡得之。
E1570,P295,L146,INTRODUCE,錢俶置書於其國主，奉黄金五百兩，求寫其本，盡得之。
E1571,E529,P125,HAS_SUBJECT,理舶使長官。筑前權守從五位下小野朝臣末嗣。遣唐判官從五位下長岑宿祢高名並爲次官。
E1572,E530,L117,HAS_SUBJECT,以從四位下多治比眞人縣守爲遣唐押使。從五位上阿倍朝臣安麻呂爲大使。正六位下藤原朝臣馬養爲副使。
E1573,E531,L119,HAS_SUBJECT,以從五位下大伴宿祢山守。代爲遣唐大使。
E1574,E532,P286,HAS_SUBJECT,唐國使人郭務悰等六百人，送使沙宅孫登等一千四百人，總合二千人，乘船四十七隻，俱泊於比知嶋。
E1575,E532,P186,AT_LOCATION,唐國使人郭務悰等六百人，送使沙宅孫登等一千四百人，總合二千人，乘船四十七隻，俱泊於比知嶋。
E1576,P286,P186,TRAVEL,唐國使人郭務悰等六百人，送使沙宅孫登等一千四百人，總合二千人，乘船四十七隻，俱泊於比知嶋。
E1577,E534,P048,HAS_SUBJECT,日本古代旅行中國之外交官、留學僧侶、學生，人數雖多，面留有重要記錄者為唐時智澄大師之「行曆鈔」
E1578,E535,L132,HAS_SUBJECT,資財、蕃客、遣唐使留置返上等四箇帳
E1579,E536,P055,HAS_SUBJECT,七月二十八日、至于對馬。九月二十日、至于筑紫。二十二日、進表函焉。
E1580,E536,P124,AT_LOCATION,七月二十八日、至于對馬。九月二十日、至于筑紫。二十二日、進表函焉。
E1581,P055,P124,TRAVEL,七月二十八日、至于對馬。九月二十日、至于筑紫。二十二日、進表函焉。
E1582,E537,P115,HAS_SUBJECT,是歲、遣小錦守君大石等於大唐
E1583,E538,P048,HAS_SUBJECT,昔者慈覺大師入唐求法之日。巡礼臺山之時。
E1584,E539,P048,HAS_SUBJECT,巡礼臺山之時
E1585,E539,L021,AT_LOCATION,巡礼臺山之時
E1586,P048,L021,TRAVEL,巡礼臺山之時
E1587,E540,P048,HAS_SUBJECT,胎藏金剛兩部曼茶羅、諸尊壇樣、高僧真影及舍利二十一種，經論章疏等一百二十八部，一百九十八卷。
E1588,E540,G030,HAS_OBJECT,胎藏金剛兩部曼茶羅、諸尊壇樣、高僧真影及舍利二十一種，經論章疏等一百二十八部，一百九十八卷。
E1589,P048,G030,INTRODUCE,胎藏金剛兩部曼茶羅、諸尊壇樣、高僧真影及舍利二十一種，經論章疏等一百二十八部，一百九十八卷。
E1590,E541,P048,HAS_SUBJECT,四月十八日抵登州牟平縣海岸
E1591,E541,L265,AT_LOCATION,四月十八日抵登州牟平縣海岸
E1592,P048,L265,TRAVEL,四月十八日抵登州牟平縣海岸
E1593,E542,P048,HAS_SUBJECT,日本國承和五年十三日隨朝貢使乘船離本國界大唐開成三年七月二日到揚州海陵縣白湖鎮
E1594,E542,L173,AT_LOCATION,日本國承和五年十三日隨朝貢使乘船離本國界大唐開成三年七月二日到揚州海陵縣白湖鎮
E1595,P048,L173,TRAVEL,日本國承和五年十三日隨朝貢使乘船離本國界大唐開成三年七月二日到揚州海陵縣白湖鎮
E1596,E543,P296,HAS_SUBJECT,大和上住此一春，發向韶州...至韶州禪居寺
E1597,E543,L332,AT_LOCATION,大和上住此一春，發向韶州...至韶州禪居寺
E1598,P296,L332,TRAVEL,大和上住此一春，發向韶州...至韶州禪居寺
E1599,E545,P168,HAS_SUBJECT,㝡澄和尚。貞元廿一年。入天台。
E1600,E545,L143,AT_LOCATION,㝡澄和尚。貞元廿一年。入天台。
E1601,P168,L143,TRAVEL,㝡澄和尚。貞元廿一年。入天台。
E1602,E546,P168,HAS_SUBJECT,後歸本國。深喜得達。所將天台教法。
E1603,E546,L145,HAS_OBJECT,後歸本國。深喜得達。所將天台教法。
E1604,P168,L145,INTRODUCE,後歸本國。深喜得達。所將天台教法。
E1605,E547,P242,HAS_SUBJECT,承和之初。清上從聘唐使。入於大唐。歸朝之日。舶遭造風。漂墮南海賊地。爲賊所殺。
E1606,E547,L067,AT_LOCATION,承和之初。清上從聘唐使。入於大唐。歸朝之日。舶遭造風。漂墮南海賊地。爲賊所殺。
E1607,P242,L067,TRAVEL,承和之初。清上從聘唐使。入於大唐。歸朝之日。舶遭造風。漂墮南海賊地。爲賊所殺。
E1608,E548,P092,HAS_SUBJECT,十一月丁丑。入唐大使從四位上多治比眞人廣成等來著多祢嶋。
E1609,E548,P093,AT_LOCATION,十一月丁丑。入唐大使從四位上多治比眞人廣成等來著多祢嶋。
E1610,P092,P093,TRAVEL,十一月丁丑。入唐大使從四位上多治比眞人廣成等來著多祢嶋。
E1611,E549,P232,HAS_SUBJECT,寳龜十一年。遣唐使録事故從五位下行内藥正羽栗臣翼貢寳應五紀暦經云。大唐今停大衍暦。唯用此經。
E1612,E549,C002,HAS_OBJECT,寳龜十一年。遣唐使録事故從五位下行内藥正羽栗臣翼貢寳應五紀暦經云。大唐今停大衍暦。唯用此經。
E1613,P232,C002,INTRODUCE,寳龜十一年。遣唐使録事故從五位下行内藥正羽栗臣翼貢寳應五紀暦經云。大唐今停大衍暦。唯用此經。
E1614,E550,P205,HAS_SUBJECT,貞觀元年。渤海國大使烏孝愼新貢長慶宣明暦經云。是大唐新用經也。
E1615,E550,C038,HAS_OBJECT,貞觀元年。渤海國大使烏孝愼新貢長慶宣明暦經云。是大唐新用經也。
E1616,P205,C038,INTRODUCE,貞觀元年。渤海國大使烏孝愼新貢長慶宣明暦經云。是大唐新用經也。
E1617,E551,P048,HAS_SUBJECT,從五臺往長安。向西南行。二千餘里。得到長安也。
E1618,E551,L320,AT_LOCATION,從五臺往長安。向西南行。二千餘里。得到長安也。
E1619,E552,P230,HAS_SUBJECT,父吉麻呂、霊亀二年、以学生阿倍朝臣中麻呂■ｹﾝ人入唐、娶唐女生翼及翔。
E1620,E553,P231,HAS_SUBJECT,翼年十六、天平六年、随父帰国。
E1621,E554,P240,HAS_SUBJECT,嘗大判事興原敏久。明法博士額田今人等。抄出刑法難義數十事。欲遣問大唐。永直聞之。自請詳解其義。累年疑滯。一時氷釋。遣唐之問。因斯止矣。
E1622,E557,P254,HAS_SUBJECT,以大仁犬上君三田耜、大仁藥師惠日，遣於大唐。
E1623,E558,P102,HAS_SUBJECT,先是、曆博士大春日朝臣真野麻呂上請：「以開元大衍曆經造曆年久，而今檢大唐開成四年大中三年兩年曆...依五紀暦經造之。」
E1624,E558,C002,HAS_OBJECT,先是、曆博士大春日朝臣真野麻呂上請：「以開元大衍曆經造曆年久，而今檢大唐開成四年大中三年兩年曆...依五紀暦經造之。」
E1625,P102,C002,INTRODUCE,先是、曆博士大春日朝臣真野麻呂上請：「以開元大衍曆經造曆年久，而今檢大唐開成四年大中三年兩年曆...依五紀暦經造之。」
E1626,E559,P317,HAS_SUBJECT,壬申。遣唐判官正六位上高階眞人遠成従従五位上。遠成、率爾奉使、不遑治行。其意可矜。故復命之日特授焉。
E1627,E560,P296,HAS_SUBJECT,初寶龜中，大唐和尚鑑真，買得此地，施入寺家。
E1628,E560,L169,AT_LOCATION,初寶龜中，大唐和尚鑑真，買得此地，施入寺家。
E1629,P296,L169,TRAVEL,初寶龜中，大唐和尚鑑真，買得此地，施入寺家。
E1630,E561,L321,HAS_SUBJECT,長安千福寺天台宗惠雲。禪門宗學人僧弘鑒...竝閑々無繫。雲遊山水。從此五峯下游楚泗。今到此郡。
E1631,E561,L170,AT_LOCATION,長安千福寺天台宗惠雲。禪門宗學人僧弘鑒...竝閑々無繫。雲遊山水。從此五峯下游楚泗。今到此郡。
E1632,L321,L170,TRAVEL,長安千福寺天台宗惠雲。禪門宗學人僧弘鑒...竝閑々無繫。雲遊山水。從此五峯下游楚泗。今到此郡。
E1633,E562,P172,HAS_SUBJECT,長安三年，其大臣朝臣真人來貢方物
E1634,E562,L320,AT_LOCATION,長安三年，其大臣朝臣真人來貢方物
E1635,P172,L320,PARTICIPATE,長安三年，其大臣朝臣真人來貢方物
E1636,E563,P052,HAS_SUBJECT,則天宴之於麟德殿，授司膳卿，放還本國。
E1637,E563,P172,HAS_OBJECT,則天宴之於麟德殿，授司膳卿，放還本國。
E1638,E563,L338,AT_LOCATION,則天宴之於麟德殿，授司膳卿，放還本國。
E1639,P052,P172,PARTICIPATE,則天宴之於麟德殿，授司膳卿，放還本國。
E1640,P052,L338,PARTICIPATE,則天宴之於麟德殿，授司膳卿，放還本國。
E1641,E564,L216,HAS_SUBJECT,開元初，又遣使來朝，因請儒士授經。詔四門助教趙玄默就鴻臚寺教之
E1642,E564,P264,HAS_OBJECT,開元初，又遣使來朝，因請儒士授經。詔四門助教趙玄默就鴻臚寺教之
E1643,E564,L337,AT_LOCATION,開元初，又遣使來朝，因請儒士授經。詔四門助教趙玄默就鴻臚寺教之
E1644,L216,P264,LEARN,開元初，又遣使來朝，因請儒士授經。詔四門助教趙玄默就鴻臚寺教之
E1645,L216,L337,LEARN,開元初，又遣使來朝，因請儒士授經。詔四門助教趙玄默就鴻臚寺教之
E1646,E565,P048,HAS_SUBJECT,還學僧圓仁。沙彌惟正惟曉。水手丁雄滿...右請往台州國清寺尋師。
E1647,E565,L079,AT_LOCATION,還學僧圓仁。沙彌惟正惟曉。水手丁雄滿...右請往台州國清寺尋師。
E1648,P048,L079,TRAVEL,還學僧圓仁。沙彌惟正惟曉。水手丁雄滿...右請往台州國清寺尋師。
E1649,E566,P173,HAS_SUBJECT,長安元年，其王文武立，改元曰太寶，遣朝臣真人粟田貢方物。
E1650,E566,L320,AT_LOCATION,長安元年，其王文武立，改元曰太寶，遣朝臣真人粟田貢方物。
E1651,P173,L320,PARTICIPATE,長安元年，其王文武立，改元曰太寶，遣朝臣真人粟田貢方物。
E1652,E568,P208,HAS_SUBJECT,依五紀暦經造之。望也依件經術將造進。
E1653,E568,C002,HAS_OBJECT,依五紀暦經造之。望也依件經術將造進。
E1654,P208,C002,INTRODUCE,依五紀暦經造之。望也依件經術將造進。
E1655,E569,P286,HAS_SUBJECT,在百濟國大唐行軍總管使人朝散大夫郭務悰等至
E1656,E570,P106,HAS_SUBJECT,大臣命常嗣朝臣云。今勅〈久〉。汝銜國命。遠渉滄海。毎聞險難。憐愍殊深。仍賜纒頭物。即稱唯。賜御被。
E1657,E570,P255,HAS_OBJECT,大臣命常嗣朝臣云。今勅〈久〉。汝銜國命。遠渉滄海。毎聞險難。憐愍殊深。仍賜纒頭物。即稱唯。賜御被。
E1658,P106,P255,PARTICIPATE,大臣命常嗣朝臣云。今勅〈久〉。汝銜國命。遠渉滄海。毎聞險難。憐愍殊深。仍賜纒頭物。即稱唯。賜御被。
E1659,E571,P048,HAS_SUBJECT,始得遂瞻禮五台，遊學長安之宿願。
E1660,E571,L017,AT_LOCATION,始得遂瞻禮五台，遊學長安之宿願。
E1661,P048,L017,TRAVEL,始得遂瞻禮五台，遊學長安之宿願。
E1662,E572,P048,HAS_SUBJECT,博多，時日本承和十四年也。太政官檄太宰府迎仁入京
E1663,E572,P061,AT_LOCATION,博多，時日本承和十四年也。太政官檄太宰府迎仁入京
E1664,P048,P061,TRAVEL,博多，時日本承和十四年也。太政官檄太宰府迎仁入京
E1665,E573,P131,HAS_SUBJECT,八月辛巳。入唐副使從五位下巨勢朝臣邑治等進位有差。
E1666,E574,P055,HAS_SUBJECT,唐國遣朝散大夫沂州司馬上柱國劉德高等。...七月二十八日、至于對馬。九月二十日、至于筑紫。
E1667,E574,P124,AT_LOCATION,唐國遣朝散大夫沂州司馬上柱國劉德高等。...七月二十八日、至于對馬。九月二十日、至于筑紫。
E1668,E575,P182,HAS_SUBJECT,桓武天皇朝屢有遣唐使，如弘法、傳教，皆隨國使入唐
E1669,E576,P213,HAS_SUBJECT,如弘法、傳教，皆隨國使入唐
E1670,E577,P305,HAS_SUBJECT,頭陀僧義圓。見雇博士。自出帔子一領。畫五臺山化現圖。擬付傳日本國。
E1671,E577,L022,HAS_OBJECT,頭陀僧義圓。見雇博士。自出帔子一領。畫五臺山化現圖。擬付傳日本國。
E1672,E577,L021,AT_LOCATION,頭陀僧義圓。見雇博士。自出帔子一領。畫五臺山化現圖。擬付傳日本國。
E1673,P305,L022,INTRODUCE,頭陀僧義圓。見雇博士。自出帔子一領。畫五臺山化現圖。擬付傳日本國。
E1674,P305,L021,INTRODUCE,頭陀僧義圓。見雇博士。自出帔子一領。畫五臺山化現圖。擬付傳日本國。
E1675,E579,P048,HAS_SUBJECT,頭陁云。喜遇日本國三藏。同巡臺。同見大聖化現。今畫化現圖一鋪奉上。請將歸日本供養。
E1676,E579,L022,HAS_OBJECT,頭陁云。喜遇日本國三藏。同巡臺。同見大聖化現。今畫化現圖一鋪奉上。請將歸日本供養。
E1677,E579,L021,AT_LOCATION,頭陁云。喜遇日本國三藏。同巡臺。同見大聖化現。今畫化現圖一鋪奉上。請將歸日本供養。
E1678,P048,L022,INTRODUCE,頭陁云。喜遇日本國三藏。同巡臺。同見大聖化現。今畫化現圖一鋪奉上。請將歸日本供養。
E1679,P048,L021,INTRODUCE,頭陁云。喜遇日本國三藏。同巡臺。同見大聖化現。今畫化現圖一鋪奉上。請將歸日本供養。
E1680,E580,G010,HAS_SUBJECT,遣使尋訪入唐第一船。其消息云。第一船擧帆指奄美嶋發去。未知其着處。
E1681,E580,P109,AT_LOCATION,遣使尋訪入唐第一船。其消息云。第一船擧帆指奄美嶋發去。未知其着處。
E1682,G010,P109,TRAVEL,遣使尋訪入唐第一船。其消息云。第一船擧帆指奄美嶋發去。未知其着處。
E1683,E581,P106,HAS_SUBJECT,丙午。遣使奉唐國信物於山科陵。
E1684,E581,L106,HAS_OBJECT,丙午。遣使奉唐國信物於山科陵。
E1685,E581,L156,AT_LOCATION,丙午。遣使奉唐國信物於山科陵。
E1686,P106,L106,PARTICIPATE,丙午。遣使奉唐國信物於山科陵。
E1687,P106,L156,PARTICIPATE,丙午。遣使奉唐國信物於山科陵。
E1688,E582,P147,HAS_SUBJECT,後遣沙門惠萼泛海入唐，以繡文袈裟，奉施定聖者僧伽和上康僧等以寶幡及鏡奩之具，施入五臺山寺。
E1689,E582,C035,HAS_OBJECT,後遣沙門惠萼泛海入唐，以繡文袈裟，奉施定聖者僧伽和上康僧等以寶幡及鏡奩之具，施入五臺山寺。
E1690,E582,L087,AT_LOCATION,後遣沙門惠萼泛海入唐，以繡文袈裟，奉施定聖者僧伽和上康僧等以寶幡及鏡奩之具，施入五臺山寺。
E1691,P147,C035,PARTICIPATE,後遣沙門惠萼泛海入唐，以繡文袈裟，奉施定聖者僧伽和上康僧等以寶幡及鏡奩之具，施入五臺山寺。
E1692,P147,L087,PARTICIPATE,後遣沙門惠萼泛海入唐，以繡文袈裟，奉施定聖者僧伽和上康僧等以寶幡及鏡奩之具，施入五臺山寺。
E1693,E583,P205,HAS_SUBJECT,請停舊用新。欽若天歩。詔從之。
E1694,E583,C038,HAS_OBJECT,請停舊用新。欽若天歩。詔從之。
E1695,E584,P073,HAS_SUBJECT,其歸國也，唐僧栖白贈以詩云：家山臨晚日，海路信歸橈...（見全唐詩）
E1696,E584,P048,HAS_OBJECT,其歸國也，唐僧栖白贈以詩云：家山臨晚日，海路信歸橈...（見全唐詩）
E1697,P073,P048,PARTICIPATE,其歸國也，唐僧栖白贈以詩云：家山臨晚日，海路信歸橈...（見全唐詩）
E1698,E585,P141,HAS_SUBJECT,張大使。從去年冬造船。至今年二月功畢。專擬載圓仁等。發送歸國。
E1699,E585,P048,HAS_OBJECT,張大使。從去年冬造船。至今年二月功畢。專擬載圓仁等。發送歸國。
E1700,P141,P048,TRAVEL,張大使。從去年冬造船。至今年二月功畢。專擬載圓仁等。發送歸國。
E1701,E586,P048,HAS_SUBJECT,因此海上人得將來。其勑文見在。
E1702,E587,L125,HAS_SUBJECT,大唐商人李延孝等六十三人。
E1703,E587,L132,AT_LOCATION,大唐商人李延孝等六十三人。
E1704,L125,L132,TRAVEL,大唐商人李延孝等六十三人。
E1705,E588,P048,HAS_SUBJECT,請益僧。為早到本國。遂果近年所發諸願。令卜部祈禱神等。...以祈平歸本國。
E1706,E590,P128,HAS_SUBJECT,九月、小野臣妹子等至自大唐、唯通事福利不來。
E1707,E591,P242,HAS_SUBJECT,河内國人遣唐音聲長外從五位下良枝宿祢清上。遣唐畫師雅樂答笙師同姓朝生。
E1708,E592,P213,HAS_SUBJECT,延暦廿三年入唐留學。遇青龍寺惠果和尚。禀學眞言。
E1709,E593,P213,HAS_SUBJECT,遇青龍寺惠果和尚。禀學眞言。其宗旨義味莫不該通。
E1710,E593,P148,HAS_OBJECT,遇青龍寺惠果和尚。禀學眞言。其宗旨義味莫不該通。
E1711,E593,L331,AT_LOCATION,遇青龍寺惠果和尚。禀學眞言。其宗旨義味莫不該通。
E1712,P213,P148,LEARN,遇青龍寺惠果和尚。禀學眞言。其宗旨義味莫不該通。
E1713,E594,P213,HAS_SUBJECT,歸來本朝。啓秘密之門。
E1714,E595,L295,HAS_SUBJECT,故入唐大使贈正二位藤原朝臣清河野八十町
E1715,E596,L132,HAS_SUBJECT,昔唐制。丁男中男給田一頃。殘疾癈疾册畝。寡妻妾卅畝。差降之法誠非無故。
E1716,E596,P074,HAS_OBJECT,昔唐制。丁男中男給田一頃。殘疾癈疾册畝。寡妻妾卅畝。差降之法誠非無故。
E1717,L132,P074,INTRODUCE,昔唐制。丁男中男給田一頃。殘疾癈疾册畝。寡妻妾卅畝。差降之法誠非無故。
E1718,E597,P220,HAS_SUBJECT,己夘。入唐使粟田朝臣眞人授節刀。
E1719,E598,P133,HAS_SUBJECT,辛亥。送唐客使從五位下布勢朝臣清直等自唐國至。進使節刀。
E1720,E599,L117,HAS_SUBJECT,己酉。遣唐押使從四位下多治比眞人縣守賜節刀。
E1721,E601,P048,HAS_SUBJECT,日本國求法僧圓仁等謹疏...求法得遂。過海無難。平善得達。
E1722,E601,L021,AT_LOCATION,日本國求法僧圓仁等謹疏...求法得遂。過海無難。平善得達。
E1723,E602,L104,HAS_SUBJECT,唐人外従五位下嵩山忌寸道光...遠辞本蕃、帰投国家
E1724,E603,P085,HAS_SUBJECT,大宰府傳進入唐留學僧圓載上表。
E1725,E604,P134,HAS_SUBJECT,三論留學僧常曉。住彼寺。於琛法師房。受真言法。擬畫兩部曼荼羅。
E1726,E604,C024,HAS_OBJECT,三論留學僧常曉。住彼寺。於琛法師房。受真言法。擬畫兩部曼荼羅。
E1727,E604,L235,AT_LOCATION,三論留學僧常曉。住彼寺。於琛法師房。受真言法。擬畫兩部曼荼羅。
E1728,P134,C024,LEARN,三論留學僧常曉。住彼寺。於琛法師房。受真言法。擬畫兩部曼荼羅。
E1729,P134,L235,LEARN,三論留學僧常曉。住彼寺。於琛法師房。受真言法。擬畫兩部曼荼羅。
E1730,E605,P152,HAS_SUBJECT,庚辰。入唐求法僧慧雲献孔雀一。鸚鵡三。狗三。
E1731,E605,P113,HAS_OBJECT,庚辰。入唐求法僧慧雲献孔雀一。鸚鵡三。狗三。
E1732,P152,P113,INTRODUCE,庚辰。入唐求法僧慧雲献孔雀一。鸚鵡三。狗三。
E1733,E606,P007,HAS_SUBJECT,延暦年中、任遣唐使録事、若有訳語語所不通、以文言伝之、唐人得意也。
E1734,E607,P272,HAS_SUBJECT,戊寅。遣唐使於八省院朝拜。天皇不御。例也。
E1735,E607,L061,AT_LOCATION,戊寅。遣唐使於八省院朝拜。天皇不御。例也。
E1736,P272,L061,PARTICIPATE,戊寅。遣唐使於八省院朝拜。天皇不御。例也。
E1737,E608,P198,HAS_SUBJECT,寳龜年中。遣唐判官。
E1738,E609,P193,HAS_SUBJECT,遣犬上君御田鍬、矢田部造於大唐。
E1739,E610,P193,HAS_SUBJECT,秋九月、犬上君御田鍬、矢田部造至自大唐。
E1740,E612,P313,HAS_SUBJECT,二月、遣大唐押使大錦上高向史玄理。
E1741,E613,P023,HAS_SUBJECT,攝津国住吉郡住吉大神奉授從一位。以遣唐使祈也。
E1742,E613,L176,AT_LOCATION,攝津国住吉郡住吉大神奉授從一位。以遣唐使祈也。
E1743,P023,L176,PARTICIPATE,攝津国住吉郡住吉大神奉授從一位。以遣唐使祈也。
E1744,E614,P155,HAS_SUBJECT,弟兄初齎甘子從唐國來。虫麻呂先殖其種結子。故有此授焉。
E1745,E614,P199,HAS_OBJECT,弟兄初齎甘子從唐國來。虫麻呂先殖其種結子。故有此授焉。
E1746,P155,P199,INTRODUCE,弟兄初齎甘子從唐國來。虫麻呂先殖其種結子。故有此授焉。
E1747,E615,P009,HAS_SUBJECT,八月庚午。入唐副使從五位上中臣朝臣名代等。率唐人三人波斯人一人拜朝。
E1748,E616,P038,HAS_SUBJECT,十一月戊寅。天皇臨朝。詔授入唐副使
E1749,E617,P316,HAS_SUBJECT,大唐客高表仁等歸國。送使吉士雄摩呂、黑麻呂等，到對馬而還之。
E1750,E618,P086,HAS_SUBJECT,癸亥。入唐留學天台宗僧圓載之弟子仁好。順昌。与新羅人張公靖等廿六人。來着於長門國。
E1751,E618,L325,AT_LOCATION,癸亥。入唐留學天台宗僧圓載之弟子仁好。順昌。与新羅人張公靖等廿六人。來着於長門國。
E1752,P086,L325,TRAVEL,癸亥。入唐留學天台宗僧圓載之弟子仁好。順昌。与新羅人張公靖等廿六人。來着於長門國。
E1753,E619,P221,HAS_SUBJECT,甲寅。授入唐留學生无位粟田朝臣飽田麻呂正六位上。
E1754,E620,P092,HAS_SUBJECT,天平六年。遣唐使正三位行中納言兼皇太子傅式部卿多治比眞人廣成入唐之日。改作丹。
E1755,E621,P272,HAS_SUBJECT,二月戊子。遣唐使拜天神地祇於春日山下。去年風波不調。不得渡海。使人亦復頻以相替。至是副使小野朝臣石根重脩祭祀也。
E1756,E621,L224,AT_LOCATION,二月戊子。遣唐使拜天神地祇於春日山下。去年風波不調。不得渡海。使人亦復頻以相替。至是副使小野朝臣石根重脩祭祀也。
E1757,P272,L224,PARTICIPATE,二月戊子。遣唐使拜天神地祇於春日山下。去年風波不調。不得渡海。使人亦復頻以相替。至是副使小野朝臣石根重脩祭祀也。
E1758,E623,P272,HAS_SUBJECT,去年風波不調。不得渡海。
E1759,E624,L268,HAS_SUBJECT,延暦年中入唐副使。石川朝臣道益。明州身已亡。今有勅敘四品位。付此使送贈賜彼隴前。
E1760,E624,L222,AT_LOCATION,延暦年中入唐副使。石川朝臣道益。明州身已亡。今有勅敘四品位。付此使送贈賜彼隴前。
E1761,L268,L222,PARTICIPATE,延暦年中入唐副使。石川朝臣道益。明州身已亡。今有勅敘四品位。付此使送贈賜彼隴前。
E1762,E625,P298,HAS_SUBJECT,靈龜二年。入唐請益。凝滯之處。多有發明。
E1763,E626,P196,HAS_SUBJECT,乙亥。唐人正六位上王希逸賜姓江田忌寸。
E1764,E627,P257,HAS_SUBJECT,遣唐副使從五位上石上朝臣宅嗣罷。以左虎賁衛督從五位上藤原朝臣田麻呂爲副使。
E1765,E628,L122,HAS_SUBJECT,二月丁丑朔庚辰，大唐人、百濟人、高麗人并百四十七人賜爵位。
E1766,E629,L117,HAS_SUBJECT,庚辰。大宰府言。遣唐使從四位下多治比眞人縣守來歸。
E1767,E630,P008,HAS_SUBJECT,辛亥。入唐留學生從八位下下道朝臣眞備獻唐禮一百卅卷。太衍暦經一卷太衍暦立成十二卷。測影鐵尺一枚。銅律管一部...樂書要録十卷。
E1768,E630,C015,HAS_OBJECT,辛亥。入唐留學生從八位下下道朝臣眞備獻唐禮一百卅卷。太衍暦經一卷太衍暦立成十二卷。測影鐵尺一枚。銅律管一部...樂書要録十卷。
E1769,P008,C015,INTRODUCE,辛亥。入唐留學生從八位下下道朝臣眞備獻唐禮一百卅卷。太衍暦經一卷太衍暦立成十二卷。測影鐵尺一枚。銅律管一部...樂書要録十卷。
E1770,E631,P286,HAS_SUBJECT,復上送大唐大使郭務悰爲御近江大津宮天皇所造阿彌陀像。
E1771,E631,C039,HAS_OBJECT,復上送大唐大使郭務悰爲御近江大津宮天皇所造阿彌陀像。
E1772,P286,C039,TRAVEL,復上送大唐大使郭務悰爲御近江大津宮天皇所造阿彌陀像。
E1773,E632,P127,HAS_SUBJECT,承和元年，為聘唐副使。
E1774,E634,P255,HAS_SUBJECT,五年春，聘唐使等四舶，次第泛海。而大使藤原常嗣所駕第一舶，水漏穿缺。有詔以副使第二舶，改為大使第一舶。
E1775,E635,L250,HAS_SUBJECT,丁卯。授唐人正六位上清河忌寸斯麻呂外從五位下。
E1776,E636,P164,HAS_SUBJECT,沙門智通、智達奉敕乘新羅船往大唐國，受無性眾生義於玄奘法師所。
E1777,E636,P195,HAS_OBJECT,沙門智通、智達奉敕乘新羅船往大唐國，受無性眾生義於玄奘法師所。
E1778,P164,P195,TRAVEL,沙門智通、智達奉敕乘新羅船往大唐國，受無性眾生義於玄奘法師所。
E1779,E637,P079,HAS_SUBJECT,法師、入唐學問道慈大徳之入室也。
E1780,E637,P269,HAS_OBJECT,法師、入唐學問道慈大徳之入室也。
E1781,P079,P269,TRAVEL,法師、入唐學問道慈大徳之入室也。
E1782,E638,P079,HAS_SUBJECT,入唐學問道慈大徳之入室也。
E1783,E638,P269,HAS_OBJECT,入唐學問道慈大徳之入室也。
E1784,P079,P269,LEARN,入唐學問道慈大徳之入室也。
E1785,E639,P272,HAS_SUBJECT,乙丑。賜遣唐使彩帛、各有差。
E1786,E639,P142,HAS_OBJECT,乙丑。賜遣唐使彩帛、各有差。
E1787,P272,P142,PARTICIPATE,乙丑。賜遣唐使彩帛、各有差。
E1788,E640,P272,HAS_SUBJECT,己巳。遣唐使等、於朝堂院、拝朝。
E1789,E640,L229,AT_LOCATION,己巳。遣唐使等、於朝堂院、拝朝。
E1790,P272,L229,PARTICIPATE,己巳。遣唐使等、於朝堂院、拝朝。
E1791,E641,P250,HAS_SUBJECT,庚辰。遣唐大使葛野麻呂、副使石川道益賜餞。宴設之事、一依漢法。
E1792,E642,P127,HAS_SUBJECT,從五位上小野朝臣篁爲備前權守。遣唐副使彈正少弼如故。
E1793,E643,P155,HAS_SUBJECT,弟兄初齎甘子從唐國來。虫麻呂先殖其種結子。
E1794,E643,P199,HAS_OBJECT,弟兄初齎甘子從唐國來。虫麻呂先殖其種結子。
E1795,E645,P262,HAS_SUBJECT,明年聘礼既畢。解纜歸。臨別劉二郎設祖筵。贈紫檀紫藤琵琶各一面。是歳。大唐大中元年。本朝承和六年也。
E1796,E646,P262,HAS_SUBJECT,劉二郎贈譜數十卷...劉娘尤善琴箏。貞敏習得新聲數曲。
E1797,E646,P054,HAS_OBJECT,劉二郎贈譜數十卷...劉娘尤善琴箏。貞敏習得新聲數曲。
E1798,P262,P054,LEARN,劉二郎贈譜數十卷...劉娘尤善琴箏。貞敏習得新聲數曲。
E1799,E647,P262,HAS_SUBJECT,贈紫檀紫藤琵琶各一面。
E1800,E647,P223,HAS_OBJECT,贈紫檀紫藤琵琶各一面。
E1801,P262,P223,INTRODUCE,贈紫檀紫藤琵琶各一面。
E1802,E648,P101,HAS_SUBJECT,唐女李自然授従五位下。大春日朝臣清足之妻也。入唐娶自然為妻。帰朝之日、相随而来。
E1803,E648,P180,HAS_OBJECT,唐女李自然授従五位下。大春日朝臣清足之妻也。入唐娶自然為妻。帰朝之日、相随而来。
E1804,P101,P180,TRAVEL,唐女李自然授従五位下。大春日朝臣清足之妻也。入唐娶自然為妻。帰朝之日、相随而来。
E1805,E649,P179,HAS_SUBJECT,丙寅。唐人外從五位下李元環賜姓李忌寸。
E1806,E650,G033,HAS_SUBJECT,遣唐三ケ舶。共指松浦郡旻樂埼發行。第一第四舶。忽遇逆風。流着壹伎嶋。
E1807,E650,P090,AT_LOCATION,遣唐三ケ舶。共指松浦郡旻樂埼發行。第一第四舶。忽遇逆風。流着壹伎嶋。
E1808,G033,P090,TRAVEL,遣唐三ケ舶。共指松浦郡旻樂埼發行。第一第四舶。忽遇逆風。流着壹伎嶋。
E1809,E651,P272,HAS_SUBJECT,廢務。爲遣唐使祠天神地祇於北野也。
E1810,E651,P058,AT_LOCATION,廢務。爲遣唐使祠天神地祇於北野也。
E1811,P272,P058,PARTICIPATE,廢務。爲遣唐使祠天神地祇於北野也。
E1812,E652,P272,HAS_SUBJECT,丙子。遣唐使奉幣帛賀茂大神社。
E1813,E652,P263,AT_LOCATION,丙子。遣唐使奉幣帛賀茂大神社。
E1814,P272,P263,PARTICIPATE,丙子。遣唐使奉幣帛賀茂大神社。
E1815,E653,P310,HAS_SUBJECT,無品高丘親王入唐之後。多歴年序。歸却之期已過。存亡之分難决。
E1816,E654,P132,HAS_SUBJECT,授入唐判官正六位上布勢朝臣人主從五位下。
E1817,E656,C009,HAS_SUBJECT,唐人大學權大属正六位上李法□...給月俸。愍其覊旅也。
E1818,E657,L121,HAS_SUBJECT,丁未、以務廣肆等位、授大唐七人與肅慎二人。
E1819,E658,L268,HAS_SUBJECT,故入唐使贈從四品下石川朝臣道益可贈從四品上。忘躯徇節。奉使先朝。履義資忠。修聘唐國。
E1820,E659,L268,HAS_SUBJECT,路甞艱苦。泊遘沈痾。未達於中京。奄淪於下・
E1821,E660,P127,HAS_SUBJECT,依遣唐副使小野朝臣篁申也。
E1822,E661,P100,HAS_SUBJECT,山城國人遣唐史生大宅臣福主改臣賜朝臣。
E1823,E662,L312,HAS_SUBJECT,禅院寺者、遣唐留学僧道栄
E1824,E663,P201,HAS_SUBJECT,於是城內二弟聞側助士大夫之惡言，拒而勿入。由是男生奔入大唐，謀滅其國。
E1825,E664,P085,HAS_SUBJECT,留學圓載。沙彌仁好。傔從始滿。朝貢使奏請。往台州學問。奉勑宜依所請。
E1826,E664,L078,AT_LOCATION,留學圓載。沙彌仁好。傔從始滿。朝貢使奏請。往台州學問。奉勑宜依所請。
E1827,P085,L078,TRAVEL,留學圓載。沙彌仁好。傔從始滿。朝貢使奏請。往台州學問。奉勑宜依所請。
E1828,E665,L149,HAS_SUBJECT,癸丑。唐人正六位上孟惠芝。正六位上張道光等。賜姓嵩山忌寸。
E1829,E668,P189,HAS_SUBJECT,八月戊戌朔、河邊臣麻呂等自大唐還。
E1830,E669,P048,HAS_SUBJECT,和上今遇王難。却歸本國去。...十六日早朝。相別而發。
E1831,E670,P048,HAS_SUBJECT,西行十里。到長安城東章敬寺前歇。...入春明門。到大興善寺西禪院宿。
E1832,E670,L320,AT_LOCATION,西行十里。到長安城東章敬寺前歇。...入春明門。到大興善寺西禪院宿。
E1833,E671,P164,HAS_SUBJECT,受無性眾生義於玄奘法師所。
E1834,E671,P195,HAS_OBJECT,受無性眾生義於玄奘法師所。
E1835,P164,P195,LEARN,受無性眾生義於玄奘法師所。
E1836,E672,P042,HAS_OBJECT,豈偏賞入唐之新文。訛所生之舊字乎。
E1837,E673,L295,HAS_SUBJECT,在唐大使仁部卿正四位下藤原朝臣清河爲兼常陸守。
E1838,E674,P246,HAS_SUBJECT,但大唐六典注云。自大明宮。夾東羅城複道。經通化門磴道。而入興慶宮焉。
E1839,E674,L124,HAS_OBJECT,但大唐六典注云。自大明宮。夾東羅城複道。經通化門磴道。而入興慶宮焉。
E1840,P246,L124,INTRODUCE,但大唐六典注云。自大明宮。夾東羅城複道。經通化門磴道。而入興慶宮焉。
E1841,E675,P007,HAS_SUBJECT,延暦年中、任遣唐使録事、若有訳語語所不通、以文
E1842,E675,P275,HAS_OBJECT,延暦年中、任遣唐使録事、若有訳語語所不通、以文
E1843,P007,P275,PARTICIPATE,延暦年中、任遣唐使録事、若有訳語語所不通、以文
E1844,E676,L116,HAS_SUBJECT,大唐商人崔鐸等六十三人駕一隻船、来着管筑前国...崔鐸言。従大唐台州、載貴国使多安江等、頗賚貨物。六月一日解纜、今日得投聖岸。
E1845,E676,P217,AT_LOCATION,大唐商人崔鐸等六十三人駕一隻船、来着管筑前国...崔鐸言。従大唐台州、載貴国使多安江等、頗賚貨物。六月一日解纜、今日得投聖岸。
E1846,L116,P217,TRAVEL,大唐商人崔鐸等六十三人駕一隻船、来着管筑前国...崔鐸言。従大唐台州、載貴国使多安江等、頗賚貨物。六月一日解纜、今日得投聖岸。
E1847,E677,P048,HAS_SUBJECT,此是大唐揚州海陵縣淮南鎮大江口。即召其商人兩人。上船向淮南
E1848,E677,L172,HAS_OBJECT,此是大唐揚州海陵縣淮南鎮大江口。即召其商人兩人。上船向淮南
E1849,E677,L129,AT_LOCATION,此是大唐揚州海陵縣淮南鎮大江口。即召其商人兩人。上船向淮南
E1850,P048,L172,TRAVEL,此是大唐揚州海陵縣淮南鎮大江口。即召其商人兩人。上船向淮南
E1851,P048,L129,TRAVEL,此是大唐揚州海陵縣淮南鎮大江口。即召其商人兩人。上船向淮南
E1852,E679,P274,HAS_SUBJECT,又遣大唐使者，持死三足烏來
E1853,E680,P048,HAS_SUBJECT,五月廿九日。離長安。在城之時。城中僧尼還俗已盡。
E1854,E680,L170,HAS_OBJECT,五月廿九日。離長安。在城之時。城中僧尼還俗已盡。
E1855,E680,L165,AT_LOCATION,五月廿九日。離長安。在城之時。城中僧尼還俗已盡。
E1856,P048,L170,TRAVEL,五月廿九日。離長安。在城之時。城中僧尼還俗已盡。
E1857,P048,L165,TRAVEL,五月廿九日。離長安。在城之時。城中僧尼還俗已盡。
E1858,E681,C038,HAS_OBJECT,始頒行長慶宣明暦經。先是。陰陽頭從五位下兼行暦博士大春日朝臣眞野麻呂奏言...寳龜十一年。遣唐使録事故從
E1859,E682,P255,HAS_SUBJECT,遣唐持節大使參議正四位下行左大弁兼大宰權帥藤原朝臣常嗣進節刀...獨召大使藤原朝臣常嗣。昇自東階。天顏咫尺。勅曰。遠渉危難之途。平安參來
E1860,E682,L278,AT_LOCATION,遣唐持節大使參議正四位下行左大弁兼大宰權帥藤原朝臣常嗣進節刀...獨召大使藤原朝臣常嗣。昇自東階。天顏咫尺。勅曰。遠渉危難之途。平安參來
E1861,P255,L278,TRAVEL,遣唐持節大使參議正四位下行左大弁兼大宰權帥藤原朝臣常嗣進節刀...獨召大使藤原朝臣常嗣。昇自東階。天顏咫尺。勅曰。遠渉危難之途。平安參來
E1862,E683,G043,HAS_SUBJECT,朝貢船發。隱居山裏。便向天台。兼往長安。
E1863,E684,P048,HAS_SUBJECT,便向天台。兼往長安。節下不逆斯謀。
E1864,E684,L144,HAS_OBJECT,便向天台。兼往長安。節下不逆斯謀。
E1865,P048,L144,TRAVEL,便向天台。兼往長安。節下不逆斯謀。
E1866,E685,P299,HAS_SUBJECT,故留學問贈從二品安倍朝臣仲滿大唐光祿大夫右散騎常侍兼御史中丞北海郡開國公贈・州大都督朝衡
E1867,E685,L057,HAS_OBJECT,故留學問贈從二品安倍朝臣仲滿大唐光祿大夫右散騎常侍兼御史中丞北海郡開國公贈・州大都督朝衡
E1868,P299,L057,PARTICIPATE,故留學問贈從二品安倍朝臣仲滿大唐光祿大夫右散騎常侍兼御史中丞北海郡開國公贈・州大都督朝衡
E1869,E686,P277,HAS_OBJECT,廿一年任遣唐判官。兼近江權掾。
E1870,E687,P272,HAS_SUBJECT,廿三年七月渡海到唐。与大使倶謁天子。得蒙顧眄。
E1871,E687,P105,HAS_OBJECT,廿三年七月渡海到唐。与大使倶謁天子。得蒙顧眄。
E1872,P272,P105,TRAVEL,廿三年七月渡海到唐。与大使倶謁天子。得蒙顧眄。
E1873,E688,P272,HAS_SUBJECT,廿四年七月歸朝。叙從五位下。
E1874,E690,C014,HAS_OBJECT,天下儀式。男女衣服。皆依唐法。五位已上位記。改從漢樣。諸宮殿院堂門閣。皆著新額。
E1875,E690,L193,AT_LOCATION,天下儀式。男女衣服。皆依唐法。五位已上位記。改從漢樣。諸宮殿院堂門閣。皆著新額。
E1876,E691,L171,HAS_OBJECT,邂逅屆大唐揚州海龍縣桑田鄉桑梓浦上，來朝長安。
E1877,E691,L130,AT_LOCATION,邂逅屆大唐揚州海龍縣桑田鄉桑梓浦上，來朝長安。
E1878,E693,P048,HAS_SUBJECT,仍請往登州。々々是唐國東北地極。
E1879,E693,L263,HAS_OBJECT,仍請往登州。々々是唐國東北地極。
E1880,E694,P311,HAS_SUBJECT,授正六位上高元度外從五位下。爲迎入唐大使使。
E1881,E694,P265,HAS_OBJECT,授正六位上高元度外從五位下。爲迎入唐大使使。
E1882,P311,P265,PARTICIPATE,授正六位上高元度外從五位下。爲迎入唐大使使。
E1883,E695,P053,HAS_SUBJECT,當代文士賦詩送別。副使揚泰師作詩和之。
E1884,E695,L260,AT_LOCATION,當代文士賦詩送別。副使揚泰師作詩和之。
E1885,P053,L260,PARTICIPATE,當代文士賦詩送別。副使揚泰師作詩和之。
E1886,E696,P241,HAS_SUBJECT,兼為遣唐准順判官。
E1887,E696,P276,HAS_OBJECT,兼為遣唐准順判官。
E1888,P241,P276,PARTICIPATE,兼為遣唐准順判官。
E1889,E697,P241,HAS_SUBJECT,聘礼既訖、帰舶解纜。遭風漂堕南海賊地、殆致殞命、僅以得還。
E1890,E697,L072,AT_LOCATION,聘礼既訖、帰舶解纜。遭風漂堕南海賊地、殆致殞命、僅以得還。
E1891,P241,L072,TRAVEL,聘礼既訖、帰舶解纜。遭風漂堕南海賊地、殆致殞命、僅以得還。
E1892,E698,P241,HAS_SUBJECT,僅以得還。
E1893,E699,P066,HAS_SUBJECT,靈龜二年。年廿二。從使入唐。
E1894,E701,P066,HAS_SUBJECT,留學受業。研覽經史。該渉衆藝。
E1895,E701,C034,HAS_OBJECT,留學受業。研覽經史。該渉衆藝。
E1896,P066,C034,LEARN,留學受業。研覽經史。該渉衆藝。
E1897,E702,P066,HAS_SUBJECT,天平七年歸朝。
E1898,E703,P274,HAS_SUBJECT,遣唐使者向攝津國住吉神社奉神寳。
E1899,E703,L177,AT_LOCATION,遣唐使者向攝津國住吉神社奉神寳。
E1900,P274,L177,PARTICIPATE,遣唐使者向攝津國住吉神社奉神寳。
E1901,E704,P160,HAS_SUBJECT,遣唐陰陽師兼陰陽請益正八位上春苑宿祢玉成。在唐間得難義一卷。令陰陽寮諸生傳學。
E1902,E704,C040,HAS_OBJECT,遣唐陰陽師兼陰陽請益正八位上春苑宿祢玉成。在唐間得難義一卷。令陰陽寮諸生傳學。
E1903,P160,C040,INTRODUCE,遣唐陰陽師兼陰陽請益正八位上春苑宿祢玉成。在唐間得難義一卷。令陰陽寮諸生傳學。
E1904,E705,P168,HAS_SUBJECT,延暦末入唐請益。
E1905,E706,P168,HAS_SUBJECT,助写宗書三百余巻訖、即復本職、拝別上京。
E1906,E706,C019,HAS_OBJECT,助写宗書三百余巻訖、即復本職、拝別上京。
E1907,P168,C019,INTRODUCE,助写宗書三百余巻訖、即復本職、拝別上京。
E1908,E707,P168,HAS_SUBJECT,既而随使帰来、弘演宗義。
E1909,E708,P310,HAS_SUBJECT,无品高丘親王入唐之後、男正五位下在原朝臣安貞等、請被返収親王封邑。
E1910,E709,P272,HAS_SUBJECT,遣唐使等拜朝。
E1911,E710,P041,HAS_SUBJECT,定入唐廻使判官已下水手已上三百九十一人之等第。
E1912,E712,P048,HAS_SUBJECT,仍請往登州。々々是唐國東北地極。方可上船歸國者。
E1913,E712,L263,HAS_OBJECT,仍請往登州。々々是唐國東北地極。方可上船歸國者。
E1914,E713,L205,HAS_SUBJECT,冬十月，日本國遣使貢方物。
E1915,E713,C025,HAS_OBJECT,冬十月，日本國遣使貢方物。
E1916,L205,C025,PARTICIPATE,冬十月，日本國遣使貢方物。
