id,type,name,source_count,sources
E001,Event,到達唐朝：空海得到長安,1,空海以去延暦二十三年。銜命留學之末。問津萬里之外。其年臘月得到長安。
E002,Event,到達唐朝：圓珍奉詔入唐傳得眞言天台兩宗教文,1,圓珍奉詔入唐。傳得眞言天台兩宗教文。
E003,Event,到達唐朝：平郡朝臣廣成隨大使多治比眞人廣成入唐,1,天平五年隨大使多治比眞人廣成入唐。
E004,Event,海上遭難：廣成之船悪風忽起漂着崑崙國,1,六年十月事畢却歸。四船同發從蘇州入海。悪風忽起彼此相失。廣成之船一百一十五人漂着崑崙國。
E005,Event,返回日本：平郡朝臣廣成取渤海路歸朝,1,請取渤海路歸朝。天子許之。給船粮發遣。十年三月。從登州入海。五月到渤海界。
E006,Event,前往地點：円仁到五台,1,到五台而問津。
E007,Event,到達唐朝：眞濟奉朝命隨使渡海入唐,1,承和之初。遣使聘唐。眞濟奉朝命。隨使渡海。
E008,Event,海上遭難：眞濟中途漂蕩船舶破裂駕筏漂蕩廿三日,1,中途漂蕩。船舶破裂。眞濟纔駕一筏。随波而去...凡在海上廿三日。
E009,Event,到達唐朝：第二船到泊薩摩國出水郡,1,"餘人而來歸。
乙夘。第二船到泊薩摩國出水郡。又第一船海中中斷。舳艫各分。主神津守宿祢國麻呂。并唐判官等五十六人。乘其艫而着甑嶋郡。判官大伴宿祢繼人。并前入唐大使藤原朝臣河清之女喜娘等■一人。乘其舳而着肥後國天草郡。繼人等上奏言。繼人等去年六月"
E010,Event,到達唐朝：乘其艫而着甑嶋郡,1,"餘人而來歸。
乙夘。第二船到泊薩摩國出水郡。又第一船海中中斷。舳艫各分。主神津守宿祢國麻呂。并唐判官等五十六人。乘其艫而着甑嶋郡。判官大伴宿祢繼人。并前入唐大使藤原朝臣河清之女喜娘等■一人。乘其舳而着肥後國天草郡。繼人等上奏言。繼人等去年六月廿四日。四船同入海。七月三日着泊揚州海陵縣。八月廿九日。到揚州大都督府。即節度使陳少遊"
E011,Event,到達唐朝：入唐大使藤原朝臣河清之女喜娘着肥後國天草郡,1,守宿祢國麻呂。并唐判官等五十六人。乘其艫而着甑嶋郡。判官大伴宿祢繼人。并前入唐大使藤原朝臣河清之女喜娘等■一人。乘其舳而着肥後國天草郡。繼人等上奏言。繼人等去年六月廿四日。四船同入海。七月三日着泊揚州海陵縣。八月廿九日。到揚州大都督府。即節度使陳少遊且奏且放。六十五人入京。十月十六日。發赴上都。至高武縣。有中書門下勅牒。爲路次乏車馬
E012,Event,帶回文化物品：入唐學問僧求得經論章疏及曼荼羅等,1,凡住長安六年之間。求得念誦教法經論章疏等五百五十九卷。胎藏金剛界兩部大曼荼羅。及諸尊曼荼羅。壇樣。高僧眞影。舍利并道具等廿一種。
E013,Event,到達唐朝：入唐大使藤原朝臣河清之女喜娘着泊揚州海陵縣,1,前入唐大使藤原朝臣河清之女喜娘等■一人。乘其舳而着肥後國天草郡。繼人等上奏言。繼人等去年六月廿四日。四船同入海。七月三日着泊揚州海陵縣。八月廿九日。到揚州大都督府。即節度使陳少遊且奏且放。六十五人入京。十月十六日。發赴上都。至高武縣。有中書門下勅牒。爲路次乏車馬。減却人數。定廿人。正月十三日。到長安。即遣内使
E014,Event,到達唐朝：入唐大使藤原朝臣河清之女喜娘到揚州大都督府,1,娘等■一人。乘其舳而着肥後國天草郡。繼人等上奏言。繼人等去年六月廿四日。四船同入海。七月三日着泊揚州海陵縣。八月廿九日。到揚州大都督府。即節度使陳少遊且奏且放。六十五人入京。十月十六日。發赴上都。至高武縣。有中書門下勅牒。爲路次乏車馬。減却人數。定廿人。正月十三日。到長安。即遣内使
E015,Event,到達唐朝：至高武縣,1,同入海。七月三日着泊揚州海陵縣。八月廿九日。到揚州大都督府。即節度使陳少遊且奏且放。六十五人入京。十月十六日。發赴上都。至高武縣。有中書門下勅牒。爲路次乏車馬。減却人數。定廿人。正月十三日。到長安。即遣内使
E016,Event,到達唐朝：并前入唐,1,摩國出水郡。又第一船海中中斷。舳艫各分。主神津守宿祢國麻呂。并唐判官等五十六人。乘其艫而着甑嶋郡。判官大伴宿祢繼人。并前入唐大使藤原朝臣河清之女喜娘等■一人。乘其舳而着肥後國天草郡。繼人等上奏言。繼人等去年六月廿四日。四船同入海。七月三日着泊揚州海陵縣。八月廿九日。到揚州大都督府。即節度使陳少遊且奏且放。六十五人入京。十月
E017,Event,海上遭難：又第一船海中中斷,1,"餘人而來歸。
乙夘。第二船到泊薩摩國出水郡。又第一船海中中斷。舳艫各分。主神津守宿祢國麻呂。并唐判官等五十六人。乘其艫而着甑嶋郡。判官大伴宿祢繼人。并前入唐大使藤原朝臣河清之女喜娘等■一人。乘其舳而着肥後國天草郡。繼人等上奏言。繼人等去年六月廿四日。四船同入海"
E018,Event,海上遭難：又第一船海中中斷,1,"餘人而來歸。
乙夘。第二船到泊薩摩國出水郡。又第一船海中中斷。舳艫各分。主神津守宿祢國麻呂。并唐判官等五十六人。乘其艫而着甑嶋郡。判官大伴宿祢繼人。并前入唐大使藤原朝臣河清之女喜娘等■一人。乘其舳而着肥後國天草郡。繼人等上奏言。繼人等去年六月廿四日。四船同入海"
E019,Event,到達唐朝：智證大師入唐,1,"力。」傳聞熊野權現之神，就六萬餘言中，特舉此偈告解脫上人，其意不待言而可知也。况八幡神請佛光禪師來此國，日吉神勸智證大師入唐，皆爲佛法流通也。神能如此歸佛，非佛國而何耶？慈覺大師云：「雖神明應迹國，而大日本國，故號日本，亦有旨哉。」
吾國第三十代欽明天皇御宇，佛教始來。既而聖德太子始講《法華》《勝鬘》二經，雨華放光，聳動"
E020,Event,到達唐朝：圓載到揚州海陵縣白潮鎮,1,涕淚難耐。即就其船遷國[A2]信物。錄事一人。知乘船事二人。學問僧圓載等已下廿七人。同遷乘之。指陸發去。午時到江口。未時到揚州海陵縣白潮鎮桑田鄉東梁豐村。日本國承和五年七月二日。即大唐開成三年七月二日。雖年號殊。而月日共同。留學僧等到守捉軍中季賓宅停宿。聞大使以六月廿九日未時。離船。以後漂流之間。風強濤猛。怕船將沈。捨矴擲物。口稱觀音妙
E021,Event,到達唐朝：圓載到江口。未時到揚州,1,。乍聞驚悲。涕淚難耐。即就其船遷國[A2]信物。錄事一人。知乘船事二人。學問僧圓載等已下廿七人。同遷乘之。指陸發去。午時到江口。未時到揚州海陵縣白潮鎮桑田鄉東梁豐村。日本國承和五年七月二日。即大唐開成三年七月二日。雖年號殊。而月日共同。留學僧等到守捉軍中季賓宅停宿。聞大使以六月廿九日未時。離船。以後漂流之間。風強濤猛。怕船將沈。捨矴擲物
E022,Event,前往地點：留學僧登桅頭看山,1,風強濤猛。怕船將沈。捨矴擲物。口稱觀音妙見。意求活路。猛風時止。子時流着大江口南蘆原之邊。七月一日曉。潮落不得進行。令人登桅頭看山閭。南方遙有三山。未識
E023,Event,到達唐朝：齊詮求法入唐,1,縁齊詮等求法入唐也。
E024,Event,海上遭難：留學僧流着,1,宅停宿。聞大使以六月廿九日未時。離船。以後漂流之間。風強濤猛。怕船將沈。捨矴擲物。口稱觀音妙見。意求活路。猛風時止。子時流着大江口南蘆原之邊。七月一日曉。潮落不得進行。令人登桅頭看山閭。南方遙有三山。未識
E025,Event,到達唐朝：円仁入唐求法,1,寸。太政官處分。以爲誓護朝庭之處。先是。内供奉十禪師傳灯大法師位雲申牒。昔者慈覺大師入唐求法之日。巡礼臺山之時。感遇文殊化現師子聖燈圓光。頼此大聖之感應。得遂求道之大願。欲使彼大聖之應化。感來於我本朝。鎭護國家。利益黎庶。由是祈乞於五臺現化之處。掘取五峯清淨之土。經歴一紀。跋渉万里。秘藏潔塊
E026,Event,帶回文化物品：將來此間,1,"彼大聖之應化。感來於我本朝。鎭護國家。利益黎庶。由是祈乞於五臺現化之處。掘取五峯清淨之土。經歴一紀。跋渉万里。秘藏潔塊。將來此間。埋置五方之壇下。構造二重之高樓。專令雲勾當其事。成功未半。大師无常。雲師遺命。果師本願。重樓尊像。功夫甫就。請奉進公家。爲護王之處。至是聽其所請焉。

辛酉十六日。雷"
E027,Event,到達唐朝：仍以戌時到開元寺,1,"止既了。須明年將發歸時。奉畫供養者。仍以戌時到開元寺大門。誓禱其由。
七日馳書信。諮開元寺三綱。兼贈土物。附還信送報禮書([□@考]書東本作唐今從池本)。
八日聞第四舶猶在泥上。未到泊處。國信物未運上。其舶廣棚離脫。淦水殆滿。隨潮生潮落。舶裏涸沈。不足"
E028,Event,到達唐朝：到泊處。國信物未運上。其舶廣棚離脫。淦水殆滿。隨潮生潮落。舶裏涸沈。不足為渡海之器。求法僧等。未登陸,1,"禱其由。
七日馳書信。諮開元寺三綱。兼贈土物。附還信送報禮書([□@考]書東本作唐今從池本)。
八日聞第四舶猶在泥上。未到泊處。國信物未運上。其舶廣棚離脫。淦水殆滿。隨潮生潮落。舶裏涸沈。不足為渡海之器。求法僧等。未登陸地頭判官登陸。居白水郎舍。船中人五人身腫死。大唐迎船十隻許來。一日一度。運國信物至。波如高山。風吹不能運遷。辛苦尤甚。聞噵昨日揚州帖可行迎舶之狀。令發赴既了。未詳子細。九日巳時。節度使李相公牒於開元"
E029,Event,前往地點：仍以戌時到開元寺,1,"止既了。須明年將發歸時。奉畫供養者。仍以戌時到開元寺大門。誓禱其由。
七日馳書信。諮開元寺三綱。兼贈土物。附還信送報禮書([□@考]書東本作唐今從池本)。
八日聞第四舶猶在泥上。未到泊處。國信物未運上。其舶廣棚離脫。淦水殆滿。隨潮生潮落。舶裏涸沈。不足"
E030,Event,到達唐朝：宗叡入聖善寺,1,。阿闍梨以金剛杵并儀軌法門等、付属宗叡、用充印信。更尋慈恩寺造玄、興善寺智慧輪等阿闍梨、承受秘奥、詢求幽■、廻至洛陽、便入聖善寺善無畏三蔵旧院。其門徒、以三蔵所持金剛杵并経論梵夾諸尊儀軌等授之。八年到明州望海鎮。適遇李延孝、遥指扶桑、将泛一葉。宗叡同舟、順風解纜、三日夜間、帰着本朝。主上大悦、遇以殊礼。当時法侶皆望和尚之伝金剛
E031,Event,到達唐朝：八年到明州望海鎮,1,等阿闍梨、承受秘奥、詢求幽■、廻至洛陽、便入聖善寺善無畏三蔵旧院。其門徒、以三蔵所持金剛杵并経論梵夾諸尊儀軌等授之。八年到明州望海鎮。適遇李延孝、遥指扶桑、将泛一葉。宗叡同舟、順風解纜、三日夜間、帰着本朝。主上大悦、遇以殊礼。当時法侶皆望和尚之伝金剛界法胎蔵界法密教。和尚於東寺、教授之。学徒有数、傾懐而説。十一年春為権律師、十六年
E032,Event,返回日本：宗叡帰着,1,三蔵所持金剛杵并経論梵夾諸尊儀軌等授之。八年到明州望海鎮。適遇李延孝、遥指扶桑、将泛一葉。宗叡同舟、順風解纜、三日夜間、帰着本朝。主上大悦、遇以殊礼。当時法侶皆望和尚之伝金剛界法胎蔵界法密教。和尚於東寺、教授之。学徒有数、傾懐而説。十一年春為権律師、十六年冬転権少僧都、奉授天皇金
E033,Event,受法受戒：重受潅頂,1,重受潅頂、学胎蔵界法、尽其殊旨。阿闍梨以金剛杵并儀軌法門等、付属宗叡、用充印信。更尋慈恩寺造玄、興善寺智慧輪等阿闍梨、承受秘奥、詢求幽■、廻至洛陽、便入聖善寺善無畏三蔵旧院。其門徒、以三蔵所持金剛杵并経論梵夾
E034,Event,到達唐朝：膳臣大丘隨使入唐,1,大丘天平勝寳四年。隨使入唐。問先聖之遺風。覽膠庠之餘烈。
E035,Event,前往地點：宗叡入聖善寺,1,。阿闍梨以金剛杵并儀軌法門等、付属宗叡、用充印信。更尋慈恩寺造玄、興善寺智慧輪等阿闍梨、承受秘奥、詢求幽■、廻至洛陽、便入聖善寺善無畏三蔵旧院。其門徒、以三蔵所持金剛杵并経論梵夾諸尊儀軌等授之。八年到明州望海鎮。適遇李延孝、遥指扶桑、将泛一葉。宗叡同舟、順風解纜、三日夜間、帰着本朝。主上大悦、遇以殊礼。当時法侶皆望和尚之伝金剛
E036,Event,到達唐朝：藤原常嗣隨日本第十八次遣唐使藤原常嗣西渡,1,度持沙彌戒。七年於東大寺受具足戒。最澄圓寂後，益勤學修鍊，張講席於各地。仁明帝承和三年(八三六)受詔入唐請益。五年六月，隨日本第十八次遣唐使藤原常嗣西渡，時年四十五。遊唐十年歸國，大弘佛法，受文德、清和諸帝寵遇，尊為傳燈大師，補天台座主，奏建總持院，為天
E037,Event,到達唐朝：受詔入唐請益,1,試得第。次年正月，受度持沙彌戒。七年於東大寺受具足戒。最澄圓寂後，益勤學修鍊，張講席於各地。仁明帝承和三年(八三六)受詔入唐請益。五年六月，隨日本第十八次遣唐使藤原常嗣西渡，時年四十五。遊唐十年歸國，大弘佛法，受文德、清和諸帝寵遇，尊為傳燈大師，補天台座主，奏建總持院，為天
E038,Event,返回日本：遊唐十年歸國,1,鍊，張講席於各地。仁明帝承和三年(八三六)受詔入唐請益。五年六月，隨日本第十八次遣唐使藤原常嗣西渡，時年四十五。遊唐十年歸國，大弘佛法，受文德、清和諸帝寵遇，尊為傳燈大師，補天台座主，奏建總持院，為天
E039,Event,返回日本：藤原常嗣遊唐十年歸國,1,益勤學修鍊，張講席於各地。仁明帝承和三年(八三六)受詔入唐請益。五年六月，隨日本第十八次遣唐使藤原常嗣西渡，時年四十五。遊唐十年歸國，大弘佛法，受文德、清和諸帝寵遇，尊為傳燈大師，補天台座主，奏建總持院，為天
E040,Event,受法受戒：於東大寺受具足戒,1,。有請教止觀者，傳教輒令仁講授，己居傍聽證，率以為常。弘仁四年。歲二十，逢官試得第。次年正月，受度持沙彌戒。七年於東大寺受具足戒。最澄圓寂後，益勤學修鍊，張講席於各地。仁明帝承和三年(八三六)受詔入唐請益。五年六月，隨日本第十八次遣唐使藤原常嗣西渡，時年四十五。遊唐十年歸國，大弘佛法，受文德、清和諸帝寵遇，尊為傳燈大師，補天台
E041,Event,受法受戒：藤原常嗣受度持沙彌戒,1,止觀大定妙慧，嶄然出儕輩上。有請教止觀者，傳教輒令仁講授，己居傍聽證，率以為常。弘仁四年。歲二十，逢官試得第。次年正月，受度持沙彌戒。七年於東大寺受具足戒。最澄圓寂後，益勤學修鍊，張講席於各地。仁明帝承和三年(八三六)受詔入唐請益。五年六月，隨日本第十八次遣唐使藤原常嗣西渡，時年四十五。遊唐十年歸國，大弘佛法，受文德、清和諸帝寵遇
E042,Event,受法受戒：七年於東大寺受具足戒,1,出儕輩上。有請教止觀者，傳教輒令仁講授，己居傍聽證，率以為常。弘仁四年。歲二十，逢官試得第。次年正月，受度持沙彌戒。七年於東大寺受具足戒。最澄圓寂後，益勤學修鍊，張講席於各地。仁明帝承和三年(八三六)受詔入唐請益。五年六月，隨日本第十八次遣唐使藤原常嗣西渡，時年四十五。遊唐十年歸國，大弘佛法，受文德、清和諸帝寵遇，尊為傳燈大師，補天台
E043,Event,前往地點：最澄登京都比叡山,1,唐鑑真和尚三傳弟子，德行該博，鞠為法嗣，遂專修內典。年十五，登京都比叡山謁傳教大師最澄，教以止觀大定妙慧，嶄然出儕輩上。有請教止觀者，傳教輒令仁講授，己居傍聽證，率以為常。弘仁四年。歲二十，逢官試得第。次年正月，受度持沙彌戒。七年於東大寺受具足戒。最澄圓寂後，益勤學修鍊，
E044,Event,到達唐朝：到肥前國松浦郡,1,"十日平明。向東遙見對馬嶋。午時。前路見本國山。從東至西南。相連而分明。至初夜。到肥前國松浦郡北界鹿嶋泊船。
十一日平旦。筑前國丹判官家人大和武藏共嶋長來相見。粗知國中事宜。
十五日到橘浦。
十七日到博太西南能舉嶋下泊船。
十八日到鴻臚館前。
十九日入館住。
十月六日。借得官庫絹八十疋。綿二百"
E045,Event,海上遭難：板振鎌束歸朝途中海中遭風,1,海中遭風所向迷方。柁師水手爲波所沒。
E046,Event,到達唐朝：十八日到鴻臚館,1,"十一日平旦。筑前國丹判官家人大和武藏共嶋長來相見。粗知國中事宜。
十五日到橘浦。
十七日到博太西南能舉嶋下泊船。
十八日到鴻臚館前。
十九日入館住。
十月六日。借得官庫絹八十疋。綿二百屯。給船上肆拾肆人冬衣。
六日生料米十碩送來。依國府從十月一日始充行。
十九日太政官符來太宰府。圓仁五人。速令入京。唐人金珍等卌四人。仰太宰府。"
E047,Event,到達唐朝：泉寺弘景律師隨遣唐大使丹墀真人廣成，至唐國留學,1,"戒律；江淮之間，獨爲化主。於是興建佛事，濟化羣生，其事繁多，不可具載。

日本［國］天平五年，歲次癸酉，沙門榮叡、普照等隨遣唐大使丹墀真人廣成，至唐國留學。是［歲］，唐開元二十一年也。唐國諸寺三藏、大德，皆以戒律爲入道之正門；若有不持戒者，不齒於僧中。於是，方知本國無傳戒人。仍請東都大福［先］寺沙門道璿律師，附副使中臣朝臣名代之［舶］，先向本國去，擬爲"
E048,Event,受法受戒：際寺登壇受具足戒,1,"實際寺登壇受具足戒。荊州南泉寺弘景律師爲和上巡遊二京，究學三藏。後歸淮南，教授戒律；江淮之間，獨爲化主。於是興建佛事，濟化羣生，其事繁多，不可具載。

日本［國］天平五年，歲次癸酉，沙門榮叡、普照等隨遣唐大使丹墀真人廣"
E049,Event,朝貢獻物：六位上紀朝臣繼成貢信物,1,"卒。
庚子。唐客入京。將軍等率騎兵二百。蝦夷廿人。迎接於京城門外三橋。
五月癸夘。唐使孫興進。秦■期等朝見。上唐朝書。并貢信物。詔曰。唐使上書。朕見之。唯客等遠來。艱辛行路。宜歸休於舘。尋欲相見。
丁巳。饗唐使於朝堂。中納言從三位物部朝臣宅嗣宣勅曰。唐朝天子及公卿。國内百姓。平安以不。又海路難險。一二使人。或漂沒海中。或被掠"
E050,Event,海上遭難：漂沒,1,"相見。
丁巳。饗唐使於朝堂。中納言從三位物部朝臣宅嗣宣勅曰。唐朝天子及公卿。國内百姓。平安以不。又海路難險。一二使人。或漂沒海中。或被掠耽羅。朕聞之悽愴於懷。又客等來朝道次。國宰祗供。如法以不。"
E051,Event,返回日本：遊唐十年歸國,1,唐使藤原常嗣西渡，時年四十五。遊唐十年歸國，大弘佛法，受文德、清和諸帝寵遇，尊為傳燈大師，補天台座主，奏建總持院，為天皇修供，授弟子以三昧。營常行堂，大整顯秘之紀綱。建文殊樓，奠基以五台山携歸之土石。日本天台宗創於最澄，而隆興大成之者實為圓仁
E052,Event,返回日本：藤原常嗣遊唐十年歸國,1,唐使藤原常嗣西渡，時年四十五。遊唐十年歸國，大弘佛法，受文德、清和諸帝寵遇，尊為傳燈大師，補天台座主，奏建總持院，為天皇修供，授弟子以三昧。營常行堂，大整顯秘之紀綱。建文殊樓，奠基以五台山携歸之土石。日本天台宗創於最澄，而隆興大成之者實為圓仁
E053,Event,受法受戒：日授密印灌頂,1,隆興大成之者實為圓仁。清和帝貞觀六年(唐懿宗咸通五年，西元八六四)正月十四日，寂於京都延曆寺，得年七十一。寂前一日授密印灌頂於高足常濟。圓仁風神溫穆，而堅毅內斂。著述極多。據赤堀氏所輯「日本文學者年表」經疏私記凡九十四種，百五十三卷。「金剛頂
E054,Event,帶回文化物品：以五台山携歸,1,帝寵遇，尊為傳燈大師，補天台座主，奏建總持院，為天皇修供，授弟子以三昧。營常行堂，大整顯秘之紀綱。建文殊樓，奠基以五台山携歸之土石。日本天台宗創於最澄，而隆興大成之者實為圓仁。清和帝貞觀六年(唐懿宗咸通五年，西元八六四)正月十四日，寂於京都延曆寺，得年七十一。寂前一日授密印灌頂於高足常濟。圓仁風神溫穆，而堅毅內斂。著述極多
E055,Event,創立宗派：最澄日本天台宗創於,1,傳燈大師，補天台座主，奏建總持院，為天皇修供，授弟子以三昧。營常行堂，大整顯秘之紀綱。建文殊樓，奠基以五台山携歸之土石。日本天台宗創於最澄，而隆興大成之者實為圓仁。清和帝貞觀六年(唐懿宗咸通五年，西元八六四)正月十四日，寂於京都延曆寺，得年七十一。寂前一日授密印灌頂於高足常濟。圓仁風神溫穆，而堅毅內斂。著述極多。據赤堀氏所輯「日本文
E056,Event,到達唐朝：遣唐使第一船到福州長溪縣赤岸鎭,1,八月十日到福州長溪縣赤岸鎭已南海口。
E057,Event,到達唐朝：元年隨使入唐,1,"西府驛鈴二口。
冬十月辛夘。律師道慈法師卒。〈天平元年爲律師。〉法師俗姓額田氏。添下郡人也。性聰悟爲衆所推。大寳元年隨使入唐。渉覽經典。尤精三論。養老二年歸朝。是時釋門之秀者唯法師及神叡法師二人而已。著述愚志一卷論僧尼之事。其略曰。今察日本素緇行佛法軌模"
E058,Event,返回日本：養老二年歸朝,1,慈法師卒。〈天平元年爲律師。〉法師俗姓額田氏。添下郡人也。性聰悟爲衆所推。大寳元年隨使入唐。渉覽經典。尤精三論。養老二年歸朝。是時釋門之秀者唯法師及神叡法師二人而已。著述愚志一卷論僧尼之事。其略曰。今察日本素緇行佛法軌模
E059,Event,到達唐朝：普照至大明寺,1,"又與日本國同學僧玄朗、玄法二人，俱下至揚州。是歲，唐天寶元載冬十月。

時，大和上在揚州大明寺爲衆［僧］講律，榮叡、普照至大明寺，頂禮大和上足下，具述本意曰︰「佛法東流至日本國，雖有其法，而無傳法人。日本國昔有聖德太子曰︰『二百年後，聖"
E060,Event,到達唐朝：佛法東流至日本國,1,"，唐天寶元載冬十月。

時，大和上在揚州大明寺爲衆［僧］講律，榮叡、普照至大明寺，頂禮大和上足下，具述本意曰︰「佛法東流至日本國，雖有其法，而無傳法人。日本國昔有聖德太子曰︰『二百年後，聖"
E061,Event,前往地點：普照至大明寺,1,"又與日本國同學僧玄朗、玄法二人，俱下至揚州。是歲，唐天寶元載冬十月。

時，大和上在揚州大明寺爲衆［僧］講律，榮叡、普照至大明寺，頂禮大和上足下，具述本意曰︰「佛法東流至日本國，雖有其法，而無傳法人。日本國昔有聖德太子曰︰『二百年後，聖"
E062,Event,到達唐朝：判官菅原朝臣善主着肥前國,1,"却廻之状。兩船密封奏。同共到來。
甲申。勅符大使藤原朝臣常嗣。判官菅原朝臣善主等。得今月六日九日二道飛驛奏状。具知漂苦廻着肥前國也。使等忠貞之操。不敢告勞。蒙冒險難。廻渉蒼海。而事不諧偶。中路却廻。靖言念之。憂心何已。今案奏状。兩舶並已無完。必須改營。宜俟修造畢以遂渡海耳。第二第三等舶。未知平不。欝嗟乎懷。』又勅符大宰大貳藤原"
E063,Event,海上遭難：第四兩船漂蕩,1,"力而已。宜令五畿内七道諸國司轉讀般若走幣名神。』▼是日。大宰府馳驛。奏遣唐使第一第四兩船漂蕩却廻之状。兩船密封奏。同共到來。
甲申。勅符大使藤原朝臣常嗣。判官菅原朝臣善主等。得今月六日九日二道飛驛奏状。具知漂苦廻着肥前國也。使等忠貞之操。不敢告勞。蒙冒險難。廻渉蒼海。而事不諧偶。中路却廻。靖"
E064,Event,海上遭難：判官菅原朝臣善主漂苦廻着,1,"船漂蕩却廻之状。兩船密封奏。同共到來。
甲申。勅符大使藤原朝臣常嗣。判官菅原朝臣善主等。得今月六日九日二道飛驛奏状。具知漂苦廻着肥前國也。使等忠貞之操。不敢告勞。蒙冒險難。廻渉蒼海。而事不諧偶。中路却廻。靖言念之。憂心何已。今案奏状。兩舶並已無完。必須改營。宜俟修造畢以遂渡海耳。第二第三等舶。未知平不。欝嗟乎懷。』又勅符大宰大"
E065,Event,海上遭難：兩船漂蕩却廻,1,"力而已。宜令五畿内七道諸國司轉讀般若走幣名神。』▼是日。大宰府馳驛。奏遣唐使第一第四兩船漂蕩却廻之状。兩船密封奏。同共到來。
甲申。勅符大使藤原朝臣常嗣。判官菅原朝臣善主等。得今月六日九日二道飛驛奏状。具知漂苦廻着肥前國也。使等忠貞之操。不敢告勞。蒙冒險難。廻渉蒼海。而事不諧偶。中路却廻。靖言念"
E066,Event,海上遭難：判官菅原朝臣善主廻着,1,"蕩却廻之状。兩船密封奏。同共到來。
甲申。勅符大使藤原朝臣常嗣。判官菅原朝臣善主等。得今月六日九日二道飛驛奏状。具知漂苦廻着肥前國也。使等忠貞之操。不敢告勞。蒙冒險難。廻渉蒼海。而事不諧偶。中路却廻。靖言念之。憂心何已。今案奏状。兩舶並已無完。必須改營。宜俟修造畢以遂渡海耳。第二第三等舶。未知平不。欝嗟乎懷。』又勅符大宰大"
E067,Event,返回日本：遣唐使第一船到泊對馬嶋下縣郡,1,遣唐使第一船到泊對馬嶋下縣郡。
E068,Event,海上遭難：判官菅原朝臣善主却廻,1,臣善主等。得今月六日九日二道飛驛奏状。具知漂苦廻着肥前國也。使等忠貞之操。不敢告勞。蒙冒險難。廻渉蒼海。而事不諧偶。中路却廻。靖言念之。憂心何已。今案奏状。兩舶並已無完。必須改營。宜俟修造畢以遂渡海耳。第二第三等舶。未知平不。欝嗟乎懷。』又勅符大宰大貳藤原朝臣廣敏等。得今月十日飛驛奏。知遣唐使第一第四
E069,Event,海上遭難：流著,1,"定。
十四日。州押衙來於舶上問舶上之人數。旦歸村家。邵村勾當王訓等來相看。便聞本國相公等九隻船。先從廬山過海。遇逆風。更流著於廬山。以來之泊。入夜雷鳴洪雨。
十五日朝。雲色騷亂。雲雨"
E070,Event,到達唐朝：苦求入唐,1,灯修行賢大法師位。親王、心自為、真言宗義、師資相伝、猶有不通。凡在此間、難可質疑。況復、観電露之遂空、顧形骸之早弃、苦求入唐、了悟幽旨、乃至、庶幾尋法天竺。貞観三年、上表曰。真如出家以降、四十余年。企三菩
E071,Event,師從學習：真如稟受三論宗義於律師道詮,1,々〉。」去大同五年、廃皇太子。親王帰命覚路、混形沙門、名曰真如、住東大寺。親王、機識明敏、学渉内外、聴受領悟、罕見其人。稟受三論宗義於律師道詮、稍通大義。又真言密教、究竟秘奥。門弟子之成熟者聚、僧正壱演為其上首。詔授伝灯修行賢大法師位。親王、心自為、真言宗義、師資相伝、猶有不通。凡在此間、難可質疑。況復、観電露之遂空、顧形骸之早弃、苦求入唐
E072,Event,到達唐朝：到塗里浦,1,附朝唐賀正之使。令尋靈仙所在將送其金。待使復佇付金否。而隔海程途。過期不返。後年朝唐使人却廻之日。方知前年使等從海却歸。到塗里浦。疾風暴起。皆悉陷沒。亦悉往五臺覓靈仙。送金之時。靈仙遷化。不得付与。其金同陷沒。以此其後文矩入覲。啓中縷陳事由。冀達天皇。文矩不遂覲礼。將啓却歸。今再述失金事由。故遣賀福延輸申誠志。伏望體悉。』又中
E073,Event,到達唐朝：應差入覲貴國,1,。文矩不遂覲礼。將啓却歸。今再述失金事由。故遣賀福延輸申誠志。伏望體悉。』又中臺省牒曰。渤海國中臺省牒日本國太政官。應差入覲貴國使政堂省左允賀福延并行從一百五人。牒。奉處分。日域東遥。遼陽西阻。兩邦相去。万里
E074,Event,返回日本：使等從海却歸,1,意。轉附朝唐賀正之使。令尋靈仙所在將送其金。待使復佇付金否。而隔海程途。過期不返。後年朝唐使人却廻之日。方知前年使等從海却歸。到塗里浦。疾風暴起。皆悉陷沒。亦悉往五臺覓靈仙。送金之時。靈仙遷化。不得付与。其金同陷沒。以此其後文矩入覲。啓中縷陳事由。冀達天皇。文矩不遂覲礼。將啓却歸。今再述失金事由。故遣賀福延輸申誠志。伏望體
E075,Event,返回日本：將啓却歸,1,亦悉往五臺覓靈仙。送金之時。靈仙遷化。不得付与。其金同陷沒。以此其後文矩入覲。啓中縷陳事由。冀達天皇。文矩不遂覲礼。將啓却歸。今再述失金事由。故遣賀福延輸申誠志。伏望體悉。』又中臺省牒曰。渤海國中臺省牒日本國太政官。應差入覲貴國使政堂省左允賀福延并行從一百五人。牒。奉處分。日域東遥。遼陽西阻。兩邦相去。万里
E076,Event,海上遭難：朝唐使人却廻,1,睿意。轉附朝唐賀正之使。令尋靈仙所在將送其金。待使復佇付金否。而隔海程途。過期不返。後年朝唐使人却廻之日。方知前年使等從海却歸。到塗里浦。疾風暴起。皆悉陷沒。亦悉往五臺覓靈仙。送金之時。靈仙遷化。不得付与。其金同陷沒。以此其後文矩入覲。啓中縷陳事由。冀達天皇。文矩不遂覲礼。將啓却歸。今再述失金事由。
E077,Event,受法受戒：圓仁受兩部潅頂,1,惣持院。興隆佛法。於是。勅惣持院安置十四僧。永令修法。仁壽四年四月勅以圓仁爲廷暦寺座主。齊衡三年三月天皇屈圓仁於冷然院。受兩部潅頂。天安二年八月天皇崩。十二月皇太子履祚。明年天皇屈圓仁於内裏。受菩薩戒。貞觀二年五月淳和太后請諸寺名徳於院裏。六ケ日間。講法華經。解坐之後。請留圓仁。受菩薩大戒。奉太后法名稱良祚。三年六月太皇太后藤原
E078,Event,到達唐朝：最澄入唐,1,最澄師入唐以後。
E079,Event,受法受戒：圓仁受菩薩戒,1,仁爲廷暦寺座主。齊衡三年三月天皇屈圓仁於冷然院。受兩部潅頂。天安二年八月天皇崩。十二月皇太子履祚。明年天皇屈圓仁於内裏。受菩薩戒。貞觀二年五月淳和太后請諸寺名徳於院裏。六ケ日間。講法華經。解坐之後。請留圓仁。受菩薩大戒。奉太后法名稱良祚。三年六月太皇太后藤原氏。請僧綱名僧於五條宮。四ケ日間。講
E080,Event,受法受戒：圓仁受菩薩大戒,1,太子履祚。明年天皇屈圓仁於内裏。受菩薩戒。貞觀二年五月淳和太后請諸寺名徳於院裏。六ケ日間。講法華經。解坐之後。請留圓仁。受菩薩大戒。奉太后法名稱良祚。三年六月太皇太后藤原氏。請僧綱名僧於五條宮。四ケ日間。講
E081,Event,受法受戒：円仁於内裏。受菩薩戒,1,月勅以圓仁爲廷暦寺座主。齊衡三年三月天皇屈圓仁於冷然院。受兩部潅頂。天安二年八月天皇崩。十二月皇太子履祚。明年天皇屈圓仁於内裏。受菩薩戒。貞觀二年五月淳和太后請諸寺名徳於院裏。六ケ日間。講法華經。解坐之後。請留圓仁。受菩薩大戒。奉太后法名稱良祚。三年六月太皇太后藤原氏。請僧綱名僧於五條宮。四ケ日間。講
E082,Event,到達唐朝：到於肥前國松浦郡,1,大宰府博太津頭始上船。到於肥前國松浦郡遠値嘉島那留浦。而船主李處人等。弃唐來舊船。便採島裏楠木。更新織作船舶。三箇月日。其功巳訖。秋八月二十四日午後。上帆過太陽海入唐。〈得正東風六箇日夜法〔流歟〕著大唐温州樂城縣玉留鎭府前頭。〉經五箇年。
E083,Event,到達唐朝：著大唐温州樂城縣,1,舊船。便採島裏楠木。更新織作船舶。三箇月日。其功巳訖。秋八月二十四日午後。上帆過太陽海入唐。〈得正東風六箇日夜法〔流歟〕著大唐温州樂城縣玉留鎭府前頭。〉經五箇年。巡禮求學。承和十四年。卽大唐大中二年〈歳次丁卯〉夏六月二十二日。乗唐張支信元浄等之船。從明州望海鎭頭上帆。〈得西南風三箇日夜。纔歸著遠値嘉島那留浦。纔入浦口。風卽止。學船歎云
E084,Event,到達唐朝：纔歸著遠値嘉島那留浦,1,承和十四年。卽大唐大中二年〈歳次丁卯〉夏六月二十二日。乗唐張支信元浄等之船。從明州望海鎭頭上帆。〈得西南風三箇日夜。纔歸著遠値嘉島那留浦。纔入浦口。風卽止。學船歎云奇快。〉旋歸本朝。其取來儀軌經論佛像祖師像曼荼羅道
E085,Event,到達唐朝：過太陽海入唐,1,嘉島那留浦。而船主李處人等。弃唐來舊船。便採島裏楠木。更新織作船舶。三箇月日。其功巳訖。秋八月二十四日午後。上帆過太陽海入唐。〈得正東風六箇日夜法〔流歟〕著大唐温州樂城縣玉留鎭府前頭。〉經五箇年。巡禮求學。承和十四年。卽大唐大中二年〈歳次丁卯〉夏六月二十二日。乗唐張支信元浄等之船。從明州望海鎭頭上帆。〈得西南風三箇日夜。纔
E086,Event,返回日本：歸著,1,。承和十四年。卽大唐大中二年〈歳次丁卯〉夏六月二十二日。乗唐張支信元浄等之船。從明州望海鎭頭上帆。〈得西南風三箇日夜。纔歸著遠値嘉島那留浦。纔入浦口。風卽止。學船歎云奇快。〉旋歸本朝。其取來儀軌經論佛像祖師像曼荼羅道
E087,Event,返回日本：歸本朝,1,乗唐張支信元浄等之船。從明州望海鎭頭上帆。〈得西南風三箇日夜。纔歸著遠値嘉島那留浦。纔入浦口。風卽止。學船歎云奇快。〉旋歸本朝。其取來儀軌經論佛像祖師像曼荼羅道
E088,Event,帶回文化物品：取來儀軌經論佛像祖師像曼荼羅,1,元浄等之船。從明州望海鎭頭上帆。〈得西南風三箇日夜。纔歸著遠値嘉島那留浦。纔入浦口。風卽止。學船歎云奇快。〉旋歸本朝。其取來儀軌經論佛像祖師像曼荼羅道
E089,Event,受法受戒：最澄修入唐所受潅頂秘法,1,秋八月宣勅令最澄師修入唐所受潅頂秘法。是大法師修圓勤操等七人爲受法弟子。於清瀧峯高雄寺。
E090,Event,到達唐朝：位上大伴宿禰岑萬里入唐,1,"審到處。即量風勢。定着新羅。仍遣兵部省少丞正六位上大伴宿禰岑萬里等尋訪。若有漂着。宜隨事資給。令得還郷。不到彼堺。冀遣使入唐。訪覓具報。
壬辰。遊獵北野。
癸巳。丹波国言。依格。差勳位衛護府庫。而白丁之徭。唯卅日。勳位所直。百□日。有位白丁。勞逸不均者。制。宜以白丁爲健兒。
甲午。"
E091,Event,海上遭難：位上大伴宿禰岑萬里遭風,1,"宿禰岑萬里於新羅国。太政官牒曰。遣使唐国。脩聘之状。去年令大宰府送消息訖。時無風信。遂變炎凉。去七月初。四船入海。而兩船遭風漂廻。二船未審到處。即量風勢。定着新羅。仍遣兵部省少丞正六位上大伴宿禰岑萬里等尋訪。若有漂着。宜隨事資給。令得還郷。不到彼堺。冀遣使入唐。訪覓具報。
壬辰。遊獵北野。
癸巳。丹波国言。依格。差勳位衛護"
E092,Event,海上遭難：位上大伴宿禰岑萬里漂廻,1,"岑萬里於新羅国。太政官牒曰。遣使唐国。脩聘之状。去年令大宰府送消息訖。時無風信。遂變炎凉。去七月初。四船入海。而兩船遭風漂廻。二船未審到處。即量風勢。定着新羅。仍遣兵部省少丞正六位上大伴宿禰岑萬里等尋訪。若有漂着。宜隨事資給。令得還郷。不到彼堺。冀遣使入唐。訪覓具報。
壬辰。遊獵北野。
癸巳。丹波国言。依格。差勳位衛護府庫"
E093,Event,海上遭難：位上大伴宿禰岑萬里漂着,1,"。去七月初。四船入海。而兩船遭風漂廻。二船未審到處。即量風勢。定着新羅。仍遣兵部省少丞正六位上大伴宿禰岑萬里等尋訪。若有漂着。宜隨事資給。令得還郷。不到彼堺。冀遣使入唐。訪覓具報。
壬辰。遊獵北野。
癸巳。丹波国言。依格。差勳位衛護府庫。而白丁之徭。唯卅日。勳位所直。百□日。有位白丁。勞逸不均者。制。宜以白丁爲健兒。
甲午"
E094,Event,返回日本：養老二年歸朝,1,養老二年歸朝。是時釋門之秀者唯法師及神叡法師二人而已。著述愚志一卷論僧尼之事。其略曰。今察日本素緇行佛法軌模全異大唐道俗傳聖教法則。若順經典。能護國土。如違憲章。不利人民。一國佛法。万家修善。何用虚設。豈不愼乎。
E095,Event,到達唐朝：延暦末入唐請益,1,"定、永伝聖朝。山林精進、遠勧塵劫。許之。
（『類聚国史』一七九諸宗・『日本紀略』）癸亥。伝灯大法師位最澄卒。云々。延暦末入唐請益。皇太子■事陸淳左降台州刺史。会屈天台宗道■和尚為"
E096,Event,到達唐朝：胥要徳到著出羽國,1,"。五月到渤海界。適遇其王大欽茂差使。欲聘我朝。即時同發。及渡沸海。渤海一船遇浪傾覆。大使胥要徳等■人沒死。廣成等率遣衆。到著出羽國。
十二月戊辰。渤海使己珎蒙等拜朝。上其王啓并方物。其詞曰。欽茂啓。山河杳絶。國土夐遥。佇望風猷。唯増傾仰。伏惟。天皇聖叡。至徳遐暢。奕葉重光。澤流萬姓。欽茂忝繼祖業。濫惣如始。義洽情深。毎脩隣好。今"
E097,Event,返回日本：取渤海路歸朝,1,"歸唐國。逢本朝學生阿倍仲滿。便奏得入朝。請取渤海路歸朝。天子許之。給船粮發遣。十年三月。從登州入海。五月到渤海界。適遇其王大欽茂差使。欲聘我朝。即時同發。及渡沸海。渤海一船遇浪傾覆。大使胥要徳等■人沒死。廣成等率遣衆。到著出羽國。
十二月戊辰。渤海使己珎"
E098,Event,海上遭難：渤海一船遇浪傾覆,1,"歸朝。天子許之。給船粮發遣。十年三月。從登州入海。五月到渤海界。適遇其王大欽茂差使。欲聘我朝。即時同發。及渡沸海。渤海一船遇浪傾覆。大使胥要徳等■人沒死。廣成等率遣衆。到著出羽國。
十二月戊辰。渤海使己珎蒙等拜朝。上其王啓并方物。其詞曰。欽茂啓。山河杳絶。國土夐遥。佇望風猷。唯増傾仰。伏惟。天皇聖叡。至徳遐暢。奕葉重光。澤流萬姓"
E099,Event,到達唐朝：奉使入唐,1,故書曰。人有礼則安、無礼則危。経曰。人能行礼、得生天上。是知、内経外書、以礼存立。故祖師法印大和尚位最澄、延暦末年、奉使入唐、求法事訖、臨廻請於当州公憑、且明州朝議郎使持節明州諸軍事守明州刺史上国柱■陽鄭審判則批判求法目録稱。最澄闍梨、性稟生知之才、来自礼儀之国。南登五台之嶺、窮智者之法門、西泛鏡湖之水、探潅頂之神秘。可謂
E100,Event,受法受戒：修圓勤操等七人共禀潅頂三摩耶戒,1,法師亦在其中。共禀潅頂三摩耶戒。是則本朝潅頂始興之日也。
E101,Event,到達唐朝：最澄奉使入唐,1,礼。故書曰。人有礼則安、無礼則危。経曰。人能行礼、得生天上。是知、内経外書、以礼存立。故祖師法印大和尚位最澄、延暦末年、奉使入唐、求法事訖、臨廻請於当州公憑、且明州朝議郎使持節明州諸軍事守明州刺史上国柱■陽鄭審判則批判求法目録稱。最澄闍梨、性稟生知之才、来自礼儀之国。南登五台之嶺、窮智者之法門、西泛鏡湖之水、探潅頂之神秘。可謂
E102,Event,受法受戒：最澄潅頂,1,刺史上国柱■陽鄭審判則批判求法目録稱。最澄闍梨、性稟生知之才、来自礼儀之国。南登五台之嶺、窮智者之法門、西泛鏡湖之水、探潅頂之神秘。可謂法門龍象、青蓮出池者。然則、西朝重我国家、稱為礼儀之郷。当寺法主大比叡小比叡両明神、陰陽不測、造化
E103,Event,前往地點：最澄登五台之嶺,1,州公憑、且明州朝議郎使持節明州諸軍事守明州刺史上国柱■陽鄭審判則批判求法目録稱。最澄闍梨、性稟生知之才、来自礼儀之国。南登五台之嶺、窮智者之法門、西泛鏡湖之水、探潅頂之神秘。可謂法門龍象、青蓮出池者。然則、西朝重我国家、稱為礼儀之郷。当寺法主大比叡小比叡両明神、陰陽不測、造化
E104,Event,接受賞賜：賜宴,1,衙官、酋長等。及瑀回，可汗獻馬五百匹、貂裘、白疊。八月，迴紇使王子骨啜特勤及宰相帝德等驍將三千人助國討逆。肅宗嘉其遠至，賜宴，命隨朔方行營使僕固懷恩押之。九月甲申，迴紇使大首領蓋將等謝公主下降，兼奏破堅昆五萬人，
E105,Event,受法受戒：傔人粟田家繼受戒,1,"人粟田家繼到此寺。定畫佛處。
卅日早朝於迦毘羅神堂裏。始畫妙見[A8]菩薩四天王像。
十二月二日。本國留後官。為令惟正等受戒。更帖相"
E106,Event,受法受戒：始修潅頂,1,五月於延暦寺。始修潅頂。官給一千僧供料。用内藏寮物。勅遣參議從四位下守右大弁伴宿祢善男検校。而飮誓水者一千餘人。同年七月詔以圓仁爲内供奉十禪師。三年三月天皇崩。四月皇太子即皇帝位。圓仁上奏言。除災致福。熾盛光華佛頂。是爲最
E107,Event,到達唐朝：藤原惠美朝臣兒至自唐國,1,"從四位上藤原朝臣御楯第。宴飮。授御楯正四位上。其室從四位下。藤原惠美朝臣兒從正四位下。
甲子。迎藤原河清使高元度等至自唐國。初元度奉使之日。取渤海道。隨賀正使揚方慶等。往於唐國。事畢欲歸。兵仗樣。甲冑一具。伐刀一口。槍一竿。矢二隻分付元度。又有内使。宣勅曰。特進秘書監藤原河清。今依使奏。欲遣歸朝。唯恐殘賊未平。道路多難。"
E108,Event,返回日本：使高元度歸朝,1,唐國。事畢欲歸。兵仗樣。甲冑一具。伐刀一口。槍一竿。矢二隻分付元度。又有内使。宣勅曰。特進秘書監藤原河清。今依使奏。欲遣歸朝。唯恐殘賊未平。道路多難。元度宜取南路先歸復命。即令中謁者謝時和押領元度等向蘇州。与刺史李■平章。造船一隻長八丈。并差押水手官越州浦陽府折衝賞紫金魚袋沈惟岳等九人水
E109,Event,接受賞賜：授御楯正四位上,1,"從四位上藤原朝臣御楯第。宴飮。授御楯正四位上。其室從四位下。藤原惠美朝臣兒從正四位下。
甲子。迎藤原河清使高元度等至自唐國。初元度奉使之日。取渤海道。隨賀正使揚方慶等。往於唐國。事畢欲歸。兵仗樣。甲冑一具。伐刀一口。槍一竿。矢二隻分付元度。又有"
E110,Event,授予官職：授御楯正四位上,1,"從四位上藤原朝臣御楯第。宴飮。授御楯正四位上。其室從四位下。藤原惠美朝臣兒從正四位下。
甲子。迎藤原河清使高元度等至自唐國。初元度奉使之日。取渤海道。隨賀正使揚方慶等。往於唐國。事畢欲歸。兵仗樣。甲冑一具。伐刀一口。槍一竿。矢二隻分付元度。又有"
E111,Event,受法受戒：法師受圓頓菩薩大戒,1,大同元年冬十一月於叡山止觀院法師爲上首。與百餘人。受圓頓菩薩大戒。
E112,Event,前往地點：空海配住西明寺,1,二十四年二月十日。准勅配住西明寺。
E113,Event,到達唐朝：无位藤原朝臣今女到泊肥前國松浦郡橘浦,1,"本位外從五位下。
癸巳。授无位藤原朝臣今女從五位下。
乙未。遣唐使第三船到泊肥前國松浦郡橘浦。判官勅旨大丞正六位上兼下総權介小野朝臣滋野上奏言。臣滋野等。去寳龜八年六月廿四日。候風入海。七月三日。与第一船同到揚州海陵縣。八月廿九日。到揚州大都督府。即依式例安置供給。得觀察使兼長史陳少遊處分。"
E114,Event,到達唐朝：權介小野朝臣滋野上奏到揚州海陵縣,1,郡橘浦。判官勅旨大丞正六位上兼下総權介小野朝臣滋野上奏言。臣滋野等。去寳龜八年六月廿四日。候風入海。七月三日。与第一船同到揚州海陵縣。八月廿九日。到揚州大都督府。即依式例安置供給。得觀察使兼長史陳少遊處分。属祿山亂。常館彫弊。入京使人。仰限六十人。以來十月十五日。臣等八十五人發州入京。行百餘里。忽據中書門下牒。■節人數。限以廿人。
E115,Event,到達唐朝：權介小野朝臣滋野上奏到揚州大都督府,1,上兼下総權介小野朝臣滋野上奏言。臣滋野等。去寳龜八年六月廿四日。候風入海。七月三日。与第一船同到揚州海陵縣。八月廿九日。到揚州大都督府。即依式例安置供給。得觀察使兼長史陳少遊處分。属祿山亂。常館彫弊。入京使人。仰限六十人。以來十月十五日。臣等八十五人發州入京。行百餘里。忽據中書門下牒。■節人數。限以廿人。臣等請。更加廿三人。持節副使
E116,Event,接受賞賜：授无位藤原朝臣今女從五位下,1,"本位外從五位下。
癸巳。授无位藤原朝臣今女從五位下。
乙未。遣唐使第三船到泊肥前國松浦郡橘浦。判官勅旨大丞正六位上兼下総權介小野朝臣滋野上奏言。臣滋野等。去寳龜八年六月廿四日。候風入海。七月三日。与第一船同到揚州海陵縣。八月廿九日。到揚州大都督府。即"
E117,Event,授予官職：授无位藤原朝臣今女從五位下,1,"本位外從五位下。
癸巳。授无位藤原朝臣今女從五位下。
乙未。遣唐使第三船到泊肥前國松浦郡橘浦。判官勅旨大丞正六位上兼下総權介小野朝臣滋野上奏言。臣滋野等。去寳龜八年六月廿四日。候風入海。七月三日。与第一船同到揚州海陵縣。八月廿九日。到揚州大都督府。即"
E118,Event,到達唐朝：入唐,1,"日本後紀卷第十一逸文桓武天皇　日本根子皇統彌照天皇

丁巳。入唐大使贈従二位藤原朝臣河清、銜命先朝、修聘唐国、既而帰舳迷津、漂蕩物故於他郷。可贈正二位。河清、贈太政大臣房前之第四子也。天平勝宝四年、以参議民部卿、為聘唐大使、天宝十二載、与留学生阿衡、同舟帰朝、海路"
E119,Event,返回日本：入唐大使贈従二位藤原朝臣河清帰朝,1,他郷。可贈正二位。河清、贈太政大臣房前之第四子也。天平勝宝四年、以参議民部卿、為聘唐大使、天宝十二載、与留学生阿衡、同舟帰朝、海路逢風、漂泊安南。天平宝字三年、遣散位助高元度等於唐国、迎河清。唐朝乱故、元度等久不得朝見勅云。河清、是本国貴族、朕所鍾愛。故且留之、不許放還。待国家寧定、差使発遣。元度等経年不帰、本朝為恠。宜取
E120,Event,海上遭難：入唐大使贈従二位藤原朝臣河清漂蕩,1,"後紀卷第十一逸文桓武天皇　日本根子皇統彌照天皇

丁巳。入唐大使贈従二位藤原朝臣河清、銜命先朝、修聘唐国、既而帰舳迷津、漂蕩物故於他郷。可贈正二位。河清、贈太政大臣房前之第四子也。天平勝宝四年、以参議民部卿、為聘唐大使、天宝十二載、与留学生阿衡、同舟帰朝、海路逢風、漂泊安南。天平宝字三年、遣散位助高元度等於唐国、迎河清。唐"
E121,Event,海上遭難：漂泊,1,。河清、贈太政大臣房前之第四子也。天平勝宝四年、以参議民部卿、為聘唐大使、天宝十二載、与留学生阿衡、同舟帰朝、海路逢風、漂泊安南。天平宝字三年、遣散位助高元度等於唐国、迎河清。唐朝乱故、元度等久不得朝見勅云。河清、是本国貴族、朕所鍾愛。故且留之、不許放還。待国家寧定、差使発遣。元度等経年不帰、本朝為恠。宜取南路、早帰命。
E122,Event,派遣遣唐使：領唐客使遣唐使粟田朝臣眞人等發,1,使之行。左右建旗。亦有帶仗。行官立旗前後。臣等稽之古例。未見斯儀。禁不之旨。伏請處分者。唯聽帶仗。勿令建旗。又奏曰。往時遣唐使粟田朝臣眞人等發從楚州。到長樂驛。五品舍人宣勅勞問。此時未見拜謝之禮。又新羅朝貢使王子泰廉入京之日。官使宣命。賜以迎馬。客徒斂轡。馬上答謝。但渤海國使。皆悉下馬。再拜舞踏。今領唐客。准據何例者。進退之
E123,Event,海上遭難：板振鎌束船海中遭風漂流,1,風勢猶猛。漂流十餘日。着隱岐國。
E124,Event,返回日本：末足自唐國至,1,"末足等自唐國至。
丁巳。授无位久米連形名女從五位下。
戊午。從三位高麗朝臣福信賜姓高倉朝臣。
夏四月己丑。夜暴風雨。折木發屋。
辛夘。領唐客使等奏言。唐使之行。左右建旗。亦有帶仗。行官立旗前後。臣等稽之古例。未見斯"
E125,Event,朝貢獻物：唐使粟田朝臣眞人等發朝貢,1,分者。唯聽帶仗。勿令建旗。又奏曰。往時遣唐使粟田朝臣眞人等發從楚州。到長樂驛。五品舍人宣勅勞問。此時未見拜謝之禮。又新羅朝貢使王子泰廉入京之日。官使宣命。賜以迎馬。客徒斂轡。馬上答謝。但渤海國使。皆悉下馬。再拜舞踏。今領唐客。准據何例者。進退之
E126,Event,接受賞賜：授无位久米連形名女從五位下,1,"末足等自唐國至。
丁巳。授无位久米連形名女從五位下。
戊午。從三位高麗朝臣福信賜姓高倉朝臣。
夏四月己丑。夜暴風雨。折木發屋。
辛夘。領唐客使等奏言。唐使之行。左右建旗。亦有帶仗。行官立旗前後。臣等稽之古例。未見斯儀。禁不之旨。伏請處分者。唯聽帶仗。"
E127,Event,授予官職：授无位久米連形名女從五位下,1,"末足等自唐國至。
丁巳。授无位久米連形名女從五位下。
戊午。從三位高麗朝臣福信賜姓高倉朝臣。
夏四月己丑。夜暴風雨。折木發屋。
辛夘。領唐客使等奏言。唐使之行。左右建旗。亦有帶仗。行官立旗前後。臣等稽之古例。未見斯儀。禁不之旨。伏請處分者。唯聽帶仗。"
E128,Event,到達唐朝：到蓬萊縣,1,縣館。西北行廿里。到竪泰([□@考]泰東本作紊)孫花茂宅斷中。不報直入宅裏。得主人恠。但主心慇懃。齋後望西北行卅里。到蓬萊縣管內望仙鄉王庭村寺宿。入夜雷雨。唐國行五里立一候子。行十里立二候子。築土堆四角。上狹下闊。高四尺或五尺六尺不定。曰喚之為里隔柱。二日平明發。行廿里到安香村庭彥宅齋。行廿里到登州入開元寺宿。登州去赤山浦
E129,Event,到達唐朝：行廿里到登州入開元寺,1,"。行十里立二候子。築土堆四角。上狹下闊。高四尺或五尺六尺不定。曰喚之為里隔柱。二日平明發。行廿里到安香村庭彥宅齋。行廿里到登州入開元寺宿。登州去赤山浦四百里。乍行山阪蹈破脚。策杖膝步而行矣。城南地界所由喬改來請行由。仍書行曆與之如左。
日本國求法僧圓仁弟子僧惟正惟曉行者丁雄滿
右圓仁等。日"
E130,Event,到達唐朝：圓仁到竪泰([□@考]泰東本作紊)孫花茂宅斷中。不報直入宅裏。得主人恠。但主心慇懃。齋後望西北行卅里。到,1,"縣館。西北行廿里。到竪泰([□@考]泰東本作紊)孫花茂宅斷中。不報直入宅裏。得主人恠。但主心慇懃。齋後望西北行卅里。到蓬萊縣管內望仙鄉王庭村寺宿。入夜雷雨。唐國行五里立一候子。行十里立二候子。築土堆四角。上狹下闊。高四尺或五尺六尺不定。曰喚之為里隔柱。二日平明發。行廿里到安香村庭彥宅齋。行廿里到登州入開元寺宿。登州去赤山浦四百里。乍行山阪蹈破脚。策杖膝步而行矣。城南地界所由喬改來請行由。仍書行曆與之如左。
日本國求法僧圓仁弟子僧惟正惟曉行者丁雄滿
右圓仁等。日"
E131,Event,前往地點：行廿里到登州入開元寺,1,"。行十里立二候子。築土堆四角。上狹下闊。高四尺或五尺六尺不定。曰喚之為里隔柱。二日平明發。行廿里到安香村庭彥宅齋。行廿里到登州入開元寺宿。登州去赤山浦四百里。乍行山阪蹈破脚。策杖膝步而行矣。城南地界所由喬改來請行由。仍書行曆與之如左。
日本國求法僧圓仁弟子僧惟正惟曉行者丁雄滿
右圓仁等。日"
E132,Event,前往地點：里到登州入開元寺,1,"里立二候子。築土堆四角。上狹下闊。高四尺或五尺六尺不定。曰喚之為里隔柱。二日平明發。行廿里到安香村庭彥宅齋。行廿里到登州入開元寺宿。登州去赤山浦四百里。乍行山阪蹈破脚。策杖膝步而行矣。城南地界所由喬改來請行由。仍書行曆與之如左。
日本國求法僧圓仁弟子僧惟正惟曉行者丁雄滿
右圓仁等。日"
E133,Event,前往地點：行廿里到登州入開元寺,1,"行十里立二候子。築土堆四角。上狹下闊。高四尺或五尺六尺不定。曰喚之為里隔柱。二日平明發。行廿里到安香村庭彥宅齋。行廿里到登州入開元寺宿。登州去赤山浦四百里。乍行山阪蹈破脚。策杖膝步而行矣。城南地界所由喬改來請行由。仍書行曆與之如左。
日本國求法僧圓仁弟子僧惟正惟曉行者丁雄滿
右圓仁等。日"
E134,Event,返回日本：板振鎌束船漂流着隱岐國,1,漂流十餘日。着隱岐國。
E135,Event,前往地點：圓仁登州去赤山,1,"築土堆四角。上狹下闊。高四尺或五尺六尺不定。曰喚之為里隔柱。二日平明發。行廿里到安香村庭彥宅齋。行廿里到登州入開元寺宿。登州去赤山浦四百里。乍行山阪蹈破脚。策杖膝步而行矣。城南地界所由喬改來請行由。仍書行曆與之如左。
日本國求法僧圓仁弟子僧惟正惟曉行者丁雄滿
右圓仁等。日"
E136,Event,受法受戒：受法,1,州龍興寺僧也。持涅槃經一千部。入臺山志遠禪師邊。受法花三昧。入道場求普賢。在院行道。得見大聖。如今廿年來也。依新羅僧聖林([□@考]林池本作琳)和尚口說記之。此僧入五臺及長安。遊行得廿年。來此山院語話之次。常聞臺山聖跡甚有奇特。深喜近於聖境暫休向天台之
E137,Event,前往地點：山院過冬到春遊行巡禮臺山,1,"安。遊行得廿年。來此山院語話之次。常聞臺山聖跡甚有奇特。深喜近於聖境暫休向天台之議。更發入五臺之意。仍改先意便擬山院過冬到春遊行巡禮臺山。
廿八日。申時。縣使竇文至等兩人。將縣帖來。其狀偁。
縣　帖青寧鄉
得板頭竇文至狀報。日本國船上拋却人三人
右撿案內得前件板頭狀報。其船今月十五日發訖。拋却三人。"
E138,Event,到達唐朝：到肥前國松浦郡橘浦,1,"九日。臣船得正南風。發船入海。行已三日。忽遭逆風。船著沙上。損壞處多。竭力修造。今月十六日。船僅得浮。便即入海。廿三日。到肥前國松浦郡橘浦。但今唐客隨臣入朝。迎接祗供。令同蕃例。臣具牒大宰府。仰令准擬。其唐消息。今天子廣平王。名迪。年五十三。皇太子雍王。名■。年号大暦十三年。當寳龜九年。
丁酉。皇太子向伊勢。先是。皇太子寢疾久不平復。至"
E139,Event,海上遭難：遭逆風,1,由奏聞。便寄乘臣等船發遣。其第一第二船。並在揚子塘頭。第四船在楚州塩城縣。九月九日。臣船得正南風。發船入海。行已三日。忽遭逆風。船著沙上。損壞處多。竭力修造。今月十六日。船僅得浮。便即入海。廿三日。到肥前國松浦郡橘浦。但今唐客隨臣入朝。迎接祗供。令同蕃例。臣具牒大宰府。仰令准擬。其唐消息。今天子廣平王。名迪。年五十三。皇太子
E140,Event,海上遭難：遭逆風,1,"之浦。
九月十三日，行到百濟南畔之嶋。嶋名毋分明。
以十四日，寅時，二船相從，放出大海。
十五日，日入之時，石布連船，橫遭逆風，飄到南海之嶋。嶋名爾加委。仍為嶋人所滅。便東漢長直阿利麻、坂合部連稻積等五人，盜乘嶋人之船，逃到括州。"
E141,Event,到達唐朝：客等泊於難波津,1,大唐。（唐）國號妹子臣曰蘇因高，即大唐使人裴世清，下客十二人，從妹子臣至於筑紫，遣於難波高麗館之上。六月壬寅朔丙辰，客等泊於難波津。是日，以飾船卅艘迎客等於江口，安置新館。於是，以中臣宫地連摩吕、大河内直糠手、（船）史王平爲掌客。爰妹子臣之曰：『臣参還之時，唐帝以書授臣，然經過百濟國之日，百濟人探以掠取，
E142,Event,返回日本：野臣妹子至自大唐,1,"丘同來。
《日本書記》二十二卷曰：「推古十五年秋七月，大禮小野臣妹子遣於大唐，以鞍作福利爲通事。十六年夏四月，小野臣妹子至自大唐。（唐）國號妹子臣曰蘇因高，即大唐使人裴世清，下客十二人，從妹子臣至於筑紫，遣於難波高麗館之上。六月壬寅朔丙辰，客等泊於難波津。是日，以飾船卅艘迎客等於江口，安置新館。於是，以中臣宫地連摩吕、大河内直"
E143,Event,到達唐朝：從五位上小野朝臣石根著唐國南邊驩州,1,位藤原朝臣清河從二位。副使從五位上小野朝臣石根從四位下。清河贈太政大臣房前之第四子也。勝寳五年。爲大使入唐。廻日遭逆風漂著唐國南邊驩州。時遇土人。及合船被害。清河僅以身免。遂留唐國。不得歸朝。於後十餘年。薨於唐國。石根大宰大貳從四位下老之子也。寳龜八年。任副使入唐。事畢而歸。海中船斷。石根及唐送使趙寳英等六十三人。同時沒
E144,Event,到達唐朝：位上久米連眞上外入唐,1,"二月癸酉。授正六位上佐伯宿祢瓜作從五位下。正六位上久米連眞上外從五位下。」渤海使還國。賜其王璽書。并附信物。
乙亥。贈故入唐大使從三位藤原朝臣清河從二位。副使從五位上小野朝臣石根從四位下。清河贈太政大臣房前之第四子也。勝寳五年。爲大使入唐。廻日遭逆風漂著唐國南邊驩州。時遇土人。及合船被害。清河僅以身免。遂留唐國。不得歸朝。"
E145,Event,派遣遣唐使：高向玄理任命高向玄理爲遣大唐押使,1,遣大唐押使大錦上高向史玄理。大使小錦下河邊臣麻呂。副使大山下藥師惠日。
E146,Event,到達唐朝：從五位上小野朝臣石根入唐,1,。贈故入唐大使從三位藤原朝臣清河從二位。副使從五位上小野朝臣石根從四位下。清河贈太政大臣房前之第四子也。勝寳五年。爲大使入唐。廻日遭逆風漂著唐國南邊驩州。時遇土人。及合船被害。清河僅以身免。遂留唐國。不得歸朝。於後十餘年。薨於唐國。石根大宰大貳從四位下老之子也。寳龜八年。任副使入唐。事畢而歸。海中船斷。石根及唐送使趙寳英等
E147,Event,到達唐朝：任副使入唐,1,土人。及合船被害。清河僅以身免。遂留唐國。不得歸朝。於後十餘年。薨於唐國。石根大宰大貳從四位下老之子也。寳龜八年。任副使入唐。事畢而歸。海中船斷。石根及唐送使趙寳英等六十三人。同時沒
E148,Event,返回日本：從五位上小野朝臣石根廻日,1,入唐大使從三位藤原朝臣清河從二位。副使從五位上小野朝臣石根從四位下。清河贈太政大臣房前之第四子也。勝寳五年。爲大使入唐。廻日遭逆風漂著唐國南邊驩州。時遇土人。及合船被害。清河僅以身免。遂留唐國。不得歸朝。於後十餘年。薨於唐國。石根大宰大貳從四位下老之子也。寳龜八年。任副使入唐。事畢而歸。海中船斷。石根及唐送使趙寳英等六十三
E149,Event,返回日本：從五位上小野朝臣石根歸朝,1,大臣房前之第四子也。勝寳五年。爲大使入唐。廻日遭逆風漂著唐國南邊驩州。時遇土人。及合船被害。清河僅以身免。遂留唐國。不得歸朝。於後十餘年。薨於唐國。石根大宰大貳從四位下老之子也。寳龜八年。任副使入唐。事畢而歸。海中船斷。石根及唐送使趙寳英等六十三人。同時沒
E150,Event,海上遭難：從五位上小野朝臣石根遭逆風,1,大使從三位藤原朝臣清河從二位。副使從五位上小野朝臣石根從四位下。清河贈太政大臣房前之第四子也。勝寳五年。爲大使入唐。廻日遭逆風漂著唐國南邊驩州。時遇土人。及合船被害。清河僅以身免。遂留唐國。不得歸朝。於後十餘年。薨於唐國。石根大宰大貳從四位下老之子也。寳龜八年。任副使入唐。事畢而歸。海中船斷。石根及唐送使趙寳英等六十三人。同
E151,Event,海上遭難：從五位上小野朝臣石根漂著,1,三位藤原朝臣清河從二位。副使從五位上小野朝臣石根從四位下。清河贈太政大臣房前之第四子也。勝寳五年。爲大使入唐。廻日遭逆風漂著唐國南邊驩州。時遇土人。及合船被害。清河僅以身免。遂留唐國。不得歸朝。於後十餘年。薨於唐國。石根大宰大貳從四位下老之子也。寳龜八年。任副使入唐。事畢而歸。海中船斷。石根及唐送使趙寳英等六十三人。同時沒
E152,Event,海上遭難：海中船斷,1,河僅以身免。遂留唐國。不得歸朝。於後十餘年。薨於唐國。石根大宰大貳從四位下老之子也。寳龜八年。任副使入唐。事畢而歸。海中船斷。石根及唐送使趙寳英等六十三人。同時沒
E153,Event,海上遭難：海中船斷,1,。清河僅以身免。遂留唐國。不得歸朝。於後十餘年。薨於唐國。石根大宰大貳從四位下老之子也。寳龜八年。任副使入唐。事畢而歸。海中船斷。石根及唐送使趙寳英等六十三人。同時沒
E154,Event,到達唐朝：七月二日著大唐楊州海陵縣,1,。知命不久。因而尋叡山北極幽谷。結草爲庵。消三四年。闔山僧衆苦勸云。吾師爲法早可入唐。尋而官補請益。承和五年發。七月二日著大唐楊州海陵縣。開成三年七月二日到楊州。同年十月。國使入京。圓仁苦請留住楊府。意任巡礼天台及五臺等諸聖跡。李相公徳裕聞奏。有勅不許巡礼。四年國使
E155,Event,到達唐朝：爲法早可入唐,1,月。最澄大師遷化。圓仁齢始滿卅。身羸眼暗。知命不久。因而尋叡山北極幽谷。結草爲庵。消三四年。闔山僧衆苦勸云。吾師爲法早可入唐。尋而官補請益。承和五年發。七月二日著大唐楊州海陵縣。開成三年七月二日到楊州。同年十月。國使入京。圓仁苦請留住楊府。意任巡礼天台及五臺等諸聖跡。李相公徳裕聞奏。有勅不許巡礼。四年國使
E156,Event,派遣遣唐使：河邊臣麻呂任命河邊臣麻呂爲遣大唐大使,1,大使小錦下河邊臣麻呂。
E157,Event,前往地點：意任巡礼天台及五臺,1,。尋而官補請益。承和五年發。七月二日著大唐楊州海陵縣。開成三年七月二日到楊州。同年十月。國使入京。圓仁苦請留住楊府。意任巡礼天台及五臺等諸聖跡。李相公徳裕聞奏。有勅不許巡礼。四年國使
E158,Event,到達唐朝：二十二日入唐,1,"成。奉表以聞。并請來新譯經等目
録一卷。且以奉進輕黷威嚴。伏増戰越。沙門
空海誠恐誠惶謹言
　　大同元年十月二十二日
　入唐學法沙門空海上表　 
入唐學法沙門空海大同元年請來經律論疏
章傳記。并佛菩薩金剛天等像。三昧耶曼陀
羅。法曼陀羅。傳法阿闍梨等影及道具。竝阿
闍梨付囑物等目録都合六種。就中
　　新譯等經都一百四十二部"
E159,Event,到達唐朝：空海入唐,1,"等目
録一卷。且以奉進輕黷威嚴。伏増戰越。沙門
空海誠恐誠惶謹言
　　大同元年十月二十二日
　入唐學法沙門空海上表　 
入唐學法沙門空海大同元年請來經律論疏
章傳記。并佛菩薩金剛天等像。三昧耶曼陀
羅。法曼陀羅。傳法阿闍梨等影及道具。竝阿
闍梨付囑物等目録都合六種。就中
　　新譯等經都一百四十二部二百四十七卷
梵字眞言讃等"
E160,Event,帶回文化物品：之法生而請來,1,"海雖闕期之罪死而
有餘。竊喜難得之法生而請來。不任一懼一
喜之至。謹附判官正六位上行大宰大監高
階眞人遠成。奉表以聞。并請來新譯經等目
録一卷。且以奉進輕黷威嚴。伏増戰越。沙門
空海誠恐誠惶謹言
　　大同元年十月二十二日
　入唐學法沙門空海上表"
E161,Event,帶回文化物品：空海請來,1,"黷威嚴。伏増戰越。沙門
空海誠恐誠惶謹言
　　大同元年十月二十二日
　入唐學法沙門空海上表　 
入唐學法沙門空海大同元年請來經律論疏
章傳記。并佛菩薩金剛天等像。三昧耶曼陀
羅。法曼陀羅。傳法阿闍梨等影及道具。竝阿
闍梨付囑物等目録都合六種。就中
　　新譯等經都一百四十二部二百四十七卷
梵字眞言讃等都四十二部四十"
E162,Event,返回日本：孫興進歸國,1,"辞。不勝悵戀。
丙寅。前學生阿倍朝臣仲麻呂在唐而亡。家口偏乏。葬礼有闕。勅賜東■一百疋。白綿三百屯。
丁夘。唐使孫興進等歸國。
己巳。授散位正六位上百濟王元徳從五位下。
閏五月甲申。贈故河内守"
E163,Event,接受賞賜：使孫興進授散位正六位上,1,"丙寅。前學生阿倍朝臣仲麻呂在唐而亡。家口偏乏。葬礼有闕。勅賜東■一百疋。白綿三百屯。
丁夘。唐使孫興進等歸國。
己巳。授散位正六位上百濟王元徳從五位下。
閏五月甲申。贈故河内守"
E164,Event,接受賞賜：孫興進勅賜東■一百疋。白綿三百屯,1,"卿等好去。孫興進等奏。臣等多幸。得謁天闕。今乍拜辞。不勝悵戀。
丙寅。前學生阿倍朝臣仲麻呂在唐而亡。家口偏乏。葬礼有闕。勅賜東■一百疋。白綿三百屯。
丁夘。唐使孫興進等歸國。
己巳。授散位正六位上百濟王元徳從五位下。
閏五月甲申。贈故河内守"
E165,Event,授予官職：使孫興進授散位正六位上,1,"丙寅。前學生阿倍朝臣仲麻呂在唐而亡。家口偏乏。葬礼有闕。勅賜東■一百疋。白綿三百屯。
丁夘。唐使孫興進等歸國。
己巳。授散位正六位上百濟王元徳從五位下。
閏五月甲申。贈故河内守"
E166,Event,到達唐朝：至高武縣,1,十五人入京。十月十六日。發赴上都。至高武縣。有中書門下勅牒。爲路次乏車馬。減却人數。定廿人。正月十三日。到長安。即遣内使趙寳英。將馬迎接。安置外宅。三月廿四日。乃對龍顏奏事。四月廿二日。辞見首路。勅令内使揚光耀監送。至揚州發遣。便領留學生起京
E167,Event,派遣遣唐使：薬師恵日任命藥師惠日爲遣大唐副使,1,副使大山下藥師惠日。
E168,Event,到達唐朝：至蘇州常耽縣,1,留學生起京。又差内使掖庭令趙寳英。判官四人。賚國土寳貨。隨使來朝。以結隣好。六月廿五日。到惟楊。九月三日。發自揚子江口。至蘇州常耽縣候風。其第三船在海陵縣。第四船在楚州塩城縣。並未知發日。十一月五日。得信風。第一第二船同發入海。比及海中。八日
E169,Event,到達唐朝：年六月內到文登縣,1,源。大聖之化處。西天高僧。踰險遠投。唐國名德。遊[A20]茲得道。圓仁等。舊有欽羨。涉海訪尋。未遂宿願。去開成四年六月內到文登縣青寧鄉赤山新羅院。隔生緣([□@考]緣下脫於字)滄溟。忘懷土於海岸。今欲往諸方禮謁聖跡。尋師學法。恐所在州縣關津口鋪。及
E170,Event,前往地點：年六月內到文登縣青寧鄉赤山,1,源。大聖之化處。西天高僧。踰險遠投。唐國名德。遊[A20]茲得道。圓仁等。舊有欽羨。涉海訪尋。未遂宿願。去開成四年六月內到文登縣青寧鄉赤山新羅院。隔生緣([□@考]緣下脫於字)滄溟。忘懷土於海岸。今欲往諸方禮謁聖跡。尋師學法。恐所在州縣關津口鋪。及
E171,Event,前往地點：月內到文登縣青寧鄉赤山,1,大聖之化處。西天高僧。踰險遠投。唐國名德。遊[A20]茲得道。圓仁等。舊有欽羨。涉海訪尋。未遂宿願。去開成四年六月內到文登縣青寧鄉赤山新羅院。隔生緣([□@考]緣下脫於字)滄溟。忘懷土於海岸。今欲往諸方禮謁聖跡。尋師學法。恐所在州縣關津口鋪。及
E172,Event,到達唐朝：到鎮家東本誤作倒鎮,1,"贈土物亦更向淮南鎮去。從江口北行十五里許。既到鎮家([□@考]到鎮家東本誤作倒鎮孚)鎮軍等申云。更可還向於掘港𨓍。即將鎮軍兩人歸于江口。垂到江口。判官元行存。在水路邊申云。今日已晚。夜頭停宿。隨言留居。勞問殊深。兼加引前之人。
三日丑時潮生。知路之船引前。而赴掘港𨓍。巳時到白湖("
E173,Event,到達唐朝：午時僅到海陵縣白潮鎮,1,考]湖上文及下文作潮)口。逆流極遄。大唐人三人。并本國水手等。曳船截流。到岸結纜。暫待潮生。於此聞第四舶漂着北海。午時僅到海陵縣白潮鎮管內守捉軍中村。爰先於海中相別錄事山代氏益等卅餘人迎出。再
E174,Event,海上遭難：聞第四舶漂着,1,時到白湖([□@考]湖上文及下文作潮)口。逆流極遄。大唐人三人。并本國水手等。曳船截流。到岸結纜。暫待潮生。於此聞第四舶漂着北海。午時僅到海陵縣白潮鎮管內守捉軍中村。爰先於海中相別錄事山代氏益等卅餘人迎出。再
E175,Event,接受賞賜：孫興進賜祿物,1,"及公卿百姓。並是平好。又朝恩遐覃。行路无恙。路次國宰。祗供如法。又勅曰。客等比在館中旅情愁鬱。所以聊設宴饗。加授位階。兼賜祿物。卿等宜知之。
庚申。右大臣饗唐客於第。勅賜綿三千屯。
辛酉。授女嬬正六位上賀茂朝臣御笠從五位下。
乙丑。唐使孫興進等辞見。中納言從三位物部朝臣宅嗣宣勅曰。卿等到此。未經多日。還國之期。忽然云"
E176,Event,接受賞賜：孫興進賜綿三千屯,1,"國宰。祗供如法。又勅曰。客等比在館中旅情愁鬱。所以聊設宴饗。加授位階。兼賜祿物。卿等宜知之。
庚申。右大臣饗唐客於第。勅賜綿三千屯。
辛酉。授女嬬正六位上賀茂朝臣御笠從五位下。
乙丑。唐使孫興進等辞見。中納言從三位物部朝臣宅嗣宣勅曰。卿等到此。未經多日。還國之期。忽然云"
E177,Event,接受賞賜：授女嬬正六位上,1,"曰。客等比在館中旅情愁鬱。所以聊設宴饗。加授位階。兼賜祿物。卿等宜知之。
庚申。右大臣饗唐客於第。勅賜綿三千屯。
辛酉。授女嬬正六位上賀茂朝臣御笠從五位下。
乙丑。唐使孫興進等辞見。中納言從三位物部朝臣宅嗣宣勅曰。卿等到此。未經多日。還國之期。忽然云"
E178,Event,到達唐朝：遣唐使泊於萊州遂到于京奉覲天子,1,分乘二船。留連數月。取新羅道。泊於萊州。遂到于京。奉覲天子。
E179,Event,接受賞賜：官孫興進勅賜綿三千屯,1,"次國宰。祗供如法。又勅曰。客等比在館中旅情愁鬱。所以聊設宴饗。加授位階。兼賜祿物。卿等宜知之。
庚申。右大臣饗唐客於第。勅賜綿三千屯。
辛酉。授女嬬正六位上賀茂朝臣御笠從五位下。
乙丑。唐使孫興進等辞見。中納言從三位物部朝臣宅嗣宣勅曰。卿等到此。未經多日。還國之期。忽然云"
E180,Event,海上遭難：漂沒,1,卿。國内百姓。平安以不。又海路難險。一二使人。或漂沒海中。或被掠耽羅。朕聞之悽愴於懷。又客等來朝道次。國宰祗供。如法以不。唐使判官孫興進等言。臣等來時。本國天子。及公卿百姓。並是平好。又朝恩遐覃。行路无恙。路次國宰。祗供如法。又勅曰。客等比在館中旅情愁
E181,Event,授予官職：授女嬬正六位上,1,"曰。客等比在館中旅情愁鬱。所以聊設宴饗。加授位階。兼賜祿物。卿等宜知之。
庚申。右大臣饗唐客於第。勅賜綿三千屯。
辛酉。授女嬬正六位上賀茂朝臣御笠從五位下。
乙丑。唐使孫興進等辞見。中納言從三位物部朝臣宅嗣宣勅曰。卿等到此。未經多日。還國之期。忽然云"
E182,Event,到達唐朝：義空共惠著大宰府,1,"城天皇大同元年
八月，空海歸。

嵯峨天皇
唐國釋義空共惠蕚法師泛海，著大宰府。初，蕚跨海覓法，皇太后橘氏欽唐地之禪化，委金幣於蕚，聘有道尊宿。蕚到杭州靈池院，參國師，且通大后之幣。國師感納之。蕚曰：「我國信根純熟，教法甚盛，然最上禪宗未有傳也。願得師之一枝佛法，爲吾土宗門之根"
E183,Event,到達唐朝：義空共惠到杭州靈池院,1,"歸。

嵯峨天皇
唐國釋義空共惠蕚法師泛海，著大宰府。初，蕚跨海覓法，皇太后橘氏欽唐地之禪化，委金幣於蕚，聘有道尊宿。蕚到杭州靈池院，參國師，且通大后之幣。國師感納之。蕚曰：「我國信根純熟，教法甚盛，然最上禪宗未有傳也。願得師之一枝佛法，爲吾土宗門之根抵，不亦宜乎？」國師令室中上首義空充其請。空便共蕚泛海，著大宰府。蕚先馳奏，勑迎"
E184,Event,到達唐朝：著大宰府,1,，教法甚盛，然最上禪宗未有傳也。願得師之一枝佛法，爲吾土宗門之根抵，不亦宜乎？」國師令室中上首義空充其請。空便共蕚泛海，著大宰府。蕚先馳奏，勑迎空，館於京師東寺之西院。皇帝賚賜甚渥，太后創檀林寺居焉，時時問道。蕚再入支那，乞蘇州開元寺沙門契元勒事刻琬玦，題曰：「日
E185,Event,前往地點：義空共惠到杭州靈池院,1,"歸。

嵯峨天皇
唐國釋義空共惠蕚法師泛海，著大宰府。初，蕚跨海覓法，皇太后橘氏欽唐地之禪化，委金幣於蕚，聘有道尊宿。蕚到杭州靈池院，參國師，且通大后之幣。國師感納之。蕚曰：「我國信根純熟，教法甚盛，然最上禪宗未有傳也。願得師之一枝佛法，爲吾土宗門之根抵，不亦宜乎？」國師令室中上首義空充其請。空便共蕚泛海，著大宰府。蕚先馳奏，勑迎"
E186,Event,到達唐朝：到鎮家東本誤作倒鎮,1,。乘小船來慰問。使等筆上([□@考]上池本作言)國風。大使贈土物亦更向淮南鎮去。從江口北行十五里許。既到鎮家([□@考]到鎮家東本誤作倒鎮孚)鎮軍等申云。更可還向於掘港𨓍。即將鎮
E187,Event,返回日本：更指江口却歸,1,。即問國鄉。答云。此是大唐揚州海陵縣淮南鎮大江口。即召其商人兩人。上船向淮南鎮。從水路而到半途。彼兩人未知鎮家。更指江口却歸。日晚於江口宿。二日晚彼二人歸去。近側有鹽官。即差判官長岑宿禰高名准錄事高丘宿禰百興。令向鎮家。兼送文條([□@考]條恐牒字)即鹽官判官元行存。乘小船來慰問。使等筆上([□@考]上池本作言)國風。大使
E188,Event,到達唐朝：入唐,1,"十艘。充大宰府。
辛夘。天皇御大極殿。受朝。從四位上藤原朝臣武智麻呂。從四位下多治比眞人縣守二人。賛引皇太子也。
己亥。入唐使等拜見。皆着唐國所授朝服。
壬寅。授從四位上路"
E189,Event,返回日本：遣唐使第二船判官菅原朝臣清公來到肥前国松浦郡鹿嶋,1,遣唐使第二船判官正六位上菅原朝臣清公。來到肥前国松浦郡鹿嶋。
E190,Event,返回日本：多治比眞人縣守自唐國至,1,"赦除之。其癈疾之徒。不能自存。量加賑恤。仍令長官親自慰問。兼給湯藥。僧尼亦同。布告天下知朕意焉。
壬申。多治比眞人縣守等自唐國至。
甲戌。進節刀。此度使人略無闕亡。前年大使從五位上坂合部宿祢大分亦隨而來歸。
三年春正月庚寅朔。廢朝。大風也。」以舶二艘。獨底船十艘。充大宰府。
辛夘。天皇御大極殿。受朝。從四位上藤原朝臣武智麻呂。"
E191,Event,到達唐朝：藤原常嗣着對馬嶋南浦,1,"手等十六人駕編板漂着之状。
己亥。勅符遣唐大使藤原朝臣常嗣。省大宰府去月廿日飛驛奏言。第三舶水脚十六人。編板如桴。駕之漂着對馬嶋南浦。其水脚等申云。舶實依數解散者。翻水不收。悔而何及。言念災變。永用憫傷。又案又案同府別奏言。彫弊未復。旱疫相仍。使人等六百有餘不堪供給。伏望准寳字寳龜例。使人入京。水脚還郷。又留判官録事各一人。与府司"
E192,Event,海上遭難：人駕編板漂着,1,"等。共果國命。
八月戊戌朔。大宰府馳驛。奏遣唐使第三舶水手等十六人駕編板漂着之状。
己亥。勅符遣唐大使藤原朝臣常嗣。省大宰府去月廿日飛驛奏言。第三舶水脚十六人。編板如桴。駕之漂着對馬嶋南浦。其水脚等申云。舶實依數解散者。翻水不收。悔而何及。言念災變。永用憫傷。又案又案同府別奏"
E193,Event,海上遭難：藤原常嗣漂着,1,"水手等十六人駕編板漂着之状。
己亥。勅符遣唐大使藤原朝臣常嗣。省大宰府去月廿日飛驛奏言。第三舶水脚十六人。編板如桴。駕之漂着對馬嶋南浦。其水脚等申云。舶實依數解散者。翻水不收。悔而何及。言念災變。永用憫傷。又案又案同府別奏言。彫弊未復。旱疫相仍。使人等六百有餘不堪供給。伏望准寳字寳龜例。使人入京。水脚還郷。又留判官録事各一"
E194,Event,到達唐朝：駕桴漂着肥前國,1,"欲更入都者。隨願駐之。但大使副使。去留任意。其縁修造事。應留判官并録事者。任大使之簡定。
辛丑。遣唐第三舶人九人。駕桴漂着肥前國。
乙巳。勅曰。遣唐第三舶。未遂利渉。半途漂損。纔乘桴所着使下之徒廿有五人。漂着之後。已經旬日。而判官録事史生知乘船事等惣一百餘人。未知所去。存亡難量。宜仰大宰府。差海邊諳路之人。遣絶嶋無人之處。漂損"
E195,Event,海上遭難：駕桴漂着,1,"不欲更入都者。隨願駐之。但大使副使。去留任意。其縁修造事。應留判官并録事者。任大使之簡定。
辛丑。遣唐第三舶人九人。駕桴漂着肥前國。
乙巳。勅曰。遣唐第三舶。未遂利渉。半途漂損。纔乘桴所着使下之徒廿有五人。漂着之後。已經旬日。而判官録事史生知乘船事等惣一百餘人。未知所去。存亡難量。宜仰大宰府。差海邊諳路之人。遣絶嶋無人之處"
E196,Event,海上遭難：漂着,1,"定。
辛丑。遣唐第三舶人九人。駕桴漂着肥前國。
乙巳。勅曰。遣唐第三舶。未遂利渉。半途漂損。纔乘桴所着使下之徒廿有五人。漂着之後。已經旬日。而判官録事史生知乘船事等惣一百餘人。未知所去。存亡難量。宜仰大宰府。差海邊諳路之人。遣絶嶋無人之處。漂損人物一向尋覓。募以穀帛。"
E197,Event,到達唐朝：真如着大宰府,1,"赴日本寮，共泛舶，凡三日夜，着大宰府，年丁亥也。

同四年
釋真如泛海入唐，遍詢名德，不充如意，遂杖錫西邁。元慶五年，在唐留學沙門中瓘寄書來曰：「如皇子過流沙，傳聞到羅越國，逆旅迁化。」

村上天皇天德三年
《楚帖》曰：「五代後周世祖顯"
E198,Event,到達唐朝：真如到羅越國,1,"也。

同四年
釋真如泛海入唐，遍詢名德，不充如意，遂杖錫西邁。元慶五年，在唐留學沙門中瓘寄書來曰：「如皇子過流沙，傳聞到羅越國，逆旅迁化。」

村上天皇天德三年
《楚帖》曰：「五代後周世祖顯德五年，歲在戊午，有日本國傳瑜伽大教弘順大師，賜紫寛輔。又云：本國都城南五百餘里有金峰山，頂上有金剛藏王菩薩，第一靈異。山有松檜、名花、"
E199,Event,派遣遣唐使：爲獻日本朝遣唐大使,1,"正税貳仟束。其軍士蝦夷俘囚有功者。按察使簡定奏聞。
丁夘。帝臨軒。渤海國使高南申等貢方物。奏曰。國王大欽茂言。爲獻日本朝遣唐大使特進兼秘書監藤原朝臣河清上表并恒貢物。差輔國大將軍高南申等。充使入朝。詔曰。遣唐大使藤原河清久不來歸。所鬱念也。而高麗王差南申令齎河清表文入朝。王之款誠。實有嘉焉。▼是日。高野天皇及帝幸太師第。授正六"
E200,Event,派遣遣唐使：小野朝臣石根任命小野朝臣石根爲遣唐副使,1,以左中弁兼中衛中將鑄錢長官從五位上小野朝臣石根。備中守從五位下大神朝臣末足並爲副使。
E201,Event,朝貢獻物：高南申貢方物,1,"正税貳仟束。其軍士蝦夷俘囚有功者。按察使簡定奏聞。
丁夘。帝臨軒。渤海國使高南申等貢方物。奏曰。國王大欽茂言。爲獻日本朝遣唐大使特進兼秘書監藤原朝臣河清上表并恒貢物。差輔國大將軍高南申等。充使入朝。詔曰。遣唐大使藤原河清久不來歸。所鬱念也。而高麗王差南申令齎河清表文入朝。王之款誠。實有嘉"
E202,Event,到達唐朝：著有入唐求法,1,"記
梁容若
圓仁，日本稱為慈覺大師，為天台宗名僧，唐文宗時來華留學，稽留十年，宣宗大中初回國，著有入唐求法巡禮記四卷，為外人所記唐代重要史料。今略考其生平，並論引其遊唐日記為本篇。
一、圓仁傳略
釋圓仁姓壬生氏，日本桓武天皇延曆十三年（唐德宗貞元十年，西元七九四）生於下野都賀郡。幼喪父，性聰敏，風貌溫雅。"
E203,Event,返回日本：宗大中初回國,1,"記
梁容若
圓仁，日本稱為慈覺大師，為天台宗名僧，唐文宗時來華留學，稽留十年，宣宗大中初回國，著有入唐求法巡禮記四卷，為外人所記唐代重要史料。今略考其生平，並論引其遊唐日記為本篇。
一、圓仁傳略
釋圓仁姓壬生氏，日本桓武天皇延曆十三年（唐德宗貞元十年，西元七九四）生於下野都賀郡。幼喪父，性聰"
E204,Event,前往地點：最澄登京都比叡山,1,聰敏，風貌溫雅。年九歲其兄授以經史。同郡大慈寺有僧曰廣智，乃唐鑑真和尚三傳弟子，德行該博，鞠為法嗣，遂專修內典。年十五，登京都比叡山謁傳教大師最澄，教以止觀大定妙慧，嶄然出儕
E205,Event,"到達唐朝：二月下旬到
長安城",1,"闍梨之所付也。空 
海去延暦二十三年季夏之月。隨入唐
大使藤原朝臣。同上第一船發赴咸陽。
其年八月到福州著岸。十二月下旬到
長安城。宣陽坊宮宅安置。二十四年仲
春十一日。大使等旋軔本朝。唯空海孑
然准勅留住西明寺永忠和尚故院。於
是歴城中訪名徳。偶然奉遇青龍寺東
塔院和尚法諱惠果阿闍梨。其大徳則
大興善寺大廣智三藏之付法弟子也。"
E206,Event,到達唐朝：其年八月到福州,1,"右五種。亦是青龍阿闍梨之所付也。空 
海去延暦二十三年季夏之月。隨入唐
大使藤原朝臣。同上第一船發赴咸陽。
其年八月到福州著岸。十二月下旬到
長安城。宣陽坊宮宅安置。二十四年仲
春十一日。大使等旋軔本朝。唯空海孑
然准勅留住西明寺永忠和尚故院。於
是歴城中訪名徳。偶然奉遇青龍寺東
塔院和尚法諱惠果阿闍梨。其大徳則
大興善"
E207,Event,到達唐朝：空海入唐,1,"虎珀供養鋺一口
白瑠璃供養椀一口
紺瑠璃箸一具
　　右五種。亦是青龍阿闍梨之所付也。空 
海去延暦二十三年季夏之月。隨入唐
大使藤原朝臣。同上第一船發赴咸陽。
其年八月到福州著岸。十二月下旬到
長安城。宣陽坊宮宅安置。二十四年仲
春十一日。大使等旋軔本朝。唯空海孑
然准勅留住西明寺永忠和尚故院。於
是歴城中訪名徳。偶然奉遇"
E208,Event,"前往地點：二月下旬到
長安城",1,"闍梨之所付也。空 
海去延暦二十三年季夏之月。隨入唐
大使藤原朝臣。同上第一船發赴咸陽。
其年八月到福州著岸。十二月下旬到
長安城。宣陽坊宮宅安置。二十四年仲
春十一日。大使等旋軔本朝。唯空海孑
然准勅留住西明寺永忠和尚故院。於
是歴城中訪名徳。偶然奉遇青龍寺東
塔院和尚法諱惠果阿闍梨。其大徳則
大興善寺大廣智三藏之付法弟子也。"
E209,Event,到達唐朝：漂蕩着紀伊國,1,"唐副使從四位上吉備朝臣眞備船。以去年十二月七日。來着益久嶋。自是之後。自益久嶋進發。漂蕩着紀伊國牟漏埼。
丙寅。副使大伴宿祢古麻呂自唐國至。古麻呂奏曰。大唐天寳十二載。歳在癸巳正月朔癸夘。百官諸蕃朝賀。天子於蓬莱宮含元殿受朝。是日。以我次西畔第二吐蕃下。以新羅使次東畔第一大食國上。古麻呂論曰。自"
E210,Event,返回日本：祢古麻呂自唐國至,1,"位上吉備朝臣眞備船。以去年十二月七日。來着益久嶋。自是之後。自益久嶋進發。漂蕩着紀伊國牟漏埼。
丙寅。副使大伴宿祢古麻呂自唐國至。古麻呂奏曰。大唐天寳十二載。歳在癸巳正月朔癸夘。百官諸蕃朝賀。天子於蓬莱宮含元殿受朝。是日。以我次西畔第二吐蕃下。以新羅使次東畔第一大食國上。古麻呂論曰。自古至今。新羅之朝貢大日本國久矣。而今列東畔"
E211,Event,派遣遣唐使：大神朝臣末足任命大神朝臣末足爲遣唐副使,1,以左中弁兼中衛中將鑄錢長官從五位上小野朝臣石根。備中守從五位下大神朝臣末足並爲副使。
E212,Event,朝貢獻物：大伴宿祢古麻呂自唐國朝貢,1,"官諸蕃朝賀。天子於蓬莱宮含元殿受朝。是日。以我次西畔第二吐蕃下。以新羅使次東畔第一大食國上。古麻呂論曰。自古至今。新羅之朝貢大日本國久矣。而今列東畔上。我反在其下。義不合得。時將軍呉懷實見知古麻呂不肯色。即引新羅使。次西畔第二吐蕃下。以日本使次東畔第一大食國上。
二"
E213,Event,海上遭難：漂蕩着,1,"唐副使從四位上吉備朝臣眞備船。以去年十二月七日。來着益久嶋。自是之後。自益久嶋進發。漂蕩着紀伊國牟漏埼。
丙寅。副使大伴宿祢古麻呂自唐國至。古麻呂奏曰。大唐天寳十二載。歳在癸巳正月朔癸夘。百官諸蕃朝賀。天子於蓬莱宮含元殿受朝。是日。以我次西畔第二吐蕃下。以新羅使次東畔第一大食國上。古麻呂論"
E214,Event,到達唐朝：廿五被宛入唐,1,）廿二年癸未二月己未日。大僧都行賀卒。春秋七十有五也。俗姓上毛野公、大和国広瀬郡人也。生年十五出家、廿受具足戒、廿五被宛入唐留学、学唯識法花両宗。住唐卅一年、帰来之日、歴試身才。東大寺僧明一、難問宗義、
E215,Event,返回日本：帰来,1,春秋七十有五也。俗姓上毛野公、大和国広瀬郡人也。生年十五出家、廿受具足戒、廿五被宛入唐留学、学唯識法花両宗。住唐卅一年、帰来之日、歴試身才。東大寺僧明一、難問宗義、
E216,Event,受法受戒：行賀受具足戒,1,"。
（『扶桑略記』）廿二年癸未二月己未日。大僧都行賀卒。春秋七十有五也。俗姓上毛野公、大和国広瀬郡人也。生年十五出家、廿受具足戒、廿五被宛入唐留学、学唯識法花両宗。住唐卅一年、帰来之日、歴試身才。東大寺僧明一、難問宗義、"
E217,Event,接受賞賜：行賀賜彩帛,1,"於是、河清、悲傷流涕、遂以大暦五年正月薨。時年七十三。贈■洲大都督。▼是日。造志波城使従三位行近衛中将坂上田村麻呂辞見。賜彩帛五十疋・綿三百屯。
（『扶桑略記』）廿二年癸未二月己未日。大僧都行賀卒。春秋七十有五也。俗姓上毛野公、大和国広瀬郡人也。生年十五出家、廿受具足戒、廿五被宛入唐留学、学唯識法花両宗。住唐卅一年、帰来之日"
E218,Event,到達唐朝：藤原常嗣着肥前國松浦郡,1,大宰權帥正四位下兼左大弁藤原朝臣常嗣。大貳從四位上南淵朝臣永河等。得今月十九日奏状。知遣唐大使藤原常嗣朝臣等率七隻船。廻着肥前國松浦郡生属嶋。与先到録事大神宗雄船。總是八艘。宜依例
E219,Event,到達唐朝：上奏入唐,1,"六口於常寧殿。令修息災之法。有物恠也。
癸酉。以攝津國嶋上郡荒田九段。賜明經碩儒從四位下善道朝臣眞貞。』大宰府飛驛。上奏入唐大使藤原朝臣常嗣等歸着之由。兼使等奏状。
甲戌。勅參議大宰權帥正四位下兼左大弁藤原朝臣常嗣。大貳從四位上南淵朝臣永河等。得今月十九日奏状。知遣唐大使藤原常嗣朝臣等率七隻船。廻着肥前國松浦郡生属嶋。与先"
E220,Event,返回日本：並祈船舶歸着,1,"國住吉神。越前國氣比神。並祈船舶歸着。
辛酉。以東鴻臚院地二町。充典藥寮。爲御藥園。
壬申。請眞言僧十六口於常寧殿。令修息災之法。有物恠也。
癸酉。以攝津國嶋上郡荒田九段。賜明經碩儒從四位下善道朝臣眞貞。』大宰府飛驛。上奏入唐大使藤原朝"
E221,Event,返回日本：藤原常嗣歸着,1,"之法。有物恠也。
癸酉。以攝津國嶋上郡荒田九段。賜明經碩儒從四位下善道朝臣眞貞。』大宰府飛驛。上奏入唐大使藤原朝臣常嗣等歸着之由。兼使等奏状。
甲戌。勅參議大宰權帥正四位下兼左大弁藤原朝臣常嗣。大貳從四位上南淵朝臣永河等。得今月十九日奏状。知遣唐大使藤原常嗣朝臣等率七隻船。廻着肥前國松浦郡生属嶋。与先到録事大神宗雄船。總是"
E222,Event,海上遭難：遣唐使船爲浪所搖船尾破裂,1,遣唐使駕船一隻自安藝國到于難波江口。著灘不浮。其柁亦復不得發出。爲浪所搖。船尾破裂。
E223,Event,師從學習：空海以惠果和尚爲師主,1,幸遇青龍寺灌頂阿闍梨法號惠果和尚。以爲師主。
E224,Event,海上遭難：藤原常嗣廻着,1,議大宰權帥正四位下兼左大弁藤原朝臣常嗣。大貳從四位上南淵朝臣永河等。得今月十九日奏状。知遣唐大使藤原常嗣朝臣等率七隻船。廻着肥前國松浦郡生属嶋。与先到録事大神宗雄船。總是八艘。宜依例
E225,Event,返回日本：太和公主歸國,1,"等使。劉沔檢校尚書左僕射，張仲武檢校尚書右僕射，餘並如故。黠戛斯使注吾合素入朝，獻名馬二匹，言可汗已破迴鶻，迎得太和公主歸國，差人送公主入朝，愁迴鶻殘眾奪之於路。帝遂遣中使送注吾合素往太原迎公主。時烏介可汗中箭，走投黑車子，詔黠戛斯出兵攻之。

三月，太和公主至京師，百官班于章敬寺迎謁，仍令所司告憲宗、穆宗二室。

四月，"
E226,Event,到達唐朝：到邵村浦,1,"〈入唐求法巡禮行記卷第二〉
([□@考]開成四年四月)十九日平明。天晴。北風吹。舉矴南出。未時風止。搖櫓指西南行。申時。到邵村浦下矴繫住。當於陶村之西南。擬入於澳。逆潮遄流不能進行。
廿日早朝。新羅人乘小船來。便聞張寶亮。與新羅王子。同心罰得新羅國便令其王子作新羅國王子既了。南風稍切。緣潮逆遄不得定住。東西往復。搖振殊甚。
廿"
E227,Event,到達唐朝：卷一入唐求法,1,"卷一

入唐求法巡禮行記卷二

卷三

→

〈入唐求法巡禮行記卷第二〉
([□@考]開成四年四月)十九日平明。天晴。北風吹。舉矴南出。未時風止。搖櫓指西南行。申時。到邵村浦下矴繫住。當於陶村之西南。擬入於澳。逆潮遄"
E228,Event,到達唐朝：圓仁到五台而問津,1,故天台座主圓仁，慈襟不測，惠翅高飛，到五台而問津，誠同刺頸；開三密而弘教，業是增華。轉大梵輪，正獅子吼。朕昔以眇身，頻接慈眼，恨護持之俄隔，思崇餝而何窮，宜贈法印大和尚，仍諡號慈覺大師」云。事詳「慈覺大師傳」、「三國佛法傳通起緣卷三」、「元亨釋書卷
E229,Event,到達唐朝：書卷三入唐,1,"覺大師」云。事詳「慈覺大師傳」、「三國佛法傳通起緣卷三」、「元亨釋書卷三」、「日本高僧傳卷六」及「華芳餘輝」等書。
二、入唐始末
日本仁明天皇元年，派參議藤原常嗣為遣唐使。次年七月二日四舶同發，圓仁從行。遇險破舟，均折回。四年七月再發，遭逆風不果。至五年六月十三日，復於九州博多分登第一舶與第四舶，是為三次首"
E230,Event,海上遭難：書卷三遭逆風,1,"二、入唐始末
日本仁明天皇元年，派參議藤原常嗣為遣唐使。次年七月二日四舶同發，圓仁從行。遇險破舟，均折回。四年七月再發，遭逆風不果。至五年六月十三日，復於九州博多分登第一舶與第四舶，是為三次首"
E231,Event,到達唐朝：入唐求法,1,"不敢作輕蔑之心。若逢驢畜。亦起疑心。恐是文殊化現歟。舉目所見。皆起文殊所化之想。聖靈之地。使人自然對境起崇重之心也。
〈入唐求法巡禮行記卷第二〉"
E232,Event,到達唐朝：著出州國,1,"婆林邑也見唐書環王國下)國人捨二百貫。今國眾計少人數。仍募五十貫者。轉催感少。
八日新羅人王請來相看。是本國弘仁十年。流著出州國之唐人張覺濟等同船之人也。問漂流之由。申云為交易諸物。離此過海。忽遇惡風。南流三月。流著出州國。其張覺濟兄弟二人。臨將發時。同共逃留出州。從北出州。就北海而發。得好風十五箇日。流著長門國。頗解本國語("
E233,Event,到達唐朝：人張覺濟著出州國,1,來相看。是本國弘仁十年。流著出州國之唐人張覺濟等同船之人也。問漂流之由。申云為交易諸物。離此過海。忽遇惡風。南流三月。流著出州國。其張覺濟兄弟二人。臨將發時。同共逃留出州。從北出州。就北海而發。得好風十五箇日。流著長門國。頗解本國語([□@考]出州之州恐羽字。日本紀略弘仁十一年四月戊戌唐人李少貞等二十人漂著出羽國。是或
E234,Event,派遣遣唐使：中臣朝臣鷹主任命中臣朝臣鷹主爲使并授節刀,1,授判官正六位上中臣朝臣鷹主從五位下爲使。賜節刀。正六位上高麗朝臣廣山爲副。
E235,Event,到達唐朝：人張覺濟著長門國,1,過海。忽遇惡風。南流三月。流著出州國。其張覺濟兄弟二人。臨將發時。同共逃留出州。從北出州。就北海而發。得好風十五箇日。流著長門國。頗解本國語([□@考]出州之州恐羽字。日本紀略弘仁十一年四月戊戌唐人李少貞等二十人漂著出羽國。是或
E236,Event,到達唐朝：二十人漂著出羽國,1,海而發。得好風十五箇日。流著長門國。頗解本國語([□@考]出州之州恐羽字。日本紀略弘仁十一年四月戊戌唐人李少貞等二十人漂著出羽國。是或
E237,Event,帶回文化物品：新羅人王請來,1,"婆([□@考]婆上或脫占字占婆林邑也見唐書環王國下)國人捨二百貫。今國眾計少人數。仍募五十貫者。轉催感少。
八日新羅人王請來相看。是本國弘仁十年。流著出州國之唐人張覺濟等同船之人也。問漂流之由。申云為交易諸物。離此過海。忽遇惡風。南流三月。流著出州國。其張覺濟兄弟二人。臨將發時。同共逃留出州。從北出州。就北海而發。得好風十"
E238,Event,海上遭難：等二十人漂著,1,北海而發。得好風十五箇日。流著長門國。頗解本國語([□@考]出州之州恐羽字。日本紀略弘仁十一年四月戊戌唐人李少貞等二十人漂著出羽國。是或
E239,Event,海上遭難：流著,1,"占婆林邑也見唐書環王國下)國人捨二百貫。今國眾計少人數。仍募五十貫者。轉催感少。
八日新羅人王請來相看。是本國弘仁十年。流著出州國之唐人張覺濟等同船之人也。問漂流之由。申云為交易諸物。離此過海。忽遇惡風。南流三月。流著出州國。其張覺濟兄弟二人。臨將發時。同共逃留出州。從北出州。就北海而發。得好風十五箇日。流著長門國。頗解本"
E240,Event,海上遭難：人張覺濟流著,1,請來相看。是本國弘仁十年。流著出州國之唐人張覺濟等同船之人也。問漂流之由。申云為交易諸物。離此過海。忽遇惡風。南流三月。流著出州國。其張覺濟兄弟二人。臨將發時。同共逃留出州。從北出州。就北海而發。得好風十五箇日。流著長門國。頗解本國語([□@考]出州之州恐羽字。日本紀略弘仁十一年四月戊戌唐人李少貞等二十人漂著出羽國。是或
E241,Event,海上遭難：人張覺濟流著,1,此過海。忽遇惡風。南流三月。流著出州國。其張覺濟兄弟二人。臨將發時。同共逃留出州。從北出州。就北海而發。得好風十五箇日。流著長門國。頗解本國語([□@考]出州之州恐羽字。日本紀略弘仁十一年四月戊戌唐人李少貞等二十人漂著出羽國。是或
E242,Event,到達唐朝：鑑真着大宰府,1,"平勝寶四年
《佛祖統紀》曰：日本國孝明天皇天平勝寶四年，遣使入中國，求内外教典。

同五年
正月十二日，鑑真乗副使古舶，着大宰府。四月，入京。
《唐録》曰：玄宗天寶十二年，日本又遣使朝貢。

同六年
正月，遣唐使大伴宿祢古麻吕自唐國至，奏曰：「大唐天寶十二載正月癸卯，百官諸蕃朝貢，天子於蓬莱宫含元殿受朝。是日，以我次西"
E243,Event,到達唐朝：榮睿隨遣唐大使丹墀廣成入唐,1,"門行善至自高麗。三蔵善無畏來遊。

聖武天皇五年
釋榮睿、普照等隨遣唐大使丹墀廣成入唐留学。

天平八年
七月，南天笁婆羅門種菩提來。釈佛哲，林邑國人，伴菩提同來。

孝謙天皇天平勝寶四年
《佛祖統紀》曰：日本國孝明天皇天平勝寶四年，遣使入中國，求内外教典。

同五年
正月十二日，鑑真"
E244,Event,到達唐朝：遣唐大使丹墀廣成入唐,1,"門行善至自高麗。三蔵善無畏來遊。

聖武天皇五年
釋榮睿、普照等隨遣唐大使丹墀廣成入唐留学。

天平八年
七月，南天笁婆羅門種菩提來。釈佛哲，林邑國人，伴菩提同來。

孝謙天皇天平勝寶四年
《佛祖統紀》曰：日本國孝明天皇天平勝寶四年，遣使入中國，求内外教典。

同五年
正月十二日，鑑真"
E245,Event,前往地點：唐僧法惠留住觀音寺,1,留唐僧法惠。令住觀音寺。以備通事。
E246,Event,返回日本：祢古麻吕自唐國至,1,"真乗副使古舶，着大宰府。四月，入京。
《唐録》曰：玄宗天寶十二年，日本又遣使朝貢。

同六年
正月，遣唐使大伴宿祢古麻吕自唐國至，奏曰：「大唐天寶十二載正月癸卯，百官諸蕃朝貢，天子於蓬莱宫含元殿受朝。是日，以我次西"
E247,Event,朝貢獻物：本又遣使朝貢,1,"中國，求内外教典。

同五年
正月十二日，鑑真乗副使古舶，着大宰府。四月，入京。
《唐録》曰：玄宗天寶十二年，日本又遣使朝貢。

同六年
正月，遣唐使大伴宿祢古麻吕自唐國至，奏曰：「大唐天寶十二載正月癸卯，百官諸蕃朝貢，天子於蓬莱宫含元殿受朝。是日，以我次西"
E248,Event,朝貢獻物：百官諸蕃朝貢,1,"玄宗天寶十二年，日本又遣使朝貢。

同六年
正月，遣唐使大伴宿祢古麻吕自唐國至，奏曰：「大唐天寶十二載正月癸卯，百官諸蕃朝貢，天子於蓬莱宫含元殿受朝。是日，以我次西"
E249,Event,到達唐朝：苦求入唐,1,況復、観電露之遂空、顧形骸之早弃、苦求入唐、了悟幽旨、乃至、庶幾尋法天竺。貞観三年、上表曰。真如出家以降、四十余年。企三菩提、在一道場。窃以。菩薩之道、不必一致。或住戒行、乃禅乃学。而一時未遂、余算稍頽。所願、跋渉諸国之山林、渇仰斗薮之勝跡。
E250,Event,到達唐朝：永忠入唐,1,"引新羅次西畔第二吐蕃下，以日本使次東畔第一大食國上。」三善朝臣信貞元永元年四月廿五日所勘。

光仁天皇
寶亀之初，釋永忠入唐。延曆之季，隨使歸。

桓武天皇延曆二十一年
釋最澄賜入唐求法詔。

同二"
E251,Event,到達唐朝：最澄入唐求法,1,"朝臣信貞元永元年四月廿五日所勘。

光仁天皇
寶亀之初，釋永忠入唐。延曆之季，隨使歸。

桓武天皇延曆二十一年
釋最澄賜入唐求法詔。

同二"
E252,Event,返回日本：祢古麻吕自唐國至,1,遣唐使大伴宿祢古麻吕自唐國至，奏曰：「大唐天寶十二載正月癸卯，百官諸蕃朝貢，天子於蓬莱宫含元殿受朝。是日，以我次西畔第二吐蕃下，以新羅使次東畔第一大食國上。古麻吕論曰：『自古至今，新羅之朝貢日本國久矣，而今列東畔上，我反在其下，
E253,Event,朝貢獻物：百官諸蕃朝貢,1,遣唐使大伴宿祢古麻吕自唐國至，奏曰：「大唐天寶十二載正月癸卯，百官諸蕃朝貢，天子於蓬莱宫含元殿受朝。是日，以我次西畔第二吐蕃下，以新羅使次東畔第一大食國上。古麻吕論曰：『自古至今，新羅之朝貢日本國久矣，而今列東畔上，我反在其下，義不合得。』時，將軍吴懷實見知古麻呂不肯色，即
E254,Event,朝貢獻物：新羅之朝貢,1,"諸蕃朝貢，天子於蓬莱宫含元殿受朝。是日，以我次西畔第二吐蕃下，以新羅使次東畔第一大食國上。古麻吕論曰：『自古至今，新羅之朝貢日本國久矣，而今列東畔上，我反在其下，義不合得。』時，將軍吴懷實見知古麻呂不肯色，即引新羅次西畔第二吐蕃下，以日本使次東畔第一大食國上。」三善朝臣信貞元永元年四月廿五日所勘。

光仁天皇
寶亀之初，釋"
E255,Event,朝貢獻物：達脩朝貢,1,達脩朝貢。丹款之美，朕有嘉焉。稍暄，比如常也。故遣鴻臚寺掌客裴世清等，稍宣往意，并送物如別。」時，阿倍臣出進，以受其書而進行。大伴囓連迎出，承書置於大門前机上而奏之。事畢而退焉。是時，皇子、諸王、諸臣悉以金髻
E256,Event,帶回文化物品：慧雲献孔雀鸚鵡等,1,入唐求法僧慧雲献孔雀一。鸚鵡三。狗三。
E257,Event,返回日本：至使歸朝,1,"冥妨。况巨海之程。艱虞無測。不資霊祐。何以利征。請令諸國轉讀大般若經。▼是日。詔。令五畿内七道諸國。始自今月中旬。至使等歸朝之日。堅固講海龍王經。相并轉讀大般若經。
辛酉。天皇御武徳殿。觀騎射。
乙丑。安藝國言。管驛家十一處。驛家別驛子百廿人。山路險阻。送迎繁多。良倍他國。勞逸不等。始自今年減公廨穎。加擧三万一千二百束。以"
E258,Event,接受賞賜：授出羽國從五位上,1,"。山路險阻。送迎繁多。良倍他國。勞逸不等。始自今年減公廨穎。加擧三万一千二百束。以彼息利。充給驛子等食。許之。
丁夘。奉授出羽國從五位上勳"
E259,Event,海上遭難：使等漂廻,1,"常寧殿。以避暑也。
五月丁巳朔己未。遣唐使上奏言。使等漂廻。嚴綸未允。雖風信之愆。乃是天時。而重行之累。類有冥妨。况巨海之程。艱虞無測。不資霊祐。何以利征。請令諸國轉讀大般若經。▼是日。詔。令五畿内七道諸國。始自今月中旬。至使等歸朝之日。堅固講海龍王經。相并"
E260,Event,授予官職：授出羽國從五位上,1,"。山路險阻。送迎繁多。良倍他國。勞逸不等。始自今年減公廨穎。加擧三万一千二百束。以彼息利。充給驛子等食。許之。
丁夘。奉授出羽國從五位上勳"
E261,Event,到達唐朝：日亥時漂着肥後國,1,艫各去未知所到。■餘人累居方丈之舳舉軸欲沒。載纜枕柁。得少浮上。脱却衣裳。裸身懸坐。米水不入口。已經六日。以十三日亥時漂着肥後國天草
E262,Event,海上遭難：三日亥時漂着,1,舳艫各去未知所到。■餘人累居方丈之舳舉軸欲沒。載纜枕柁。得少浮上。脱却衣裳。裸身懸坐。米水不入口。已經六日。以十三日亥時漂着肥後國天草
E263,Event,到達唐朝：廿五被宛入唐,1,也。生年十五出家、廿受具足戒、廿五被宛入唐留学、学唯識法花両宗。住唐卅一年、帰来之日、歴試身才。東大寺僧明一、難問宗義、頗有所塞。明一即罵云。費粮両国、学植膚浅。何違朝寄、不実帰乎。法師大愧、涕泣滂沱。久在他郷、頻忘言語。長途一躓、豈忘千里之
E264,Event,返回日本：帰来,1,也。生年十五出家、廿受具足戒、廿五被宛入唐留学、学唯識法花両宗。住唐卅一年、帰来之日、歴試身才。東大寺僧明一、難問宗義、頗有所塞。明一即罵云。費粮両国、学植膚浅。何違朝寄、不実帰乎。法師大愧、涕泣滂沱。久在他郷、頻忘言語。長途一躓、豈忘千里之行。深林枯枝、何薄万畝之影。有法華経疏
E265,Event,受法受戒：受具足戒,1,也。生年十五出家、廿受具足戒、廿五被宛入唐留学、学唯識法花両宗。住唐卅一年、帰来之日、歴試身才。東大寺僧明一、難問宗義、頗有所塞。明一即罵云。費粮両国、学植膚浅。何違朝寄、不実帰乎。法師大愧、涕泣滂沱。久在他郷、頻忘言語。長途一
E266,Event,返回日本：還歸,1,"執事曰。検案内。被乾政官符稱。得大宰府解稱。得新羅國牒稱依韓内常侍請欲知僧戒融達不。府具状申上者。以去年十月。從高麗國。還歸聖朝。府宜承知即令報知。
八月戊辰。節部省北行東第二雙倉災。
己巳。以中納言從三位氷上眞人塩燒爲兼文部卿。從五位下中臣朝臣鷹主爲武部少輔。從五位下"
E267,Event,返回日本：円仁歸朝到自大唐,1,遣唐天台請益僧圓仁及弟子二人唐人■二人到自大唐。
E268,Event,到達唐朝：客等泊于難波津,1,"、下客十二人，從妹子臣至於筑紫。遣難波吉士雄成，召大唐客裴世清等，爲唐客更造新舘於難波高麗舘之上。
六月壬寅朔丙辰，客等泊于難波津。是日，以餝舩卅艘迎客等于江口，安置新舘。於是，以中臣宫地連摩呂、大河内直糠手、舩史王平爲掌客。爰妹子臣奏之曰：「臣參還之時，唐帝以書授臣。然經過百濟國之日，百濟人探以掠"
E269,Event,返回日本：野臣妹子至自大唐,1,"池、肩岡一作「罡」池、菅原池。山背國掘大溝於栗隈。且河内國作户苅池、依網池。亦毎國置屯倉。

十六年
夏四月，小野臣妹子至自大唐。唐圀號妹子臣曰蘇因高。即大唐使人裴世清、下客十二人，從妹子臣至於筑紫。遣難波吉士雄成，召大唐客裴世清等，爲唐客更造新舘於難波高麗舘之上。
六月壬寅朔丙辰，客等泊于難波津。是日，以餝舩卅艘迎客等于江口"
E270,Event,到達唐朝：位上高麗朝臣殿嗣着越前國坂井郡三國,1,"中介。
乙未。授正五位上掃守王從四位下。
九月甲辰。授從三位大野朝臣仲千正三位。
癸亥。送高麗使正六位上高麗朝臣殿嗣等來着越前國坂井郡三國湊。勅越前國。遣高麗使并彼國送使。宜安置便處。依例供給之。但殿嗣一人早令入京。
丁夘。詔賜橘宿祢綿裳。三笠。姓朝臣。
冬十月戊寅。授正六位上高麗朝臣殿嗣從五位下。
辛夘。復陽侯忌寸令■本位外從五位下。"
E271,Event,到達唐朝：无位藤原朝臣今女到泊肥前國松浦郡橘浦,1,"位上高麗朝臣殿嗣從五位下。
辛夘。復陽侯忌寸令■本位外從五位下。
癸巳。授无位藤原朝臣今女從五位下。
乙未。遣唐使第三船到泊肥前國松浦郡橘浦。判官勅旨大丞正六位上"
E272,Event,接受賞賜：位上高麗朝臣殿嗣賜橘宿祢綿,1,"麗朝臣殿嗣等來着越前國坂井郡三國湊。勅越前國。遣高麗使并彼國送使。宜安置便處。依例供給之。但殿嗣一人早令入京。
丁夘。詔賜橘宿祢綿裳。三笠。姓朝臣。
冬十月戊寅。授正六位上高麗朝臣殿嗣從五位下。
辛夘。復陽侯忌寸令■本位外從五位下。
癸巳。授无位藤原朝臣今女從五位下。
乙未。遣唐使第三船到泊肥前國松浦郡橘浦。判官勅旨大丞正六位上"
E273,Event,接受賞賜：從五位下阿倍志斐連東人授正五位上掃守王從四位下,1,"介。外從五位下阿倍志斐連東人爲備中介。
乙未。授正五位上掃守王從四位下。
九月甲辰。授從三位大野朝臣仲千正三位。
癸亥。送高麗使正六位上高麗朝臣殿嗣等來着越前國坂井郡三國湊。勅越前國。遣高麗使并彼國送使。宜安置便處。依例供給之。但殿嗣一人早令入京。
丁夘。詔賜橘宿祢綿裳"
E274,Event,接受賞賜：位上高麗朝臣殿嗣授无位藤原朝臣今女從五位下,1,"賜橘宿祢綿裳。三笠。姓朝臣。
冬十月戊寅。授正六位上高麗朝臣殿嗣從五位下。
辛夘。復陽侯忌寸令■本位外從五位下。
癸巳。授无位藤原朝臣今女從五位下。
乙未。遣唐使第三船到泊肥前國松浦郡橘浦。判官勅旨大丞正六位上"
E275,Event,授予官職：從五位下阿倍志斐連東人授正五位上掃守王從四位下,1,"介。外從五位下阿倍志斐連東人爲備中介。
乙未。授正五位上掃守王從四位下。
九月甲辰。授從三位大野朝臣仲千正三位。
癸亥。送高麗使正六位上高麗朝臣殿嗣等來着越前國坂井郡三國湊。勅越前國。遣高麗使并彼國送使。宜安置便處。依例供給之。但殿嗣一人早令入京。
丁夘。詔賜橘宿祢綿裳"
E276,Event,授予官職：位上高麗朝臣殿嗣授无位藤原朝臣今女從五位下,1,"賜橘宿祢綿裳。三笠。姓朝臣。
冬十月戊寅。授正六位上高麗朝臣殿嗣從五位下。
辛夘。復陽侯忌寸令■本位外從五位下。
癸巳。授无位藤原朝臣今女從五位下。
乙未。遣唐使第三船到泊肥前國松浦郡橘浦。判官勅旨大丞正六位上"
E277,Event,到達唐朝：着大宰府,1,受國恩，待仁甚厚，至此又能慰勞。其年春，唐商船從越州赴日本，風濤漂逸，返登州界。至秋又發，適聞仁歸，歸國艤舟而待。九月，着大宰府。今歲唐大中元年，本朝承和十四年丁卯也。仁在楊州時，節度使李德裕慰遠遊，施絹十餘疋。仁不受。德裕固請，仁察誠受之，即分開元寺衆僧，仁又受一分。仁辭長安，中散大夫楊敬之、國子祭主李元佐及衆官皆曰：「我國
E278,Event,到達唐朝：清上從聘唐使入於大唐,1,清上從聘唐使。入於大唐。
E279,Event,到達唐朝：後當入日本國,1,"，即分開元寺衆僧，仁又受一分。仁辭長安，中散大夫楊敬之、國子祭主李元佐及衆官皆曰：「我國教法随和尚東矣，斯方志道者，後當入日本國。」元佐送護四十里。

嘉祥三年
釋圓珍夢山王明神告曰：「入唐求法，勿爲留滯。」珍夢中曰：「此來入"
E280,Event,到達唐朝：圓珍夢山入唐求法,1,"元佐及衆官皆曰：「我國教法随和尚東矣，斯方志道者，後當入日本國。」元佐送護四十里。

嘉祥三年
釋圓珍夢山王明神告曰：「入唐求法，勿爲留滯。」珍夢中曰：「此來入"
E281,Event,返回日本：歸國,1,州時，詠以嘗來日本，受國恩，待仁甚厚，至此又能慰勞。其年春，唐商船從越州赴日本，風濤漂逸，返登州界。至秋又發，適聞仁歸，歸國艤舟而待。九月，着大宰府。今歲唐大中元年，本朝承和十四年丁卯也。仁在楊州時，節度使李德裕慰遠遊，施絹十餘疋。仁不受。德裕固請，仁察誠受之，即分開元寺衆僧，仁又受一分。仁辭長安，中散大夫楊敬之、國子祭主
E282,Event,返回日本：功德使請歸國,1,"眾人，學兼內外，乃上書功德使請歸國，不許。自武宗當國，排佛虐僧之舉，與日俱甚。會昌三年五月二十五日，牒諸寺澈查外國僧侶，仁具牒說明。巡禮記第三卷記事止此。
會昌三年七月二十四日，弟子惟曉卒，時痼疾已七月。仁為籌殯葬，益感愴作速歸計。武"
E283,Event,返回日本：因得歸國,1,四日，弟子惟曉卒，時痼疾已七月。仁為籌殯葬，益感愴作速歸計。武宗之毀寺驅僧，以會昌五年為極峯。圓仁亦以此時被命還俗，因得歸國機會。五月十五日發長安，信士楊敬之、李元佐等餞之，依依惜別曰：「吾國教法，隨和尚東矣！」元佐求其衲衣，頂戴以慰離緒。圓仁蓄髮易俗人裝，經鄭州、汴州(河南祥符)、泗州(安微盱眙)而下
E284,Event,到達唐朝：道慈赴唐,1,"。君子曰：「有威、有恩、有禮乎？」因此留新羅献物。

同七年
三月，辨通、神睿二比丘赴新羅。

文武皇帝四年
二月，道慈赴唐。

大寶三年
釋智鳳入唐。

慶雲元年
秋七月，正四位下粟田朝臣真人自唐國至。初至唐時，有人來問曰：「何處使人？」答曰：「日本國使。」唐人謂使曰：「承聞海東有大倭國，謂之君子國，人民豊樂，禮敦"
E285,Event,到達唐朝：智鳳入唐,1,"禮乎？」因此留新羅献物。

同七年
三月，辨通、神睿二比丘赴新羅。

文武皇帝四年
二月，道慈赴唐。

大寶三年
釋智鳳入唐。

慶雲元年
秋七月，正四位下粟田朝臣真人自唐國至。初至唐時，有人來問曰：「何處使人？」答曰：「日本國使。」唐人謂使曰：「承聞海東有大倭國，謂之君子國，人民豊樂，禮敦"
E286,Event,返回日本：智鳳入唐自唐國至,1,"神睿二比丘赴新羅。

文武皇帝四年
二月，道慈赴唐。

大寶三年
釋智鳳入唐。

慶雲元年
秋七月，正四位下粟田朝臣真人自唐國至。初至唐時，有人來問曰：「何處使人？」答曰：「日本國使。」唐人謂使曰：「承聞海東有大倭國，謂之君子國，人民豊樂，禮敦"
E287,Event,返回日本：智等從新羅使而歸,1,"吊先皇喪，献彌陀、觀音、勢至三銅像及珍物。於是，召新羅使，責其緩而違禮也，乃以献物還之。新羅使大懼，求法聰、智等從新羅使而歸。新羅使乞救於聰、智二比丘，奏恕。六月，詔大宰府賜布帛於二比丘，而勞新羅使。君子曰：「有威、有恩、有禮乎？」因此留新羅献物。

同七年
三月，辨通、神睿二比丘赴新羅。

文武皇帝四年
二月，道慈赴唐。"
E288,Event,接受賞賜：詔大宰府賜布帛,1,"羅使，責其緩而違禮也，乃以献物還之。新羅使大懼，求法聰、智等從新羅使而歸。新羅使乞救於聰、智二比丘，奏恕。六月，詔大宰府賜布帛於二比丘，而勞新羅使。君子曰：「有威、有恩、有禮乎？」因此留新羅献物。

同七年
三月，辨通、神睿二比丘赴新羅。

文武皇帝四年
二月，道慈赴唐。

大寶三年
釋智鳳入唐。

慶雲元年
秋七月，正四位"
E289,Event,海上遭難：清上歸朝舶遭風漂墮南海賊地爲賊所殺,1,歸朝之日。舶遭造風。漂墮南海賊地。爲賊所殺。
E290,Event,派遣遣唐使：道判官佐宿祢東人並授外爲遣唐使造舶,1,"倍朝臣津嶋。西海道判官佐宿祢東人並授外從五位下。
九月辛丑朔。賑給和泉監佰姓。
甲辰。遣使于近江。丹波。播磨。備中等國。爲遣唐使造舶四艘。
乙巳。以正五位上中朝臣廣見爲神祇伯。正五位下高橋朝臣安麻呂爲右中弁。從五位上縣犬養宿祢石次爲少弁。外從五位下箭集宿祢虫麻呂爲大判事。正五位上佐伯宿祢豊人爲左京亮。正五位下石川朝臣枚夫爲造難波宮"
E291,Event,到達唐朝：円仁着唐國楊州海陵縣,1,"明天皇
承和初，釋真濟奉勑入唐。

承和五年
釋惠運入唐。
六月二十二日，釋圓仁從大使尚書右丞藤常嗣上第一舶。七月二日，着唐國楊州海陵縣，則文宗開成三年也。仁出帝京，歷鄭、密二州，到登州押新羅使張詠宅。初，漂着登州時，詠以嘗來日本，受國恩，待仁甚厚，至此又能慰勞。其年春，唐商船從越州赴日本，風濤漂逸，返登州界。至秋又發，適聞仁歸，歸"
E292,Event,到達唐朝：円仁到登州押新羅使張詠宅。初，漂着登州時，詠以嘗來日本，受國恩，待仁甚厚，至此又能慰勞。其年春，唐商船從,1,六月二十二日，釋圓仁從大使尚書右丞藤常嗣上第一舶。七月二日，着唐國楊州海陵縣，則文宗開成三年也。仁出帝京，歷鄭、密二州，到登州押新羅使張詠宅。初，漂着登州時，詠以嘗來日本，受國恩，待仁甚厚，至此又能慰勞。其年春，唐商船從越州赴日本，風濤漂逸，返登州界。至秋又發，適聞仁歸，歸
E293,Event,到達唐朝：真濟奉勑入唐,1,"問道。蕚再入支那，乞蘇州開元寺沙門契元勒事刻琬玦，題曰：「日本國首傳禪宗記」，附舶寄來。

仁明天皇
承和初，釋真濟奉勑入唐。

承和五年
釋惠運入唐。
六月二十二日，釋圓仁從大使尚書右丞藤常嗣上第一舶。七月二日，着唐國楊州海陵縣，則文宗開成三年也。仁出帝京，歷鄭、密二州，到登州押新羅使張詠宅。初，漂着登州時，詠以嘗來日本"
E294,Event,到達唐朝：惠運入唐,1,"元寺沙門契元勒事刻琬玦，題曰：「日本國首傳禪宗記」，附舶寄來。

仁明天皇
承和初，釋真濟奉勑入唐。

承和五年
釋惠運入唐。
六月二十二日，釋圓仁從大使尚書右丞藤常嗣上第一舶。七月二日，着唐國楊州海陵縣，則文宗開成三年也。仁出帝京，歷鄭、密二州，到登州押新羅使張詠宅。初，漂着登州時，詠以嘗來日本，受國恩，待仁甚厚，至此又"
E295,Event,海上遭難：円仁漂着,1,尚書右丞藤常嗣上第一舶。七月二日，着唐國楊州海陵縣，則文宗開成三年也。仁出帝京，歷鄭、密二州，到登州押新羅使張詠宅。初，漂着登州時，詠以嘗來日本，受國恩，待仁甚厚，至此又能慰勞。其年春，唐商船從越州赴日本，風濤漂逸，返登州界。至秋又發，適聞仁歸，歸
E296,Event,接受賞賜：授遣唐副使從五位下,1,"答謝。但渤海國使。皆悉下馬。再拜舞踏。今領唐客。准據何例者。進退之礼。行列之次。具載別式。今下使所。宜據此式勿以違失。」授遣唐副使從五位下大神朝臣末足正五位下。判官正六位上小野朝臣滋野。從六位上大伴宿祢繼人並從五位下。録事正六位上上毛野公大川外從五位下。
乙未。授女孺无位甘南備眞人久部從五位下。
丁酉。授外從五位下羽栗臣翼從五位下。正六"
E297,Event,授予官職：授遣唐副使從五位下,1,"答謝。但渤海國使。皆悉下馬。再拜舞踏。今領唐客。准據何例者。進退之礼。行列之次。具載別式。今下使所。宜據此式勿以違失。」授遣唐副使從五位下大神朝臣末足正五位下。判官正六位上小野朝臣滋野。從六位上大伴宿祢繼人並從五位下。録事正六位上上毛野公大川外從五位下。
乙未。授女孺无位甘南備眞人久部從五位下。
丁酉。授外從五位下羽栗臣翼從五位下。正六"
E298,Event,朝貢獻物：末伊彌買朝貢,1,"聖，慧慈亦聖也。」
是歳，新羅遣奈末伊彌買朝貢，仍以表書奏使旨。凡新羅上表，盖始起于此時歟。

卅一年
秋七月，新羅遣大使奈末智洗爾、任那遣達率奈末智，並來朝，仍貢佛像一具，及金塔并舍利，且大觀頂幡一具、小幡十二條。即佛像居於葛野秦寺，以餘舍利、"
E299,Event,返回日本：前使貞卷歸國,1,調。其來久矣。改稱土毛。其義安在。對言。便以附貢。故不稱調。至是。遣左大史外從五位下堅部使主人主。宣告初正等曰。前使貞卷歸國之日。所仰之政。曾無申報。今亦徒持私事參來。所以。此度不預賓礼。自今以後。宜如前仰。令可申事人入朝者。待之如常。宜以此状。告汝國王知。但進唐國消息。并在唐我使藤原朝臣河清等書。嘉其勤勞。仰大宰府安置饗
E300,Event,海上遭難：崔宗佐漂着肥後國天草郡,1,渤海國人崔宗佐。門孫。宰孫等漂着肥後國天草郡。
E301,Event,接受賞賜：我使藤原朝臣河清賜國王祿,1,"人入朝者。待之如常。宜以此状。告汝國王知。但進唐國消息。并在唐我使藤原朝臣河清等書。嘉其勤勞。仰大宰府安置饗賜。宜知之。賜國王祿■廿五疋。絲一百■。綿二百五十屯。大使金初正已下各有差。」授從六位下津守宿祢夜須賣從五位下。
癸酉。以從五位下山口忌寸沙"
E302,Event,朝貢獻物：金初正貢土毛,1,正等言。在唐大使藤原河清。學生朝衡等。属宿衛王子金隱居歸郷。附書送於郷親。是以。國王差初正等。令送河清等書。又因使次。便貢土毛。又問。新羅貢調。其來久矣。改稱土毛。其義安在。對言。便以附貢。故不稱調。至是。遣左大史外從五位下堅部使主人主。宣告初正等
E303,Event,賦詩唱和：生等各上曲水之詩,1,"今其寺内東南隅數十片破石是也。
庚申。車駕行幸由義宮。
三月丙寅。車駕臨博多川。以宴遊焉。▼是日。百官文人及大學生等各上曲水之詩。
丁夘。初問新羅使來由之日。金初正等言。在唐大使藤原河清。學生朝衡等。属宿衛王子金隱居歸郷。附書送於郷親。是以。國王差初正等。令送河清等書。又因使次。便貢土毛。又問。新羅貢調。其來久矣。改稱土毛。其"
E304,Event,海上遭難：遭南風,1,"摩内親王度五十九人。毎人三人已下一人已上。
癸未。大宰府言。遣唐使第三船。今月四日發自肥前国松浦郡庇良嶋。指遠値嘉嶋。忽遭南風。漂著孤嶋。船居巌間。淦水盈溢。判官正六位上三棟朝臣今嗣等脱身就岸。官私雜物。不遑下收。射手數人。留在船上。繿絶船流。不知何去者。勅。使命以国信爲重。船物須人力乃全。而今不願公途。偏求苟存。泛船無人。"
E305,Event,海上遭難：漂著,1,"度五十九人。毎人三人已下一人已上。
癸未。大宰府言。遣唐使第三船。今月四日發自肥前国松浦郡庇良嶋。指遠値嘉嶋。忽遭南風。漂著孤嶋。船居巌間。淦水盈溢。判官正六位上三棟朝臣今嗣等脱身就岸。官私雜物。不遑下收。射手數人。留在船上。繿絶船流。不知何去者。勅。使命以国信爲重。船物須人力乃全。而今不願公途。偏求苟存。泛船無人。何以能"
E306,Event,海上遭難：忽遭南風,1,"努摩内親王度五十九人。毎人三人已下一人已上。
癸未。大宰府言。遣唐使第三船。今月四日發自肥前国松浦郡庇良嶋。指遠値嘉嶋。忽遭南風。漂著孤嶋。船居巌間。淦水盈溢。判官正六位上三棟朝臣今嗣等脱身就岸。官私雜物。不遑下收。射手數人。留在船上。繿絶船流。不知何去者。勅。使命以国信爲重。船物須人力乃全。而今不願公途。偏求苟存。泛船無人。"
E307,Event,授予官職：部連廣成特授從八位下,1,"不願公途。偏求苟存。泛船無人。何以能濟。奉使之道。豈其然乎。宜加科責。以峻懲沮。
甲申。地震。
丁亥。常陸国人生部連廣成特授從八位下。以出私物。屡救貧民也。
己丑。"
E308,Event,到達唐朝：下閣到普賢道場。見經藏閣。大藏經六千餘卷。惣是紺碧紙金銀字。白檀玉牙之軸。看願主題。云鄭道覺。長安,1,向南立。佛[A32]菩薩手印容貌。與第二層像各異。粉壁內面。畫諸尊曼茶羅。填色未了。是亦不空三藏為國所造。瞻禮已畢。下閣到普賢道場。見經藏閣。大藏經六千餘卷。惣是紺碧紙金銀字。白檀玉牙之軸。看願主題。云鄭道覺。長安人也。大曆十四年五月十四日。巡五臺。親見大聖一萬[A33]菩薩及金色世界。遂發心。寫金銀字大藏經六千卷(云々)。亦有畫脚迹千輻輪相。并書跡之根申云。貞觀年中。太宗皇帝送
E309,Event,返回日本：定惠伴百濟使而至,1,"云云〉。此亦師安、廣忠、信俊、師遠、廣宗五人同所勘也。

同十年
十一月，唐務悰來，釋道旻從之。

天武天皇七年
釋定惠伴百濟使而至。
《唐録》曰：則天長安三年，日本國遣其大臣朝臣真人來貢方物。因言其國近日所出，故号曰日本國。

同十四年
沙門觀常、雲觀二比丘從國使歸。

持統皇帝元年
沙門智隆至自新羅。

同三年
四月，新羅王吊"
E310,Event,朝貢獻物：定惠伴百貢方物,1,"十一月，唐務悰來，釋道旻從之。

天武天皇七年
釋定惠伴百濟使而至。
《唐録》曰：則天長安三年，日本國遣其大臣朝臣真人來貢方物。因言其國近日所出，故号曰日本國。

同十四年
沙門觀常、雲觀二比丘從國使歸。

持統皇帝元年
沙門智隆至自新羅。

同三年
四月，新羅王吊先皇喪，献彌陀、觀音、勢至三銅像及珍物。於是，召新羅使，責其"
E311,Event,創立宗派：義眞天台一門已立圓宗,1,延暦寺僧傳灯大法師位義眞奏言。天台一門。已立圓宗。
E312,Event,到達唐朝：入唐求法,1,"入唐求法巡禮行記卷一

卷二

→

〈入唐求法巡禮行記卷第一〉
承和五年。六月十三日午時。第一第四兩舶。諸使駕舶。緣無順風。停宿三箇日。
十七日夜半。得嵐風上帆搖艫行。巳時到志賀嶋東海。為无信風。五箇日停宿"
E313,Event,接受賞賜：朝廷賜遣唐使彩帛,1,"、是即行賀法師之筆削也。又写得持来聖教要文五百余巻、聖朝綵壽、授位僧綱。
乙丑。賜遣唐使彩帛、各有差。
己巳。遣"
E314,Event,派遣遣唐使：朝廷/天皇命五位以上賦春晩陪餞入唐使之題,1,"位以上賦春晩陪餞入唐使之題。日暮群臣献詩。副使同亦献之。但大使醉而退出。
丙子。遣唐使朝拜。』豊後國人外從五位下吉弥侯龍麻呂賜姓貞道連。』授内舍人正六位上和朝臣豊永從五位下。
戊寅。賜入唐使節刀。大臣口宣。詞同去年。大使進賜節刀。■當于左肩退出。副使"
E315,Event,派遣遣唐使：遣唐使朝拜,1,"使參議常嗣。副使篁。命五位以上賦春晩陪餞入唐使之題。日暮群臣献詩。副使同亦献之。但大使醉而退出。
丙子。遣唐使朝拜。』豊後國人外從五位下吉弥侯龍麻呂賜姓貞道連。』授内舍人正六位上和朝臣豊永從五位下。
戊寅"
E316,Event,派遣遣唐使：藤原常嗣出自鴻臚・發向大宰府,1,"從五位下吉弥侯龍麻呂賜姓貞道連。』授内舍人正六位上和朝臣豊永從五位下。
戊寅。賜入唐使節刀。大臣口宣。詞同去年。大使進賜節刀。■當于左肩退出。副使趨在大使前。相連而退。
壬午。遣唐大使藤原朝臣常嗣出自鴻臚。發向大宰府。
癸未。美濃國言。二月廿五"
E317,Event,接受賞賜：朝廷/天皇賜姓貞道連,1,"使同亦献之。但大使醉而退出。
丙子。遣唐使朝拜。』豊後國人外從五位下吉弥侯龍麻呂賜姓貞道連。』授内舍人正六位上和朝臣豊永從五位下。
戊寅。賜入唐使節刀。大臣口宣。詞同去年。大使進賜節刀。■當于左肩退出。副使趨在大使前。相連而退。
壬午。遣唐大使"
E318,Event,接受賞賜：朝廷/天皇賜入唐使節刀,1,"外從五位下吉弥侯龍麻呂賜姓貞道連。』授内舍人正六位上和朝臣豊永從五位下。
戊寅。賜入唐使節刀。大臣口宣。詞同去年。大使進賜節刀。■當于左肩退出。副使趨在大使前。相連而退。
壬午。遣唐大使藤原朝臣常嗣出自鴻臚。發向大宰府。
癸未。美濃國言。二月廿五日兵庫"
E319,Event,接受賞賜：藤原常嗣受賜節刀,1,"舍人正六位上和朝臣豊永從五位下。
戊寅。賜入唐使節刀。大臣口宣。詞同去年。大使進賜節刀。■當于左肩退出。副使趨在大使前。相連而退。
壬午。遣唐大使藤原朝臣常嗣出自鴻臚。發向大宰府。
癸未。美濃國言。二月廿五日兵庫自鳴。至三月十五日亦鳴同前。』丹波"
E320,Event,授予官職：朝廷/天皇授内舍人正六位上和朝臣豊永從五位下,1,"大使醉而退出。
丙子。遣唐使朝拜。』豊後國人外從五位下吉弥侯龍麻呂賜姓貞道連。』授内舍人正六位上和朝臣豊永從五位下。
戊寅。賜入唐使節刀。大臣口宣。詞同去年。大使進賜節刀。■當于左肩退出。副使趨在大使前。相連而退。
壬午。遣唐大使藤原朝臣常嗣出自鴻臚。發"
E321,Event,海上遭難：遣唐使第二舶漂廻（遭遇海難漂回）,1,"喜非常。臣等顧躬庸櫟。曷答重厚。更煩天覽。伏増■焦。
辛夘。大宰府馳驛。奏第二舶漂廻之状。
壬辰。勅符副使小野朝臣篁。得今月八日飛驛奏状。知歸着肥前國松浦郡別島也。近聞。第一第四兩隻舶。半路漂廻。疾懐未弭。尋省茲奏。轉以驚嗟。本謂忠貞必蒙利往。"
E322,Event,海上遭難：遣唐使駕船船尾破裂,1,遣唐使駕船一隻自安藝國到于難波江口。著灘不浮。其柁亦復不得發出。爲浪所搖。船尾破裂。
E323,Event,海上遭難：遣唐使第一・第四兩舶半路漂廻,1,朝臣篁。得今月八日飛驛奏状。知歸着肥前國松浦郡別島也。近聞。第一第四兩隻舶。半路漂廻。疾懐未弭。尋省茲奏。轉以驚嗟。本謂忠貞必蒙利往。不知此行何負幽明。雖無巨災。艱虞足患。今案來奏。舶船有損。・艇亦失。還大宰府。繕補其不完不足者。然後与持節使等
E324,Event,海上遭難：遣唐使第三舶水手駕編板漂着,1,"与持節使等。共果國命。
八月戊戌朔。大宰府馳驛。奏遣唐使第三舶水手等十六人駕編板漂着之状。
己亥。勅符遣唐大使藤原朝臣常嗣。省"
E325,Event,到達唐朝：道昭奉勅從遣唐使小山長丹泛海入唐,1,"年
五月，釋道昭奉勑，從遣唐使小山長丹、副使小乙上掃守連泛海，緇侣同志者道嚴等十三人到長安，謁三蔵玄奘，即高宗永徽四年也。同年釋定惠随遣唐使浮海，乃到長安。

同五年
《唐録》曰：高宗永徽五年，倭國使献虎"
E326,Event,到達唐朝：道昭到長安謁三蔵玄奘,1,"五月，釋道昭奉勑，從遣唐使小山長丹、副使小乙上掃守連泛海，緇侣同志者道嚴等十三人到長安，謁三蔵玄奘，即高宗永徽四年也。同年釋定惠随遣唐使浮海，乃到長安。

同五年
《唐録》曰：高宗永徽五年，倭國使献虎珀、馬瑙。高宗慰撫之，仍云：「王國與新羅、高麗"
E327,Event,到達唐朝：釋定惠随遣唐使浮海到長安,1,"志者道嚴等十三人到長安，謁三蔵玄奘，即高宗永徽四年也。同年釋定惠随遣唐使浮海，乃到長安。

同五年
《唐録》曰：高宗永徽五年，倭國使献虎珀、馬瑙。高宗慰撫之，仍云：「王國與新羅、高麗、百濟接近，若有危急，宜遣使救之。」

齊明天皇四年
七月，智通"
E328,Event,到達唐朝：智通・智達二師乗新羅船入唐受法於玄奘,1,"近，若有危急，宜遣使救之。」

齊明天皇四年
七月，智通、智達二師奉勑，乗新羅船入唐，受相宗於玄奘三藏。

天智天皇元年
三月，唐人、新羅人伐高麗，高麗乞救于我。

同三年
《海外國記》曰：天智天皇三年四月，大唐客來朝。大使朝散大夫上柱國郭務悰"
E329,Event,到達唐朝：入唐使判官平郡朝臣廣成入京（歸國後入平安京）,1,"蝕之。
冬十月甲子。從四位下小野朝臣牛養卒。
丙子。少僧都行達爲大僧都。
丙戌。入唐使判官外從五位下平郡朝臣廣成。并渤海客等入京。
十一月辛夘。平郡朝臣廣成拜朝。初廣成。天平五年隨大使多治比眞人廣成入唐。六年十月事畢却歸。"
E330,Event,到達唐朝：平郡朝臣廣成隨大使多治比眞人廣成入唐,1,"海客等入京。
十一月辛夘。平郡朝臣廣成拜朝。初廣成。天平五年隨大使多治比眞人廣成入唐。六年十月事畢却歸。"
E331,Event,受法受戒：鑑真之父就揚州大雲寺智滿禪師受戒學禪門,1,"真，揚州江陽縣人也，俗姓淳于，齊［大夫］髡之後也。

其父先就揚州大雲寺智滿禪師受戒，學禪門。大和上年十四，隨父入寺，見佛像感動心，因請父求出家；父奇其志，許焉。是時，大周則天長安元年有詔于天下諸州度僧，便［就］智滿禪師出家爲沙彌，配住大雲寺。"
E332,Event,受法受戒：鑑真從道岸律師受菩薩戒,1,便［就］智滿禪師出家爲沙彌，配住大雲寺。唐中宗孝和［聖］皇帝神龍元年，從道岸律師受菩薩戒。景龍元年杖錫東都，因入長安。其二年三月二十八日，於西京實際寺登壇受具足戒。荊州南泉寺弘景律師爲和上巡遊二京，究學三藏。後歸淮南，教授戒律；江淮之間，獨爲化主。
E333,Event,派遣遣唐使：中臣朝臣鷹主任命中臣朝臣鷹主爲使并賜節刀,1,授判官正六位上中臣朝臣鷹主從五位下爲使。賜節刀。
E334,Event,受法受戒：空海受發菩提心戒并沐受明灌頂及受阿闍梨位,1,授我以發菩提心戒。許我以入灌頂道場。沐受明灌頂再三焉。受阿闍梨位一度也。
E335,Event,受法受戒：鑑真於西京實際寺登壇受具足戒,1,岸律師受菩薩戒。景龍元年杖錫東都，因入長安。其二年三月二十八日，於西京實際寺登壇受具足戒。荊州南泉寺弘景律師爲和上巡遊二京，究學三藏。後歸淮南，教授戒律；江淮之間，獨爲化主。於是興建佛
E336,Event,前往地點：鑑真配住大雲寺,1,志，許焉。是時，大周則天長安元年有詔于天下諸州度僧，便［就］智滿禪師出家爲沙彌，配住大雲寺。唐中宗孝和［聖］皇帝神龍元年，從道岸律師受菩薩戒。景龍元年杖錫東都，因入長安。其二年三月二十八日，於西京實際寺登壇受具足戒。荊州南泉寺弘景律師爲和上巡遊二京，
E337,Event,返回日本：遣唐録事大神宗雄駕第六船歸朝（駕楚州新羅船）,1,貳從四位上南淵朝臣永河等。得今月十四日飛驛所奏。遣唐録事大神宗雄送大宰府牒状。知入唐三箇船嫌本舶之不完。倩駕楚州新羅船九隻。傍新羅南以歸朝。其第六船。宗雄所駕是也。餘八箇船。或隱或見。前後相失。未有
E338,Event,返回日本：入唐使三箇船倩駕楚州新羅船九隻傍新羅南歸朝,1,事大神宗雄送大宰府牒状。知入唐三箇船嫌本舶之不完。倩駕楚州新羅船九隻。傍新羅南以歸朝。其第六船。宗雄所駕是也。餘八箇船。或隱或見。前後相失。未有
E339,Event,接受賞賜：朝廷/天皇賜祿,1,"勅。宜准歸化例安置供給。

戊申四日。明經博士得業生等依例奉參内裏。不引見而罷。賜祿有差。

庚戌六日。日入之時。赤雲八條起自東方。直指西方。廣殆及竟天。瑞祥志曰。天氣峙時。山川出雲。占云。赤氣如大道一條。若至三四五條者大赦。人民安樂。

丁巳"
E340,Event,接受賞賜：朝廷/天皇賜姓宗高眞人,1,"擇窮貧者。給復一年。
辛丑。太宰管内諸國飢。賑給之。
壬寅。右京人正六位上春男王賜姓宗高眞人。
戊申。備前國飢。賑給。
乙夘。勅遣唐大使藤原朝臣常嗣。副使小野朝臣篁。使等本期鳳擧用渉鼇波。心事多■。滯留逆旅。朕眷言艱節。憂念于懷。方今信風甫臻。"
E341,Event,海上遭難：藤原常嗣漂廻（使等上奏漂廻）,1,"勘發之。』▼是日。天皇遷御常寧殿。以避暑也。
五月丁巳朔己未。遣唐使上奏言。使等漂廻。嚴綸未允。雖風信之愆。乃是天時。而重行之累。類有冥妨。况巨海之"
E342,Event,到達唐朝：僧正宗叡法師入唐求法受得真言,1,、惣経官家。制餝甫就、設斎供養。天皇命王公百寮行事。真雅遷化、復有僧正宗叡法師。入唐求法、受得真言。奉勧天皇、結香火之因。自遜皇位、御清和院、帰念苦空（仏道）、発心菩提。朝夕之膳、菜蔬在御。妍状豊姿、不賜顔色。■私寵引、自斯而断。遂御山庄、落飾
E343,Event,到達唐朝：円仁入唐求法巡禮,1,"忠闍梨來。
〈入唐求法巡禮行記卷第四〉
(池田長田氏藏本奧書)
文化二年二月十三日以比叡山飯室谷松禪院御本書寫畢
慧日山津金教寺住持法印大僧都長海
(東寺觀智院藏本奧書)
明德二"
E344,Event,到達唐朝：最澄入唐求法,1,山最澄法師。師大悦即落髪爲弟子。取自名一号爲圓澄。時年二十七焉。廿四年春。最澄師入唐以後。法師依詔於紫宸殿修念五佛頂法。即預得度。其夏四月就唐泰信大増都受具戒。六月大唐使歸朝。秋八月
E345,Event,派遣遣唐使：小野朝臣篁遣唐副使發自鴻臚向大宰府,1,遣唐副使小野朝臣篁發自鴻臚。向大宰府。
E346,Event,返回日本：大唐使歸朝,1,法師依詔於紫宸殿修念五佛頂法。即預得度。其夏四月就唐泰信大増都受具戒。六月大唐使歸朝。秋八月
E347,Event,接受賞賜：朝廷/天皇賜五位及神祇官長上以上等祿,1,"聞蹕聲。出幄而立。迎謁天皇。禊事畢。御直相幄。賜扈從五位已上大官饌焉。三四盃後。賜五位及神祇官長上以上。山城國司。并非侍從着當色者祿各有差。
壬寅。延暦寺座主僧傳灯大法師位圓澄卒。時年六十二〈云云〉。延暦十七年。陟到叡山最澄法師。師大悦即落髪爲弟子。取自"
E348,Event,到達唐朝：釋榮睿・普照隨遣唐大使丹墀廣成入唐留學,1,"行善至自高麗。三蔵善無畏來遊。

聖武天皇五年
釋榮睿、普照等隨遣唐大使丹墀廣成入唐留学。

天平八年
七月，南天笁婆羅"
E349,Event,到達唐朝：釋榮睿・普照隨遣唐大使丹墀廣成入唐留學,1,"老二年
十月，沙門行善至自高麗。三蔵善無畏來遊。

聖武天皇五年
釋榮睿、普照等隨遣唐大使丹墀廣成入唐留学。

天平八年
七月，南天笁婆羅"
E350,Event,到達唐朝：釋圓珍夢山王明神告入唐求法（後入唐）,1,"方志道者，後當入日本國。」元佐送護四十里。

嘉祥三年
釋圓珍夢山王明神告曰：「入唐求法，勿爲留滯。」珍夢中曰：「此來入唐，請益闍梨仁公，精研顯密，已歸本山。我何汲汲於航海乎？」神曰：「世人薙發爲僧者多矣，子昔日何汲汲於薙發乎？」蓋珍躁甚於度世"
E351,Event,到達唐朝：釋圓珍夢山王神告入唐求法（嘉祥四年春又夢）,1,"里。

嘉祥三年
釋圓珍夢山王明神告曰：「入唐求法，勿爲留滯。」珍夢中曰：「此來入唐，請益闍梨仁公，精研顯密，已歸本山。我何汲汲於航海乎？」神曰：「世人薙發爲僧者多矣，子昔日何汲汲於薙發乎？」蓋珍躁甚於度世。
四年春，又夢山王語曰：「求法忘身，"
E352,Event,到達唐朝：大僧都行賀入唐留學唯識法花両宗三十一年,1,）桓武天皇延暦廿二年二月己未。大僧都伝灯大法師位行賀卒。云々。法師、生年廿五被充入唐留学、々唯識法花両宗。住唐卅一年、帰来之日、歴試其才。東大寺僧明一、難問宗義、頗有所塞。罵曰。費粮両国、学植庸浅。何違朝寄、不実帰乎。法師大愧、涕泣滂沱。久在他
E353,Event,接受賞賜：朝廷/天皇賜姓文室眞人,1,"。賑給之。
六月乙巳朔。右京人正六位上礒原朝臣諸宗等廿八人賜姓文室眞人。
丁未。入唐請益僧傳灯大法師位常曉言。山城國宇治郡法琳寺。地勢閑燥。足修大法。望請。今般自大唐奉請太元帥靈像秘法安置此處。爲修法院。保護國家。不關講讀師之攝。許之。
己酉。"
E354,Event,接受賞賜：朝廷/天皇賜姓文室眞人,1,"御榻。
庚子。攝津國飢。賑給之。
六月乙巳朔。右京人正六位上礒原朝臣諸宗等廿八人賜姓文室眞人。
丁未。入唐請益僧傳灯大法師位常曉言。山城國宇治郡法琳寺。地勢閑燥。足修大法。望請。今般自大唐奉請太元帥靈像秘法安置此處。爲修法院。保護國家。不關講讀"
E355,Event,海上遭難：遣唐第二舶知乘船事菅原朝臣梶成海中遇造風・漂着南海賊地・與賊相戰,1,朝臣愛發等於山陵祈祷焉。』遣唐第二舶知乘船事正六位上菅原朝臣梶成等。海中遇造風。漂着南海賊地。相戰之時。所得兵
E356,Event,派遣遣唐使：藤原葛野麻呂召遣唐大使賜餞并授節刀,1,召遣唐大使從四位上藤原朝臣葛野麻呂。副使從五位上石川朝臣道益等兩人。賜餞殿上。
E357,Event,返回日本：大伴部博麻從新羅送使大奈末金高訓等還至筑紫,1,"大伴部博麻，從新羅送使大奈末金高訓等，還至筑紫。
戊戌，天皇至自紀伊。
冬十月甲辰朔戊申，天皇幸吉野宮。
癸丑，大唐學問僧智宗等，至于京師。
戊午，遣使者，詔筑紫大宰河內王等曰：「饗新羅送使大奈末金高訓"
E358,Event,接受賞賜：朝廷/天皇詔筑紫大宰慰勞賜物新羅送使,1,"宰河內王等曰：「饗新羅送使大奈末金高訓等，准上送學生土師宿禰甥等送使之例。其慰勞賜物，一依詔書。」
乙丑，詔軍丁筑後國上陽咩郡人大伴部博麻曰：「於天豐財重日足姬天皇七年，救百濟之役，汝為唐軍見虜。洎天命開別天皇三年，土師連富杼、冰連老、筑紫君薩"
E359,Event,接受賞賜：朝廷/天皇賜姓臣,1,"祝。不勤洒掃。以致蕪穢者。收其位記。与替。
癸亥。山背國乙訓郡人外從五位下羽栗翼賜姓臣。
戊辰。大風。
庚午。天下諸國蝗。畿内者遣使巡視。餘者令國司行事。
壬午。授正五位上石川朝臣豊人從四位下。
閏八月庚寅。先是。遣唐使船到肥前國松浦郡合蚕田浦"
E360,Event,授予官職：朝廷/天皇授正五位上石川朝臣豊人從四位下,1,"姓臣。
戊辰。大風。
庚午。天下諸國蝗。畿内者遣使巡視。餘者令國司行事。
壬午。授正五位上石川朝臣豊人從四位下。
閏八月庚寅。先是。遣唐使船到肥前國松浦郡合蚕田浦。積月餘日。不得信風。既入秋節。弥違水候。乃引還於博多大津。奏上曰。今既入於秋節。逆風"
E361,Event,海上遭難：遣唐使船到肥前國松浦郡合蚕田浦，引還於博多大津,1,"姓臣。
戊辰。大風。
庚午。天下諸國蝗。畿内者遣使巡視。餘者令國司行事。
壬午。授正五位上石川朝臣豊人從四位下。
閏八月庚寅。先是。遣唐使船到肥前國松浦郡合蚕田浦。積月餘日。不得信風。既入秋節。弥違水候。乃引還於博多大津。奏上曰。今既入於秋節。逆風"
E362,Event,到達唐朝：円珍入唐,1,人大毘盧遮那経業為大比叡神分、一人一字頂輪王経業、為小比叡神分。先是、彼寺座主前入唐尋経釈法眼和尚位円珍上表言。国之為国、本依設礼、人之為人、亦由行礼。故書曰。人有礼則安、無礼則危。経曰。人能行礼、得生天上。是知、内経外書、以礼存
E363,Event,到達唐朝：僧永忠入唐（後歸國為大僧都）,1,敏，聰朗日倍，受持經論，中安歎異之。乃屬律師-玄叡。玄叡察其法器，摩頂誨誘。更從入唐大僧都-永忠，學經論所。滯二年，受具足戒。弘仁十年，興福寺維摩會預席論難。時諸寺學業之輩，聽其豎義，莫不驚聳。承和九年，於大極殿講最勝王經，皇帝臨聽。實敏問答警
E364,Event,受法受戒：僧人（實敏）從入唐大僧都永忠學經論・受具足戒,1,乃屬律師-玄叡。玄叡察其法器，摩頂誨誘。更從入唐大僧都-永忠，學經論所。滯二年，受具足戒。弘仁十年，興福寺維摩會預席論難。時諸寺學業之輩，聽其豎義，莫不驚聳。承和九年，於大極殿講最勝王經，皇帝臨聽。實敏問答警策，脣舌紛紜，分決疑滯，毫毛必剖。帝稱歎
E365,Event,派遣遣唐使：朝廷（孝德天皇）遣唐使小山長丹、副使小乙上掃守連赴唐,1,"同十一年
九月，釋惠隱、惠雲至自唐。

孝德天皇白雉四年
五月，釋道昭奉勑，從遣唐使小山長丹、副使小乙上掃守連泛海，緇侣同志者道嚴等十三人到長安，謁三蔵玄奘，即高宗永徽"
E366,Event,到達唐朝：円載入唐,1,"五座。
廿五日圓載留學傔從僧仁濟來。便得載上人會昌元年十二月十八日書委曲云。日本入唐大使相公。到本國京城有亡薨([□@考]亡東本似六字池本作六大使藤原常嗣承和七年薨)長判官得伊豫介。錄事得左少史。高錄事大宰典。淳和皇帝。去年七月崩。第二船漂落裸"
E367,Event,派遣遣唐使：藤原葛野麻呂授大使葛野麻呂節刀,1,授大使葛野麻呂節刀。
E368,Event,朝貢獻物：日本國（遣唐使）送朝貢使,1,"得達本國(云々)。又楚州新羅譯語[A55]劉慎言。今年二月一日。寄仁濟送書云。送朝貢使。梢工水手。前年秋[A56]廻彼國。
玄濟闍梨。附書狀。"
E369,Event,到達唐朝：円仁乗大唐商客李處人船入唐巡禮,1,曼荼。寧樂半紀而叨爲首顉之浮事。儻値大唐商客李處人等化來。和尚就他要望。乗公歸船入唐。巡禮薦福興善曼茶羅道場。得見靑龍寺義眞和尚。請益於祕宗。兼看南岳五臺之聖迹。船主許諾云。東西任命。駈馳隨力。遂則承和九年。卽大唐會昌二年〈歳次壬戌〉夏五月端午
E370,Event,帶回文化物品：遣唐第二舶知乘船事菅原朝臣梶成齎來献兵器（南海賊地所得）,1,"中遇造風。漂着南海賊地。相戰之時。所得兵器。五尺鉾一枚。片盖鞘横佩一柄。箭一隻。齎來献之。並不以中國兵仗。
辛亥。設百高座於宮中。令講仁王經。爲攘中外妖祥也。晩頭講畢。布施法有差。〈外記日記云。不行衆僧布施。所謂无所得者也〉。
癸丑。勅。比來亢"
E371,Event,到達唐朝：円仁入唐求法巡禮（在長安資聖寺）,1,"寺。謹具如前。謹牒。牒件狀如前。謹牒
會昌三年五月廿六日　日本國求法圓仁謹牒
〈入唐求法巡禮行記卷第三〉"
E372,Event,朝貢獻物：円仁隨朝貢使過海入唐求法,1,"經)。弟子僧惟正(年卅一)。僧惟曉(年卅二竝習法花經)。
右圓仁等。為求佛教。隨朝貢使過海。去開成五年八月廿三日。奉使處分。權寄住資聖寺。謹具如前。謹牒。牒件狀如前。謹牒
會昌三年五月廿六日　日本國求法圓仁謹牒
〈入唐求法巡禮行記卷第三〉"
E373,Event,返回日本：小野臣妹子（遣隋使）至自大唐,1,"對馬，以道人等十一皆請之欲留，乃上表而留之，因令住元興寺。
秋九月，小野臣妹子等至自大唐，唯通事福利不來。

十八年"
E374,Event,海上遭難：百濟使（百濟王派遣赴吳國使）漂蕩海中（赴吳國途中遇暴風）,1,"來也？」對曰：「百濟王命以遣於呉國，其國有亂，不（得）入，更返於本郷。忽逢暴風，漂蕩海中，然有大幸而泊于聖帝之邊境，以歡喜。」
五月丁卯朔壬午，德摩呂等復奏之，則返德摩呂、龍二人，而副百濟人等送本國。至于對馬，以道人等十一皆請之欲留，乃上表而留"
E375,Event,接受賞賜：隋煬帝（鴻臚寺掌客裴世清傳達）嘉其朝貢・遣使送物,1,，愛育之情，無隔遐邇。知皇介居海表，撫寧民庶，境内安樂，風俗融和，深氣至誠，遠脩朝貢，丹款之美，朕有嘉焉。稍暄，比如常。世一作「也」故遣鴻臚寺掌客裴世清等，指一作「稍」宣往意，并送物如别。』時，阿倍臣出進以受其書而進行，大伴嚙連迎出承書，置於大
E376,Event,派遣遣唐使：朝廷爲入唐使,1,"三行爲隼人正。
壬申。授川部酒麻呂外從五位下。酒麻呂肥前國松浦郡人也。勝寳四年。爲入唐使第四船柁師。歸日海中順風盛扇。忽於船尾失火。其炎覆艫而飛。人皆惶遽不知爲計。時酒麻呂廻柁。火乃傍出。手雖燒爛。把柁不動。因遂撲滅。以存人物。以功"
E377,Event,海上遭難：入唐使第四船（柁師川部酒麻呂）歸日海中失火・酒麻呂廻柁撲滅,1,"行爲隼人正。
壬申。授川部酒麻呂外從五位下。酒麻呂肥前國松浦郡人也。勝寳四年。爲入唐使第四船柁師。歸日海中順風盛扇。忽於船尾失火。其炎覆艫而飛。人皆惶遽不知爲計。時酒麻呂廻柁。火乃傍出。手雖燒爛。把柁不動。因遂撲滅。以存人物。以功"
E378,Event,到達唐朝：遣唐使從彼郷達於大唐迎藤原朝臣河清,1,從彼郷達於大唐。欲迎前年入唐大使藤原朝臣河清。
E379,Event,接受賞賜：朝廷/天皇賜祿有差,1,"課役田租。
己未。置酒田村舊宮。群臣奉觴上壽。極日盡歡。賜祿有差。
夏四月戊辰。正七位上飯高公若舍人等十一人賜姓宿祢。
己巳。河内。攝津兩國有鼠食五穀及草木。」遣使奉幣於諸國群神。
辛未。授正五位下佐伯宿祢助從四位下。"
E380,Event,接受賞賜：朝廷/天皇賜姓宿祢,1,"宮。群臣奉觴上壽。極日盡歡。賜祿有差。
夏四月戊辰。正七位上飯高公若舍人等十一人賜姓宿祢。
己巳。河内。攝津兩國有鼠食五穀及草木。」遣使奉幣於諸國群神。
辛未。授正五位下佐伯宿祢助從四位下。
庚午。外從五位下大隅忌寸三行爲隼人正。
壬申。授川部"
E381,Event,授予官職：朝廷/天皇授正五位下佐伯宿祢助從四位下,1,"賜姓宿祢。
己巳。河内。攝津兩國有鼠食五穀及草木。」遣使奉幣於諸國群神。
辛未。授正五位下佐伯宿祢助從四位下。
庚午。外從五位下大隅忌寸三行爲隼人正。
壬申。授川部酒麻呂外從五位下。酒麻呂肥前國松浦郡人也。勝寳四年。爲入唐使第四船柁師。歸日海中順風"
E382,Event,返回日本：入唐大使多治比眞人廣成自唐國至進節刀,1,"兵部曹司。問新羅使入朝之旨。而新羅國輙改本號曰王城國。因茲返却其使。
三月丙寅。入唐大使從四位上多治比眞人廣成等。自唐國至進節刀。
辛巳。朝拜。
夏四月戊申。授无位長田王。池田王並從四位下。正四位下百濟王南典。從四位上多治比眞人廣成並正四位上。"
E383,Event,接受賞賜：隋煬帝嘉其朝貢・遣裴世清宣旨送物,1,，愛育之情，無隔遐迩。知皇介居海表，撫寧民庶，境内安樂，風俗融和，深氣至誠，達脩朝貢。丹款之美，朕有嘉焉。稍暄，比如常也。故遣鴻臚寺掌客裴世清等，稍宣往意，并送物如別。」時，阿倍臣出進，以受其書而進
E384,Event,到達唐朝：釋永忠寶亀之初入唐・延曆之季隨使歸,1,"元年四月廿五日所勘。

光仁天皇
寶亀之初，釋永忠入唐。延曆之季，隨使歸。

桓武天皇延曆二十一年
釋最澄賜入唐求法詔。

同二十三年
五月，釋空海從遣唐使金紫光禄大夫藤賀能。八月，著衡州界，乃德宗貞元二十年也。十"
E385,Event,到達唐朝：最澄賜入唐求法詔（後從遣唐使菅清公入唐）,1,"天皇
寶亀之初，釋永忠入唐。延曆之季，隨使歸。

桓武天皇延曆二十一年
釋最澄賜入唐求法詔。

同二十三年
五月，釋空海從遣唐使金紫光禄大夫藤賀能。八月，著衡州界，乃德宗貞元二十年也。十二月，到長安。七月，釋最澄從遣唐使菅清公，著明州界。
《唐"
E386,Event,到達唐朝：空海從遣唐使藤賀能八月著衡州界・十二月到長安,1,"，釋空海從遣唐使金紫光禄大夫藤賀能。八月，著衡州界，乃德宗貞元二十年也。十二月，到長安。七月，釋最澄從遣唐使菅清公，著明州界。
《唐録》曰：貞元廿年，遣使來朝，留學生橘逸成、學問僧空海。

同二十四年
五月，最澄乗大使藤賀能舶，著長州。

平城天"
E387,Event,授予官職：朝廷/天皇授外從五位下,1,"造家繼授外從五位下。
己丑。伊賀国飢。遣使賑給。
甲寅。遣唐使第二船判官正六位上菅原朝臣清公。來到肥前国松浦郡鹿嶋。附驛上奏。事多不載。
丙辰。授從五位下紀朝臣廣濱從五位上。正"
E388,Event,海上遭難：遣唐使第二船判官菅原朝臣清公來到肥前国松浦郡鹿嶋・附驛上奏,1,"二船判官正六位上菅原朝臣清公。來到肥前国松浦郡鹿嶋。附驛上奏。事多不載。
丙辰。授從五位下紀朝臣廣濱從五位上。正六位上犬上朝臣望成外從五位下。
庚申。近衛中將從三位勳二等坂上大宿禰田村麻呂爲參議。
辛酉。傳燈大法師位常騰爲律師。"
E389,Event,海上遭難：使者船換其次第。第二舶改爲第一,1,大使上奏。更復卜定。換其次第。第二舶改爲第一。
E390,Event,授予官職：朝廷/天皇授從五位下紀朝臣廣濱從五位上,1,"二船判官正六位上菅原朝臣清公。來到肥前国松浦郡鹿嶋。附驛上奏。事多不載。
丙辰。授從五位下紀朝臣廣濱從五位上。正六位上犬上朝臣望成外從五位下。
庚申。近衛中將從三位勳二等坂上大宿禰田村麻呂爲參議。
辛酉。傳燈大法師位常騰爲律師。"
E391,Event,到達唐朝：渤海國入唐之使入唐途中逃至日本（着薩摩國天草郡）,1,國天草郡。遣大唐通事張建忠覆問事由。審實情状。是渤海國入唐之使。去三月着薩摩國。逃去之一艦也。仍奉進宗佐等日記。并所蝋封函子。雜封書。弓劔等。▼是日。勅討覈宗佐等申状。知是渤海人。亦其表函牒書。印封官等。讎校先來入覲在
E392,Event,朝貢獻物：日本國朝貢使駕新羅船五隻流著萊明廬山邊（朝貢途中）,1,看。明日專詣於舶上。更令新羅人。留於岸上。傳語於道玄。轉為官人令申來由。便聞本國朝貢使。駕新羅船五隻。流著萊明([□@考]明恐州字)廬山之邊。餘之四隻。不知所去。雖聞是事。未詳是第幾之船。又聞大唐天子。為新羅王子賜王位。差使擬遣新羅排比其船。兼
E393,Event,接受賞賜：大唐天子為新羅王子賜王位・賜祿,1,"聞是事。未詳是第幾之船。又聞大唐天子。為新羅王子賜王位。差使擬遣新羅排比其船。兼賜祿了。
廿五日。風吹不定。霧氣未晴。午時。昨日後岸歸去押衙之判官寄王教言。贈與於官人酒魚等。王教言。亦自獻酒餅等來。官人賜綿等。此舶([□@考]舶或泊字)多有潛磯"
E394,Event,前往地點：遣唐使船搖櫓向乳山去（出邵村浦從海裏行）,1,綿等。此舶([□@考]舶或泊字)多有潛磯。每當浪漂斷纜。沈矴五六度矣。未後。搖櫓向乳山去。出邵村浦。從海裏行。未及半
E395,Event,到達唐朝：円仁隨朝貢使乘船離本國界到揚州,1,右圓仁等。日本國承和五年四月十三日隨朝貢使乘船。離本國界。大唐開成三年七月二日到揚州海陵縣白潮鎮。八月廿八日到揚州寄住開元寺。開成四年二月廿一日從揚州上船發。六月七日到文登縣青寧鄉寄住赤山新羅院。過一冬。今年二月十九日從赤山院發。今月二日黃昏到
E396,Event,到達唐朝：円仁從揚州上船發到文登縣青寧鄉赤山新羅院,1,"十三日隨朝貢使乘船。離本國界。大唐開成三年七月二日到揚州海陵縣白潮鎮。八月廿八日到揚州寄住開元寺。開成四年二月廿一日從揚州上船發。六月七日到文登縣青寧鄉寄住赤山新羅院。過一冬。今年二月十九日從赤山院發。今月二日黃昏到此開元寺宿。謹具事由如前。
開"
E397,Event,朝貢獻物：円仁隨朝貢使乘船入唐,1,"日本國求法僧圓仁弟子僧惟正惟曉行者丁雄滿
右圓仁等。日本國承和五年四月十三日隨朝貢使乘船。離本國界。大唐開成三年七月二日到揚州海陵縣白潮鎮。八月廿八日到揚州寄住開元寺。開成四年二月廿一日從揚州上船發。六月七日到文登縣青寧鄉寄住赤山新羅院。過一"
E398,Event,海上遭難：坂合部連稻積等五人盜乘嶋人之船逃到括州→送到洛陽,1,"人所滅。便東漢長直阿利麻、坂合部連稻積等五人，盜乘嶋人之船，逃到括州。州縣官人送到洛陽之京。
十六日，夜半之時，吉祥連船，行到越州會稽縣須岸山。東北風，風太急。
二十三日，行到餘姚縣。所乘大船及諸調度之物留著彼處。
潤十月一日，行到越州之底。
十"
E399,Event,海上遭難：遣唐使第一船（大使坂合部石布船）遭逆風飄到南海之嶋・爲嶋人所滅,1,"連船，橫遭逆風，飄到南海之嶋。嶋名爾加委。仍為嶋人所滅。便東漢長直阿利麻、坂合部連稻積等五人，盜乘嶋人之船，逃到括州。州縣官人送到洛陽之京。
十六日，夜半之時，吉祥連船，行到"
E400,Event,派遣遣唐使：吉備真備任命吉備朝臣眞備爲入唐副使,1,以從四位上吉備朝臣眞備爲入唐副使。
E401,Event,授予官職：朝廷/天皇授正四位下,1,"備爲大宰大貳。從五位下小野朝臣田守爲少貳。外從五位下黄文連水分爲肥前守。
壬申。入唐廻使從四位上大伴宿祢古麻呂。吉備朝臣眞備並授正四位下。判官正六位上大伴宿祢御笠。巨萬朝臣大山並從五位下。自餘使下二百廿二人亦各有差。
癸未。大宰府言。入唐第四船"
E402,Event,返回日本：入唐第四船判官布勢朝臣人主來泊薩摩國石籬浦,1,"宿祢御笠。巨萬朝臣大山並從五位下。自餘使下二百廿二人亦各有差。
癸未。大宰府言。入唐第四船判官正六位上布勢朝臣人主等來泊薩摩國石籬浦。
五月己酉。從五位下石川朝臣豊人爲越中守。
六月乙丑朔。正五位下中臣朝臣益人爲神祇大副。
秋七月丙午。詔曰。頃"
E403,Event,授予官職：朝廷/天皇授正四位下（入唐廻使等）,1,"五位下黄文連水分爲肥前守。
壬申。入唐廻使從四位上大伴宿祢古麻呂。吉備朝臣眞備並授正四位下。判官正六位上大伴宿祢御笠。巨萬朝臣大山並從五位下。自餘使下二百廿二人亦各有差。
癸未。大宰府言。入唐第四船判官正六位上布勢朝臣人主等來泊薩摩國石籬浦。
五月"
E404,Event,返回日本：大唐學問僧智宗・義德・淨願・大伴部博麻從新羅送使還至筑紫,1,"學問僧智宗、義德、淨願，軍丁筑紫國上陽咩郡大伴部博麻，從新羅送使大奈末金高訓等，還至筑紫。
戊戌，天皇至自紀伊。
冬十月甲辰朔戊申，天皇幸吉野宮。
癸丑，大唐學問僧"
E405,Event,派遣遣唐使：朝廷賜餞入唐大使參議藤原常嗣・副使小野篁,1,"申。彗星猶見。但爲月光所奪。其光芒微少耳。
癸酉。美作國飢。振給之。
甲戌。賜餞入唐大使參議常嗣。副使篁。命五位以上賦春晩陪餞入唐使之題。日暮群臣献詩。副使同亦献之。但大使醉而退出。
丙子。遣唐使朝拜。』豊"
E406,Event,派遣遣唐使：遣唐使朝拜天皇,1,"酉。美作國飢。振給之。
甲戌。賜餞入唐大使參議常嗣。副使篁。命五位以上賦春晩陪餞入唐使之題。日暮群臣献詩。副使同亦献之。但大使醉而退出。
丙子。遣唐使朝拜。』豊"
E407,Event,接受賞賜：朝廷/天皇賜姓安宿祢,1,"臣知足。則免負乘之嘖。不許。』右京人遣唐知乘船事槻本連良棟。民部少録同姓豊額等。賜姓安・宿祢。其先。出自後漢献帝後也。
己巳。任官。
庚午。詔。尾張國課口三分之一。特從優復。河流漲溢。民多病水。故降此恩。
辛未。和泉淡路兩國飢。振給之。
壬申。"
E408,Event,接受賞賜：朝廷/天皇賜餞入唐大使・副使,1,"壬申。彗星猶見。但爲月光所奪。其光芒微少耳。
癸酉。美作國飢。振給之。
甲戌。賜餞入唐大使參議常嗣。副使篁。命五位以上賦春晩陪餞入唐使之題。日暮群臣献詩。副使同亦献之。但大使醉而退出。
丙子。遣唐使朝拜。』豊"
E409,Event,接受賞賜：朝廷/天皇賜姓朝原宿祢,1,"上。爲遣唐譯語兼但馬權掾。
壬午。右京少属秦忌寸安麻呂。造檀林寺使主典同姓家繼等賜姓朝原宿祢。』▲壬午染作遣唐料雜物處。〈權用皇后宮職。〉帛一匹。忽随飆風飛揚・許丈。須臾墮侍從所。
乙酉。美濃國人主殿"
E410,Event,海上遭難：朝廷遣使齎牒至新羅（警告若使船漂着彼境則扶送）,1,華。朝章自遠。仍今遣使修聘巨唐。海晏當時。雖知利渉。風涛或變。猶慮非常。脱有使船漂着彼境。則扶之送過。不俾滯閼。』因以武藏權大掾紀三津爲使。齎牒發遣。賜三津御被。』▼是日。大安寺僧傳灯大法師位惠靈還俗。姓名紀朝臣春主。叙正六位上。爲遣唐譯語兼但
E411,Event,返回日本：圓載至自大唐,1,天台留學僧圓載從仁好及僧惠蕚等至自大唐。
E412,Event,朝貢獻物：大唐學問僧清安・學生高向漢人玄理傳新羅而至（與百濟・新羅朝貢使共來）,1,"冬十月乙丑朔乙亥，大唐學問僧清安、學生高向漢人玄理，傳新羅而至之。仍百濟、新羅朝貢之使共從來之。則各賜爵一級。
是月，徙於百濟宮。

十三年
冬十月己丑朔丁酉，天皇崩于百濟宮。
丙午，殯於宮北。是謂百濟大殯。是時東宮開別皇子，年十六而誄之。"
E413,Event,接受賞賜：朝廷/天皇賜祿各有差,1,"種繼。宍人朝臣垣麻呂。春岑朝臣廣津麻呂。門部連貞宗。大村直福吉並外從五位下。宴畢賜祿各有差。』左京人遣唐史生道公廣持賜姓當道朝臣。和銅年中。肥後守正五位下道君首名。治迹有聲。永存遺愛。廣持是首名之孫也。
甲寅。女叙位并外任。
乙夘。授正六位上永"
E414,Event,接受賞賜：朝廷/天皇賜姓當道朝臣,1,"呂。門部連貞宗。大村直福吉並外從五位下。宴畢賜祿各有差。』左京人遣唐史生道公廣持賜姓當道朝臣。和銅年中。肥後守正五位下道君首名。治迹有聲。永存遺愛。廣持是首名之孫也。
甲寅。女叙位并外任。
乙夘。授正六位上永原朝臣貞主從五位下。
丁巳。正三位源"
E415,Event,授予官職：朝廷/天皇授正六位上永原朝臣貞主從五位下,1,"下道君首名。治迹有聲。永存遺愛。廣持是首名之孫也。
甲寅。女叙位并外任。
乙夘。授正六位上永原朝臣貞主從五位下。
丁巳。正三位源朝臣信爲近江守。左兵衛督"
E416,Event,海上遭難：舶一艘漂著珠洲郡,1,"。常陸国人生部連廣成特授從八位下。以出私物。屡救貧民也。
己丑。能登国言。舶一艘漂著珠洲郡。遣使検船上雜物。
辛卯。賜親王已下參議已上及内侍唐国彩帛各有差。
壬辰。勅。如聞。疫癘之時。民庶相憚。不通水火。存心救療。何有死亡。父子至親。畏忌無近。"
E417,Event,授予官職：朝廷/天皇授從八位下,1,"使之道。豈其然乎。宜加科責。以峻懲沮。
甲申。地震。
丁亥。常陸国人生部連廣成特授從八位下。以出私物。屡救貧民也。
己丑。能登国言。舶一艘漂著珠洲郡。遣使検船上雜物。
辛卯。賜親王已下參議已上及内侍唐国彩帛各有差。
壬辰。勅。如聞。疫癘之時。民庶相"
E418,Event,授予官職：朝廷/天皇授從三位,1,喩所司。務存匍匐。若不遵改。隨即科處。』▼是日。遣唐大使從四位上藤原朝臣葛野麻呂授從三位。判官正六位上菅原朝臣清公從五位下。故副使從五位上
E419,Event,授予官職：朝廷/天皇詔授入唐副使從四位下等（天皇臨朝）,1,"宜免今年田租令續民命。
癸酉。夜。太白入月。星有光。
十一月戊寅。天皇臨朝。詔授入唐副使從五位上中臣朝臣名代從四位下。故判官正六位上田口朝臣養年富。紀朝臣馬主並贈從五位下。准判官從七位下大伴宿祢首名。唐人皇甫東朝。波斯人李密翳等授位有差。
丙戌"
E420,Event,接受賞賜：朝廷（知太政官事一品舍人親王等）宣勅賜臣連姓,1,去天平五年。故知太政官事一品舍人親王。大將軍一品新田部親王宣勅曰。聞道。諸王等願賜臣連姓。供奉朝廷。是故召王等令問其状者。臣葛城等
E421,Event,授予官職：朝廷/天皇詔授入唐副使中臣朝臣名代從四位下,1,"。宜免今年田租令續民命。
癸酉。夜。太白入月。星有光。
十一月戊寅。天皇臨朝。詔授入唐副使從五位上中臣朝臣名代從四位下。故判官正六位上田口朝臣養年富。紀朝臣馬主並贈從五位下。准判官從七位下大伴宿祢首名。唐人皇甫東朝。波斯人李密翳等授位有差。
丙戌。從三位葛"
E422,Event,海上遭難：遣唐使三舶漂廻,1,大宰府奏遣唐使三ケ舶漂廻之状。
E423,Event,返回日本：唐人袁晋卿天平七年隨我朝使歸朝,1,"綿二百屯。
庚寅。玄蕃頭從五位上袁晋卿賜姓清村宿祢。晋卿唐人也。天平七年隨我朝使歸朝。時年十八九。學得文選爾雅音。爲大學音博士。於後。歴大學頭安房守。
戊戌。仰陸奥出羽。追蝦夷廿人。爲擬唐客拜朝儀衛也。
庚子。以從五位上藤原朝臣鷹取爲左中弁。從"
E424,Event,返回日本：唐人袁晋卿天平七年隨我朝使歸朝（時年十八九）,1,"八十匹。綿二百屯。
庚寅。玄蕃頭從五位上袁晋卿賜姓清村宿祢。晋卿唐人也。天平七年隨我朝使歸朝。時年十八九。學得文選爾雅音。爲大學音博士。於後。歴大學頭安房守。
戊戌。仰陸奥出羽。追蝦夷廿人。爲擬唐客拜朝儀衛也。
庚子。以從五位上藤原朝臣鷹取爲左中弁。從"
E425,Event,接受賞賜：朝廷/天皇賜姓清村宿祢,1,"賻贈唐使趙寳英■八十匹。綿二百屯。
庚寅。玄蕃頭從五位上袁晋卿賜姓清村宿祢。晋卿唐人也。天平七年隨我朝使歸朝。時年十八九。學得文選爾雅音。爲大學音博士。於後。歴大學頭安房守。
戊戌。仰陸奥出羽。追蝦夷廿人。爲擬唐客拜朝儀衛也。"
E426,Event,授予官職：朝廷/天皇授正六位上田邊史淨足外從五位下,1,"衛也。
庚子。以從五位上藤原朝臣鷹取爲左中弁。從五位下賀茂朝臣人麻呂爲左少弁。」授正六位上田邊史淨足外從五位下。
春正月壬寅朔。天皇御大極殿受朝。渤海國遣獻可大夫司賓少令張仙壽等朝賀。其儀如常。」以忠臣從二位藤原朝臣魚名爲内大臣。近衛大將大宰"
E427,Event,授予官職：朝廷/天皇授遣唐大使從三位、判官從五位下,1,改。隨即科處。』▼是日。遣唐大使從四位上藤原朝臣葛野麻呂授從三位。判官正六位上菅原朝臣清公從五位下。故副使從五位上石川朝臣道益贈從四位下。判官正六位上甘南備眞人信影從五位下。道益者。從三位中納言石足之孫。從五位上人成之子也。
E428,Event,授予官職：朝廷/天皇授正五位下,1,"丁酉朔。山城国相樂郡白田十三町賜葛井親王。
癸卯。從五位下川原女王。上道朝臣千若授正五位下。"
E429,Event,返回日本：金思蘭（新羅興光族人）遣歸國發兵以討渤海靺鞨,1,年，渤海靺鞨越海入寇登州。時興光族人金思蘭先因入朝留京師，拜為太僕員外卿，至是遣歸國發兵以討靺鞨，仍加授興光為開府儀同三司、寧海軍使。二十五年，興光卒，詔贈太子太保，仍遣左贊善大夫邢璹攝鴻臚少卿，往新羅弔祭，并冊立其子承慶襲
E430,Event,到達唐朝：日本求法僧於大山寺始入唐時所祈念,1,"。於大納言宅。奉啟伴右中辨小野宰相宅。皆有狀。竝付小野少貳訖。
廿八日於大山寺始入唐時所祈金剛般若五仟卷。皆先馳使。奉送綵帛。同日。早朝一時發遣綵帛使訖。便轉經。同日。為竈門大神轉一千卷。
廿九日午前"
E431,Event,到達唐朝：傳灯大法師位以船求法入唐,1,"死。由是延至今日。』▼是日雷雨。東京牛震死。

辛未十五日。傳灯大法師位以船求法入唐。勅大宰府。賜管内國正税稻千束。』▼是日酉時日未入。流星出自織女西邊。入大陵卷舌間。色赤有光。

癸酉十七日。遣伊豫權掾正六位上大神宿祢己井。豊後介正六位下多治"
E432,Event,海上遭難：渤海人宗佐等五十六人漂着石見國,1,"月丁巳朔。日有蝕之。

庚申四日。先是渤海人宗「宇」佐等五十六人漂着石見國。給資粮。放還本。

辛酉五日。右近衛清井冬行。病後狂發。騎馬馳入郁芳門。

庚午十四日。月次神今食祭。天皇不御神嘉殿。親王公卿。奉勅行事。去十一日大膳犬"
E433,Event,到達唐朝：粟田朝臣眞人自唐國至,1,正四位下粟田朝臣眞人自唐國至。初至唐時。有人來問曰。何處使人。荅曰。日本國使。
E434,Event,接受賞賜：朝廷奪贓以賜告人,1,"之利。若不悛心。貸及與者。不論蔭贖科違勅罪。即奪其贓以賜告人。非對物主。賣質亦同。
冬十月乙巳。勅大宰府。新羅使金蘭孫等。遠渉滄波。賀正貢調。其諸蕃入朝。國有恒例。雖有通状。更宜反復。府宜承知研問來朝之由。并責表函。如有表者。准"
E435,Event,接受賞賜：朝廷/天皇宴群臣賜祿（天長節）,1,"。寫案進上。其本者却付使人。凡所有消息。驛傳奏上。
己酉。是日當天長節。仍宴群臣賜祿。有差。又詔贈外祖父從五位上紀朝臣諸人從一位。
壬子。詔以少僧都弘耀法師爲大僧都。惠忠法師爲少僧都。又施高叡法師封卅戸。優宿徳也。
癸丑。勅大宰府。唐客高鶴林等"
E436,Event,海上遭難：日本遣唐使船若有使船漂着彼境則扶之送過（致牒新羅）,1,非實者。牒。得三津等状稱。奉本王命。專來通好。及開函覽牒。但云修聘巨唐。脱有使船漂着彼界。則扶之送過。無俾滯遏者。主司再發星使。設問丁寧。口与牒乖。虚實莫辨。既非交隣之使。必匪由衷之賂。事無■實。豈合虚受。且太政官印。篆跡分明。小野篁船帆飛已遠
E437,Event,接受賞賜：朝廷/天皇賜姓興野宿祢,1,"耳。弟從八位上貞成等賜姓興野宿祢。
戊戌。遣唐録事松川造貞嗣。散位同姓家繼等賜姓高峯宿祢。其先高麗人也。』賜左京人内竪從六位上上毛野公諸兄朝臣姓。近江國人彈正大疏嶋脚臣眞行賜姓高生朝臣"
E438,Event,接受賞賜：朝廷/天皇賜姓高峯宿祢,1,"耳。弟從八位上貞成等賜姓興野宿祢。
戊戌。遣唐録事松川造貞嗣。散位同姓家繼等賜姓高峯宿祢。其先高麗人也。』賜左京人内竪從六位上上毛野公諸兄朝臣姓。近江國人彈正大疏嶋脚臣眞行賜姓高生朝臣。其先觀松彦香殖稻天皇之後也。左京人正六位上秦忌寸賜姓朝"
E439,Event,接受賞賜：朝廷/天皇賜姓高生朝臣,1,"先高麗人也。』賜左京人内竪從六位上上毛野公諸兄朝臣姓。近江國人彈正大疏嶋脚臣眞行賜姓高生朝臣。其先觀松彦香殖稻天皇之後也。左京人正六位上秦忌寸賜姓朝原宿祢。
己亥。勅。以新錢四万文。分之供施京城及平城有名之寺佛僧。毎寺内舍人爲使。』左京人道公安"
E440,Event,接受賞賜：朝廷/天皇賜姓朝原宿祢,1,"彈正大疏嶋脚臣眞行賜姓高生朝臣。其先觀松彦香殖稻天皇之後也。左京人正六位上秦忌寸賜姓朝原宿祢。
己亥。勅。以新錢四万文。分之供施京城及平城有名之寺佛僧。毎寺内舍人爲使。』左京人道公安野賜姓當道朝臣。
庚子。勅旨曰。左京人從六位下民首氏住。賜姓長"
E441,Event,接受賞賜：朝廷/天皇賜姓長岑宿祢,1,"。以新錢四万文。分之供施京城及平城有名之寺佛僧。毎寺内舍人爲使。』左京人道公安野賜姓當道朝臣。
庚子。勅旨曰。左京人從六位下民首氏住。賜姓長岑宿祢焉。氏主等与白鳥村主同祖。出自魯公伯禽云。
辛丑。河内"
E442,Event,接受賞賜：朝廷/天皇賜姓當道朝臣,1,"舍人爲使。』左京人道公安野賜姓當道朝臣。
庚子。勅旨曰。左京人從六位下民首氏住。賜姓長岑宿祢焉。氏主等与白鳥村主同祖。出自魯公伯禽云。
辛丑。河内"
E443,Event,到達唐朝：藤原常嗣入唐來朝貢,1,"唐會要》曰：「開成四年四月，遣使藤原常嗣等來朝貢。」

清和天皇貞觀三年
釋宗睿入唐請益，乃懿宗咸通三年也。而返明州望海鎮，會李延考赴日本寮，共泛舶，凡三日夜，着大宰府，年丁亥也。

同四年
釋真如泛海入唐，遍詢名德，不充如意，遂杖錫西邁。元慶"
E444,Event,派遣遣唐使：藤原朝臣貞敏任命藤原朝臣貞敏爲遣唐准判官,1,以從六位下藤原朝臣貞敏爲遣唐准判官。
E445,Event,前往地點：入唐學問僧巡礼南臺,1,至秋七月。巡礼南臺。
E446,Event,到達唐朝：釋宗睿入唐請益（返明州望海鎮着大宰府）,1,"，會李延考赴日本寮，共泛舶，凡三日夜，着大宰府，年丁亥也。

同四年
釋真如泛海入唐，遍詢名德，不充如意，遂杖錫西邁。元慶五年，在唐留學"
E447,Event,朝貢獻物：日本國貢真珠・絹,1,"，日本國貢真珠、絹。」

同六年
《唐會要》曰：「開成四年四月，遣使藤原常嗣等來朝貢。」

清和天皇貞觀三年
釋宗睿入唐請益，乃懿宗咸通三年也。而返明州望海鎮，會李延考赴日本寮，共泛舶，凡三日夜，着大宰府，年丁亥也。

同四年
釋真如泛海入唐，"
E448,Event,返回日本：入唐求法僧智聡在唐廿余載今年還日本（帶唐人駱漢中歸）,1,一日丁亥。於内裏、始修仏名懺悔之事。』是日。令大宰府、量唐人駱漢中并従二人衣粮。入唐求法僧智聡在彼廿余載、今年還此。漢中随智聡来。智聡曰。漢中是大唐処士。身多技芸、知其才藻、勧令同来。不事■ｻﾝ求、独取艱渋。願加優恤、以慰旅情。詔依請焉。』美濃
E449,Event,接受賞賜：朝廷/天皇賜姓菅野朝臣,1,"輔主、主殿充大初位下葛井連直臣等三人、賜姓菅野朝臣。其先、百済国人也。

十七日癸未。遣荷前幣諸山陵墓。於建礼門前発使、公卿行事。』（以下類聚国史107により補う）詔置隼人司佑一員。復旧也。

廿一日丁"
E450,Event,到達唐朝：桓武天皇朝遣唐使（弘法・傳教等）皆隨國使入大唐,1,臣服，又不欲絶好，其意可觀也。厥後，桓武天皇朝屢有遣唐使，如弘法、傳教，皆隨國使入大唐。此時恐無天子書，而惟使者以通事諭來意乎？至於烏羽院代，大宋國附商客孫俊明、鄭清等通書，因周命諸儒議之，終無報書矣。然則平氏重盛施黄金於育王，源氏實朝求佛牙於能
E451,Event,到達唐朝：日本入唐求法僧入唐求法巡禮,1,"卷二

入唐求法巡禮行記卷三

卷四

→

〈入唐求法巡禮行記卷第三〉
([□@考]開成五年四月)
廿八日([□@考]廿八日至十六日記事重出而互有具略。兩文相異以線示之)"
E452,Event,前往地點：円仁入平谷西行卅里到停點普通院,1,"卷二

入唐求法巡禮行記卷三

卷四

→

〈入唐求法巡禮行記卷第三〉
([□@考]開成五年四月)
廿八日([□@考]廿八日至十六日記事重出而互有具略。兩文相異以線示之)入平谷。西行卅里。巳時到停點普通院前。始"
E453,Event,到達唐朝：橘逸勢延曆之季隨聘唐使入唐,1,入居之子也。為性放誕，不拘細節。尤妙隸書，宮門榜題，手跡見在。延曆之季，隨聘唐使入唐。唐中文人，呼為橘秀才。歸來之日，歷事數官。以年老羸病，靜居不仕。承和九年，連染伴-健岑謀反事，拷掠不服，減死配流伊豆國。初逸勢之赴配所也，有一女，悲泣步從。官
E454,Event,到達唐朝：橘逸勢延曆之季隨聘唐使入唐（唐人呼為橘秀才）,1,四位下-入居之子也。為性放誕，不拘細節。尤妙隸書，宮門榜題，手跡見在。延曆之季，隨聘唐使入唐。唐中文人，呼為橘秀才。歸來之日，歷事數官。以年老羸病，靜居不仕。承和九年，連染伴-健岑謀反事，拷掠不服，減死配流伊豆國。初逸勢之赴配所也，有一女，悲泣步從。官
E455,Event,授予官職：朝廷/天皇授從五位下,1,"六位下中臣朝臣人足。平羣朝臣安麻呂。正六位上高志連村君。國覓忌寸八嶋。幡文造通並授從五位下。
三月庚子。遣唐副使從五位下巨勢朝臣邑治等自唐國至。
庚申。從四位上下毛野朝臣古麻呂。請改下毛野朝臣石代姓爲下毛野川内朝臣。許之。
甲子。給鐵印于攝津伊勢等"
E456,Event,派遣遣唐使：遣唐大使副使奉還節刀,1,遣唐大使副使等自大宰府入京。奉還節刀。
E457,Event,返回日本：遣唐副使巨勢朝臣邑治自唐國至（歸朝）,1,"六位下中臣朝臣人足。平羣朝臣安麻呂。正六位上高志連村君。國覓忌寸八嶋。幡文造通並授從五位下。
三月庚子。遣唐副使從五位下巨勢朝臣邑治等自唐國至。
庚申。從四位上下毛野朝臣古麻呂。請改下毛野朝臣石代姓爲下毛野川内朝臣。許之。
甲子。給鐵印于攝津伊勢等"
E458,Event,到達唐朝：僧玄昉靈龜二年入唐學問（唐天子尊准三品着紫袈裟）,1,"四位下。无位大養徳宿祢麻呂女從五位下。
己亥。僧玄■死。玄■俗姓阿刀氏。靈龜二年入唐學問。唐天子尊■。准三品令着紫袈裟。天平七年隨大使多治比眞人廣成還歸。齎經論五千餘卷及諸佛像來。皇朝亦施紫袈裟着之。尊爲僧正。安置内道塲。自是之後。榮寵日盛。稍"
E459,Event,返回日本：僧玄昉天平七年隨大使多治比眞人廣成還歸,1,氏。靈龜二年入唐學問。唐天子尊■。准三品令着紫袈裟。天平七年隨大使多治比眞人廣成還歸。齎經論五千餘卷及諸佛像來。皇朝亦施紫袈裟着之。尊爲僧正。安置内道塲。自是之後。榮寵日盛。稍乖沙門之行。時人惡之。至是死於徙所。世相傳云。爲藤原廣嗣
E460,Event,授予官職：朝廷/天皇授從五位下,1,"五位下楢原造東人。小治田朝臣諸人。民忌寸眞楫並授從五位下。
庚申。禁諸寺競買百姓墾田及園地永爲寺地。
丙子。令諸國依舊進仕丁之廝。
六月丙戌。地震。
壬辰。從五位下高丘王授從四位下。无位大養徳宿祢麻呂女從五位下。"
E461,Event,授予官職：朝廷/天皇授從四位下,1,"永爲寺地。
丙子。令諸國依舊進仕丁之廝。
六月丙戌。地震。
壬辰。從五位下高丘王授從四位下。无位大養徳宿祢麻呂女從五位下。
己亥。僧玄■死。玄■俗姓阿刀氏。靈龜二年入唐學問。唐天子尊■。准三品令着紫袈裟。天平七年隨大使多治比眞人廣成還歸。齎經論五千餘卷及諸"
E462,Event,接受賞賜：朝廷/天皇賜姓菅野朝臣,1,"権守船連副使麻呂、内蔵権少充正七位上津宿祢輔主、主殿充大初位下葛井連直臣等三人、賜姓菅野朝臣。其先、百済国人也。

十七日癸未。遣荷前幣諸山陵墓。於建礼門前発使、"
E463,Event,海上遭難：遣唐使第一・第四兩船漂蕩却廻,1,宜令五畿内七道諸國司轉讀般若走幣名神。』▼是日。大宰府馳驛。奏遣唐使第一第四兩船漂蕩却廻之状。兩船密封奏。同
E464,Event,海上遭難：遣唐使船得好風兩三日得到新羅國,1,"州牟平縣唐陽陶村之南邊。去縣百六十里。去州三百里。從此東有新羅國。得好風。兩三日得到(云々)。船舶上官人。賜酒及綿。便作帖報州縣。緣天未晴。望見山頭未得顯然。東風吹。日暮霧彌暗。
十八日。改食法。日每人糒一升。水一升。東風不變。又此州但有粟。其"
E465,Event,接受賞賜：唐地方官人賜酒及綿,1,"縣百六十里。去州三百里。從此東有新羅國。得好風。兩三日得到(云々)。船舶上官人。賜酒及綿。便作帖報州縣。緣天未晴。望見山頭未得顯然。東風吹。日暮霧彌暗。
十八日。改食法。日每人糒一升。水一升。東風不變。又此州但有粟。其粳米最貴(云々)。請益僧。"
E466,Event,派遣遣唐使：朝廷/天皇遣使造入唐使舶四艘於安藝國,1,"。」授正六位上英保首代作外從五位下。以搆西大寺兜率天堂也。
十一月癸未朔。遣使造入唐使舶四艘於安藝國。
癸巳。陸奧國桃生郡人外從七位下牡鹿連猪手賜姓道嶋宿祢。
庚子。遣鍛冶正從五位下氣太王造齋宮於伊勢國。
辛丑。以從五位下紀朝臣古佐美爲式部少輔"
E467,Event,海上遭難：内藏忌寸全成自渤海却廻海中遭風漂着對馬,1,迎藤原河清使判官内藏忌寸全成。自渤海却廻。海中遭風。漂着對馬。
E468,Event,接受賞賜：朝廷/天皇賜姓道嶋宿祢,1,"月癸未朔。遣使造入唐使舶四艘於安藝國。
癸巳。陸奧國桃生郡人外從七位下牡鹿連猪手賜姓道嶋宿祢。
庚子。遣鍛冶正從五位下氣太王造齋宮於伊勢國。
辛丑。以從五位下紀朝臣古佐美爲式部少輔。從五位下多治比眞人豊濱爲治部少輔。主殿頭從五位下美和眞人土生爲"
E469,Event,授予官職：朝廷/天皇授正六位上英保首代作外從五位下,1,"。而去此就彼損害極多。臣等商量。改東山道。属東海道。公私得所。人馬有息。奏可。」授正六位上英保首代作外從五位下。以搆西大寺兜率天堂也。
十一月癸未朔。遣使造入唐使舶四艘於安藝國。
癸巳。陸奧國桃生郡人外從七位下牡鹿連猪手賜姓道嶋宿祢。
庚子。遣鍛冶"
E470,Event,接受賞賜：唐高祖前後賞賜不可勝紀,1,畢遣其特勤康稍利等獻馬千匹，會于絳郡，又遣二千騎助軍，從平京城。及高祖即位，前後賞賜，不可勝紀。始畢自恃其功，益驕踞，每遣使者至長安，頗多橫恣，高祖以中原未定，每優容之。武德元年，始畢使骨咄祿特勤來朝，宴于太極殿，奏九部樂，賚錦
E471,Event,到達唐朝：道昭白雉四年隨使入唐・遇玄奘三藏師受業,1,漏汚被褥。和尚乃微笑曰。放蕩小子汚人之床。竟無復一言焉。初孝徳天皇白雉四年。隨使入唐。適遇玄弉三藏。師受業焉。三藏特愛。令住同房。謂曰。吾昔往西域。在路飢乏。無村可乞。忽有一沙門手持梨子。与吾食之。吾自啖後氣力日健。今汝是持梨沙門也。又謂曰。經
E472,Event,到達唐朝：道昭白雉四年隨使入唐遇玄奘三藏師受業,1,器。漏汚被褥。和尚乃微笑曰。放蕩小子汚人之床。竟無復一言焉。初孝徳天皇白雉四年。隨使入唐。適遇玄弉三藏。師受業焉。三藏特愛。令住同房。謂曰。吾昔往西域。在路飢乏。無村可乞。忽有一沙門手持梨子。与吾食之。吾自啖後氣力日健。今汝是持梨沙門也。又謂曰。經
E473,Event,返回日本：道昭於後隨使歸朝（玄奘授所持舍利經論）,1,謂曰。經論深妙不能究竟。不如學禪流傳東土。和尚奉教。始習禪定。所悟稍多。於後隨使歸朝。臨訣。三藏以所持舎利經論。咸授和尚而曰。人能弘道。今以斯文附
E474,Event,返回日本：道昭隨使歸朝（玄奘臨別授舍利經論）,1,。又謂曰。經論深妙不能究竟。不如學禪流傳東土。和尚奉教。始習禪定。所悟稍多。於後隨使歸朝。臨訣。三藏以所持舎利經論。咸授和尚而曰。人能弘道。今以斯文附
E475,Event,師從學習：道昭從玄奘三藏師受業習禪定,1,。放蕩小子汚人之床。竟無復一言焉。初孝徳天皇白雉四年。隨使入唐。適遇玄弉三藏。師受業焉。三藏特愛。令住同房。謂曰。吾昔往西域。在路飢乏。無村可乞。忽有一沙門手持梨子。与吾食之。吾自啖後氣力日健。今汝是持梨沙門也。又謂曰。經論深妙不能究竟。不如學
E476,Event,海上遭難：円仁再發遭逆風不果（四年七月）,1,風不果。至五年六月十三日，復於九州博多分登第一舶與第四舶，是為三次首途。仁所著「入唐巡禮記」起於此日。六月二十二日放洋，風濤甚烈，飽歷艱險。唐文宗開成三年(八三八)七月二日，抵淮南道揚州府海陵縣(今江蘇泰州)。大使由淮南節度使李德裕奏准入長安。
E477,Event,派遣遣唐使：遣唐使（第一・第四舶）復於九州博多分登第一舶與第四舶（三次首途）,1,風不果。至五年六月十三日，復於九州博多分登第一舶與第四舶，是為三次首途。仁所著「入唐巡禮記」起於此日。六月二十二日放洋，風濤甚烈，飽歷艱險。唐文宗開成三年(八三八)七月二日，抵淮南道揚州府海陵縣(今江蘇泰州)。大使由淮南節度使李德裕奏准入長安。
E478,Event,派遣遣唐使：佐伯宿祢今毛人遣唐大使還而進節刀,1,遣唐大使佐伯宿祢今毛人自大宰還而進節刀。
E479,Event,海上遭難：円仁遇險破舟均折回→再發遭逆風不果,1,圓仁從行。遇險破舟，均折回。四年七月再發，遭逆風不果。至五年六月十三日，復於九州博多分登第一舶與第四舶，是為三次首途。仁所著「入唐巡禮記」起於此日。六月二十二日放洋，風濤甚烈，飽歷艱險。唐文宗開成三年(八三八
E480,Event,派遣遣唐使：藤原貞敏承和二年爲美作掾兼遣唐使准判官,1,。貞敏者。刑部卿從三位繼彦之第六子也。少耽愛音樂。好學鼓琴。尤善彈琵琶。承和二年爲美作掾兼遣唐使准判官。五年到大唐。達上都。逢能彈琵琶者劉二郎。貞敏贈砂金二百兩。劉二郎曰。礼貴往來。請欲相傅。即授兩三調。二三月間。盡了妙曲。劉二郎贈譜數十卷。因問曰。君師何
E481,Event,到達唐朝：藤原貞敏五年到大唐達上都（逢劉二郎學琵琶）,1,第六子也。少耽愛音樂。好學鼓琴。尤善彈琵琶。承和二年爲美作掾兼遣唐使准判官。五年到大唐。達上都。逢能彈琵琶者劉二郎。貞敏贈砂金二百兩。劉二郎曰。礼貴往來。請欲相傅。即授兩三調。二三月間。盡了妙曲。劉二郎贈譜數十卷。因問曰。君師何人。素學妙曲乎。貞
E482,Event,到達唐朝：入唐大使多治比眞人廣成自唐國至（進節刀・歸朝）,1,"兵部曹司。問新羅使入朝之旨。而新羅國輙改本號曰王城國。因茲返却其使。
三月丙寅。入唐大使從四位上多治比"
E483,Event,朝貢獻物：日本國使賜留學僧東絁・綿・砂金等（充學問料）,1,。本國使賜留學僧。東絁卅五疋。帖綿十疊。長綿六十五屯。砂金二十五大兩。充學問䉼。朝貢使賜勾當王友真酒飲惜別。齋後。本國相公。喚留學僧。賜砂金。流淚慰別。圓澄偁。去月四日從長安發歸。十三日。至填州甘堂驛。擬留楚州。更不向揚州。官人等從在京之日。沈
E484,Event,接受賞賜：朝貢使賜勾當王友真酒飲惜別,1,使賜留學僧。東絁卅五疋。帖綿十疊。長綿六十五屯。砂金二十五大兩。充學問䉼。朝貢使賜勾當王友真酒飲惜別。齋後。本國相公。喚留學僧。賜砂金。流淚慰別。圓澄偁。去月四日從長安發歸。十三日。至填州甘堂驛。擬留楚州。更不向揚州。官人等從在京之日。沈病辛苦。然去月十
E485,Event,到達唐朝：高丘親王（无品）入唐之後多歴年序未歸,1,」十五年大和守従四位上在原朝臣善淵・前肥後守從五位上同安貞等上表請。無品高丘親王入唐之後、多歴年序。歸却之期已過、存亡之分難决。而偏准於平常、猶受其封邑。靜而思之、慙悚難耐。望請早被返收。將免謗議。。存亡難卜。何許來請焉。親王、身■中途、神馳半
E486,Event,接受賞賜：朝廷/天皇宴重陽節命文人賦詩・宴了賜祿有差,1,"祷。今以奉賽也。
己巳。天皇御紫宸殿。宴重陽節。命文人。同賦露重菊花鮮之題。宴了賜祿有差。
甲戌。攝津國人右衛門醫師辟秦眞身。武散位同姓仲主等三烟。改本姓賜秦勝。
辛巳。以從五位上藤原朝臣當道爲河内守。右少弁如故。散位從五位下丹・眞人石雄爲伯耆"
E487,Event,到達唐朝：最澄延暦年中奉勅入唐請益,1,是。圓珍奏言。祖師十禪師傳燈大法師位澄。師十禪師傳燈大法師位義眞。延暦年中。奉勅入唐請益。歸朝之
E488,Event,返回日本：最澄延暦年中奉勅入唐請益・歸朝,1,言。祖師十禪師傳燈大法師位澄。師十禪師傳燈大法師位義眞。延暦年中。奉勅入唐請益。歸朝之
E489,Event,派遣遣唐使：布勢朝臣清直任命布勢朝臣清直爲送唐客使,1,以從五位下布勢朝臣清直爲送唐客使。正六位上甘南備眞人清野。從六位下多治比眞人濱成爲判官。
E490,Event,授予官職：朝廷/天皇授從五位下→從四位上（歷次陞進）,1,"子卒。勅贈從三位。有子者。贈太政大臣長良朝臣之長女也。爲性婉順。儀閑雅。仁壽四年授從五位下。天安二年爲典侍。貞觀二年授從四位下。六年加從四位上。有子適大納言平朝臣高棟。生二男二女。

廿九日壬申。勅令内供奉十禪師傳燈大法師位圓珍。弘傳眞言止觀兩宗教"
E491,Event,授予官職：朝廷/天皇歷次授位（從五位下→典侍→從四位下→從四位上）,1,"長良朝臣之長女也。爲性婉順。儀閑雅。仁壽四年授從五位下。天安二年爲典侍。貞觀二年授從四位下。六年加從四位上。有子適大納言平朝臣高棟。生二男二女。

廿九日壬申。勅令内供奉十禪師傳燈大法師位圓珍。弘傳眞言止觀兩宗教。先是。圓珍奏言。祖師十禪師傳燈大法"
E492,Event,接受賞賜：朝廷/天皇賜姓榮井宿祢,1,"雲守。
是月。陸奥夷俘來降者。相望於道。
夏四月甲申。從五位上日置造蓑麻呂等八人賜姓榮井宿祢。從六位上日置造雄三成等四人鳥井宿祢。正八位下日置造飯麻呂等二人吉井宿祢。
丙戌。雨雹。
庚寅。渤海使史都蒙等入京。
辛夘。太政官遣使慰問史都蒙等。
甲"
E493,Event,接受賞賜：朝廷/天皇賜姓常世連,1,"三人。遠江國蓁原郡人外從八位下赤染長濱。因幡國八上郡人外從六位下赤染帶繩等十九人賜姓常世連。
戊戌。遣唐大使"
E494,Event,接受賞賜：朝廷/天皇賜姓曰連・加勤大壹位・封二十戶,1,"舍人等，掃清諸寺堂塔。則大赦天下，囚獄已空。
六月己巳朔，槻本村主勝麻呂賜姓曰連。仍加勤大壹位，封二十戶。
庚午，工匠、陰陽師、侍醫、大唐學生及一二宮人并三十四人，授爵位。
乙亥，選諸司人等有功二十八人，增加爵位。
戊寅，卜天皇病，祟草"
E495,Event,派遣遣唐使：朝廷以大宰少監下道朝臣長人爲遣新羅使（爲迎遣唐判官海上三狩）,1,"壬午。授外從五位下吉田連古麻呂外正五位下。
甲申。以大宰少監正六位上下道朝臣長人爲遣新羅使。爲迎遣唐判官海上三狩等也。
戊子。授命婦從四位下巨勢朝臣巨勢野正四位下。
辛夘。授"
E496,Event,海上遭難：遣唐副使小野石根寳龜八年任副使入唐事畢而歸・海中船斷沒死,1,"唐國。石根大宰大貳從四位下老之子也。寳龜八年。任副使入唐。事畢而歸。海中船斷。石根及唐送使趙寳英等六十三人。同時沒死。故並有此贈也。」授正六位上大原眞人黒麻呂從五位下。
丁丑。散位從四位下佐伯宿祢三野卒。
庚辰。授外"
E497,Event,授予官職：朝廷/天皇授正六位上大原眞人黒麻呂從五位下,1,"唐。事畢而歸。海中船斷。石根及唐送使趙寳英等六十三人。同時沒死。故並有此贈也。」授正六位上大原眞人黒麻呂從五位下。
丁丑。散位從四位下佐伯宿祢三野卒。
庚辰。授外從五位下吉田連斐太麻呂從五位下。」從五位下藤原朝臣末茂爲左衛士員外佐。
壬午。授外從五"
E498,Event,授予官職：朝廷/天皇授外從五位下吉田連斐太麻呂從五位下,1,"」授正六位上大原眞人黒麻呂從五位下。
丁丑。散位從四位下佐伯宿祢三野卒。
庚辰。授外從五位下吉田連斐太麻呂從五位下。」從五位下藤原朝臣末茂爲左衛士員外佐。
壬午。授外從五位下吉田連古麻呂外正五位下。
甲申。以大宰少監正六位上下道朝臣長人爲遣新羅使。爲"
E499,Event,授予官職：朝廷/天皇授外從五位下吉田連古麻呂外正五位下,1,"外從五位下吉田連斐太麻呂從五位下。」從五位下藤原朝臣末茂爲左衛士員外佐。
壬午。授外從五位下吉田連古麻呂外正五位下。
甲申。以大宰少監正六位上下道朝臣長人爲遣新羅使。爲迎遣唐判官海上三狩等也。
戊子。授命婦從四位下巨勢朝臣巨勢野正四位下。
辛夘。授"
E500,Event,前往地點：遣唐使奉幣帛爲令遣唐使等平安,1,爲令遣唐使等平安也。
E501,Event,授予官職：朝廷/天皇授命婦從四位下巨勢朝臣巨勢野正四位下,1,"申。以大宰少監正六位上下道朝臣長人爲遣新羅使。爲迎遣唐判官海上三狩等也。
戊子。授命婦從四位下巨勢朝臣巨勢野正四位下。
辛夘。授"
E502,Event,朝貢獻物：渤海武藝遣使朝貢並上表請殺門藝,1,夏代門藝統兵，徵門藝，欲殺之。門藝遂棄其眾，間道來奔，詔授左驍衛將軍。武藝尋遣使朝貢，仍上表極言門藝罪狀，請殺之。上密遣門藝往
E503,Event,朝貢獻物：唐朝廷下詔削棄朝貢,1,"以傷乃心，我不取也。」初，師還，帝以弓服賜蓋蘇文，受之，不遣使者謝，於是下詔削棄朝貢。

又明年三月，詔左武衛大將軍牛進達為青丘道行軍大總管，右武衛將軍李海岸副之，自萊州度海；李勣為遼東道行軍大總管，右武衛將軍孫貳朗、右屯衛大將軍鄭仁泰副之，率"
E504,Event,海上遭難：遣唐使船暴雨疾風，打破舟船，多人沈溺,1,暴雨疾風、沈石不禁。未初、風変打破舟、。云々。其明経請益大学助豊村家永、遂波没、不知所著。沈溺之徒、不可勝計
E505,Event,派遣遣唐使：葛野麻呂上表,1,乙巳。葛野麻呂上表曰。云々。
E506,Event,接受賞賜：摂津国俘囚・陸奥国俘囚賜姓雄谷,1,摂津国俘囚勲六等吉弥侯部子成等男女八人、陸奥国勲六等吉弥侯部押人等男女八人、賜姓雄谷。
E507,Event,接受賞賜：遣唐大使已下賜物有差,1,乙丑。賜遣唐大使已下水手已上物有差。
E508,Event,接受賞賜：天皇賜務大肆并絁五匹綿十一屯等,1,故賜務大肆，并絁五匹、綿十一屯、布三十端、稻一千束、水田四町。
E509,Event,派遣遣唐使：藤原常嗣借遣唐使位，大使從四位上升正二位,1,壬申。借遣唐使位。大使從四位上藤原朝臣常嗣正二位。副使從五位上小野朝臣篁正四位上。
E510,Event,到達唐朝：円仁留唐十年，客長安六載,1,留唐十年，客長安六載
E511,Event,海上遭難：遣唐第一船擧帆指奄美嶋發去未知其着處,1,第一船擧帆指奄美嶋發去。未知其着處。
E512,Event,帶回文化物品：円仁齎歸唐人詩文集多種,1,入唐新求聖教目錄中記圓仁齎歸書，有唐人詩文集多種
E513,Event,海上遭難：遣唐使舶恐風涛或變漂着新羅境,1,辛巳。恐遣唐使舶風涛或變漂着新羅境。所以太政官准舊例。牒彼國執事省。
E514,Event,前往地點：円仁行至蓬萊縣望仙鄉,1,齋後望西北行卅里到蓬萊縣管內望仙鄉王庭村寺宿
E515,Event,到達唐朝：円仁入開元寺宿於登州,1,行廿里到登州入開元寺宿
E516,Event,到達唐朝：沙門道久、筑紫君薩野馬、韓嶋勝娑婆、布師首磐從唐來,1,沙門道久、筑紫君薩野馬、韓嶋勝娑婆、布師首磐四人從唐來
E517,Event,前往地點：円仁過潼關,1,廿二日過潼關。是國城之咽喉也。
E518,Event,派遣遣唐使：朝野朝臣鹿取累遷遣唐准録事,1,自此累遷遣唐准録事。
E519,Event,返回日本：小野臣妹子至自大唐,1,秋九月、小野臣妹子等至自大唐、唯通事福利不來。
E520,Event,派遣遣唐使：丹眞人貞成任造舶使長官,1,任造舶使。以正五位下丹・眞人貞成爲長官。
E521,Event,派遣遣唐使：笠朝臣仲守・伴宿祢成益並爲遣唐裝束司,1,且以左中弁從四位下笠朝臣仲守。右少弁從五位下伴宿祢成益。並爲遣唐裝束司。
E522,Event,海上遭難：遣唐第一第四舶忽遇逆風流着壹伎嶋,1,第一第四舶。忽遇逆風。流着壹伎嶋。
E523,Event,傳入制度：天皇案大唐玄宗開元十年撰御註孝經,1,今案。大唐玄宗開元十年。撰御註孝經
E524,Event,派遣遣唐使：仲眞人石伴爲遣唐大使,1,以右虎賁衛督從四位下仲眞人石伴爲遣唐大使。上総守從五位上石上朝臣宅嗣爲副使。
E525,Event,返回日本：送唐客使送唐客使,1,辛亥。送唐客使
E526,Event,到達唐朝：朝臣真人來貢,1,故唐長安中，遣其大臣真人來貢，皆讀經史，善屬文。
E527,Event,授予官職：阿倍仲麻呂仕至補闕，授撿校秘書監,1,開元中，有朝衡者，隸太學，應舉，仕至補闕。求歸國，授撿校秘書監，放還。
E528,Event,帶回文化物品：錢俶求寫天台教典，盡得之,1,錢俶置書於其國主，奉黄金五百兩，求寫其本，盡得之。
E529,Event,派遣遣唐使：小野朝臣末嗣・長岑宿祢高名爲理舶使次官,1,理舶使長官。筑前權守從五位下小野朝臣末嗣。遣唐判官從五位下長岑宿祢高名並爲次官。
E530,Event,派遣遣唐使：多治比眞人縣守爲遣唐押使,1,以從四位下多治比眞人縣守爲遣唐押使。從五位上阿倍朝臣安麻呂爲大使。正六位下藤原朝臣馬養爲副使。
E531,Event,派遣遣唐使：大伴宿祢山守代爲遣唐大使,1,以從五位下大伴宿祢山守。代爲遣唐大使。
E532,Event,到達唐朝：郭務悰送使沙宅孫登等，總合二千人，乘船四十七隻，泊於比知嶋,1,唐國使人郭務悰等六百人，送使沙宅孫登等一千四百人，總合二千人，乘船四十七隻，俱泊於比知嶋。
E533,Event,海上遭難：遣唐第二舶左右方便漂着値賀嶋,1,第二舶左右方便漂着値賀嶋。
E534,Event,到達唐朝：円仁入唐求法巡禮,1,日本古代旅行中國之外交官、留學僧侶、學生，人數雖多，面留有重要記錄者為唐時智澄大師之「行曆鈔」
E535,Event,派遣遣唐使：大宰府管理遣唐使留置返上等四箇帳,1,資財、蕃客、遣唐使留置返上等四箇帳
E536,Event,到達唐朝：劉德高至于對馬、筑紫，進表函,1,七月二十八日、至于對馬。九月二十日、至于筑紫。二十二日、進表函焉。
E537,Event,派遣遣唐使：守君大石遣於大唐,1,是歲、遣小錦守君大石等於大唐
E538,Event,到達唐朝：円仁入唐求法,1,昔者慈覺大師入唐求法之日。巡礼臺山之時。
E539,Event,前往地點：円仁巡礼臺山,1,巡礼臺山之時
E540,Event,帶回文化物品：円仁將來胎藏金剛兩部曼茶羅、諸尊壇樣、高僧真影及舍利、經論章疏,1,胎藏金剛兩部曼茶羅、諸尊壇樣、高僧真影及舍利二十一種，經論章疏等一百二十八部，一百九十八卷。
E541,Event,到達唐朝：円仁抵登州牟平縣海岸,1,四月十八日抵登州牟平縣海岸
E542,Event,到達唐朝：円仁隨朝貢使乘船離本國界，到揚州海陵縣，又到文登縣,1,日本國承和五年十三日隨朝貢使乘船離本國界大唐開成三年七月二日到揚州海陵縣白湖鎮
E543,Event,前往地點：鑑真發向韶州，至韶州禪居寺,1,大和上住此一春，發向韶州...至韶州禪居寺
E544,Event,派遣遣唐使：坂合部連石布任命坂合部連石布使於唐國,1,遣小錦下坂合部連石布、大仙下津守連吉祥，使於唐國。
E545,Event,到達唐朝：最澄入天台,1,㝡澄和尚。貞元廿一年。入天台。
E546,Event,帶回文化物品：最澄將天台教法歸本國,1,後歸本國。深喜得達。所將天台教法。
E547,Event,海上遭難：良枝宿祢清上從聘唐使入大唐，歸朝之日舶遭造風，漂墮南海賊地，爲賊所殺,1,承和之初。清上從聘唐使。入於大唐。歸朝之日。舶遭造風。漂墮南海賊地。爲賊所殺。
E548,Event,返回日本：多治比眞人廣成入唐大使來著多祢嶋,1,十一月丁丑。入唐大使從四位上多治比眞人廣成等來著多祢嶋。
E549,Event,傳入制度：羽栗臣翼遣唐使録事貢寳應五紀暦經,1,寳龜十一年。遣唐使録事故從五位下行内藥正羽栗臣翼貢寳應五紀暦經云。大唐今停大衍暦。唯用此經。
E550,Event,傳入制度：眞野麻呂申請用五紀暦，後改用長慶宣明暦經,1,貞觀元年。渤海國大使烏孝愼新貢長慶宣明暦經云。是大唐新用經也。
E551,Event,前往地點：円仁從五臺往長安，向西南行二千餘里,1,從五臺往長安。向西南行。二千餘里。得到長安也。
E552,Event,到達唐朝：羽栗吉麻呂以学生阿倍朝臣中麻呂入唐，娶唐女生翼及翔,1,父吉麻呂、霊亀二年、以学生阿倍朝臣中麻呂■ｹﾝ人入唐、娶唐女生翼及翔。
E553,Event,返回日本：羽栗翼随父帰国,1,翼年十六、天平六年、随父帰国。
E554,Event,傳入制度：興原敏久・額田今人抄出刑法難義數十事欲遣問大唐，永直自請詳解，遣唐之問因斯止,1,嘗大判事興原敏久。明法博士額田今人等。抄出刑法難義數十事。欲遣問大唐。永直聞之。自請詳解其義。累年疑滯。一時氷釋。遣唐之問。因斯止矣。
E555,Event,派遣遣唐使：津守連吉祥任命津守連吉祥使於唐國,1,遣小錦下坂合部連石布、大仙下津守連吉祥，使於唐國。
E556,Event,到達唐朝：入唐學問僧到長安城,1,其年八月。到長安城。
E557,Event,派遣遣唐使：薬師恵日遣於大唐,1,以大仁犬上君三田耜、大仁藥師惠日，遣於大唐。
E558,Event,傳入制度：大春日朝臣真野麻呂上請以五紀暦經造曆,1,先是、曆博士大春日朝臣真野麻呂上請：「以開元大衍曆經造曆年久，而今檢大唐開成四年大中三年兩年曆...依五紀暦經造之。」
E559,Event,接受賞賜：高階眞人遠成遣唐判官復命之日特授從五位上,1,壬申。遣唐判官正六位上高階眞人遠成従従五位上。遠成、率爾奉使、不遑治行。其意可矜。故復命之日特授焉。
E560,Event,到達唐朝：鑑真買得此地施入寺家,1,初寶龜中，大唐和尚鑑真，買得此地，施入寺家。
E561,Event,前往地點：長安千福寺天台宗惠雲從五峯下游楚泗，今到此郡,1,長安千福寺天台宗惠雲。禪門宗學人僧弘鑒...竝閑々無繫。雲遊山水。從此五峯下游楚泗。今到此郡。
E562,Event,朝貢獻物：朝臣真人來貢方物,1,長安三年，其大臣朝臣真人來貢方物
E563,Event,授予官職：則天授司膳卿,1,則天宴之於麟德殿，授司膳卿，放還本國。
E564,Event,師從學習：日本遣使請儒士授經,1,開元初，又遣使來朝，因請儒士授經。詔四門助教趙玄默就鴻臚寺教之
E565,Event,前往地點：円仁請往台州國清寺尋師,1,還學僧圓仁。沙彌惟正惟曉。水手丁雄滿...右請往台州國清寺尋師。
E566,Event,朝貢獻物：朝臣真人粟田貢方物,1,長安元年，其王文武立，改元曰太寶，遣朝臣真人粟田貢方物。
E567,Event,返回日本：菅原梶成第二舶廻着於大隅國,1,遣唐知乘船事菅原梶成等所駕第二舶廻着於大隅國。
E568,Event,傳入制度：真野麻呂請依五紀暦經造曆,1,依五紀暦經造之。望也依件經術將造進。
E569,Event,到達唐朝：郭務悰在百濟國大唐行軍總管使人來至,1,在百濟國大唐行軍總管使人朝散大夫郭務悰等至
E570,Event,接受賞賜：天皇賜御被御衣於遣唐大使,1,大臣命常嗣朝臣云。今勅〈久〉。汝銜國命。遠渉滄海。毎聞險難。憐愍殊深。仍賜纒頭物。即稱唯。賜御被。
E571,Event,到達唐朝：円仁謁天台而見阻，留海州而被放，始得遂瞻禮五台，遊學長安,1,始得遂瞻禮五台，遊學長安之宿願。
E572,Event,返回日本：円仁歸至博多,1,博多，時日本承和十四年也。太政官檄太宰府迎仁入京
E573,Event,返回日本：巨勢朝臣邑治入唐副使進位有差,1,八月辛巳。入唐副使從五位下巨勢朝臣邑治等進位有差。
E574,Event,到達唐朝：劉德高唐國遣朝散大夫沂州司馬上柱國劉德高等至于對馬、筑紫,1,唐國遣朝散大夫沂州司馬上柱國劉德高等。...七月二十八日、至于對馬。九月二十日、至于筑紫。
E575,Event,派遣遣唐使：桓武天皇屢有遣唐使,1,桓武天皇朝屢有遣唐使，如弘法、傳教，皆隨國使入唐
E576,Event,到達唐朝：空海皆隨國使入唐,1,如弘法、傳教，皆隨國使入唐
E577,Event,帶回文化物品：頭陀僧義圓畫五臺山化現圖，擬付傳日本國,1,頭陀僧義圓。見雇博士。自出帔子一領。畫五臺山化現圖。擬付傳日本國。
E578,Event,返回日本：土師宿禰甥大唐學生傳新羅至,1,大唐學生土師宿禰甥、白豬史寶然，及百濟役時沒大唐者豬使連子首、筑紫三宅連得許，傳新羅至。
E579,Event,帶回文化物品：円仁頭陀贈畫化現圖一鋪，請將歸日本供養,1,頭陁云。喜遇日本國三藏。同巡臺。同見大聖化現。今畫化現圖一鋪奉上。請將歸日本供養。
E580,Event,海上遭難：入唐第一船擧帆指奄美嶋發去，未知其着處,1,遣使尋訪入唐第一船。其消息云。第一船擧帆指奄美嶋發去。未知其着處。
E581,Event,朝貢獻物：天皇遣使奉唐國信物於山科陵,1,丙午。遣使奉唐國信物於山科陵。
E582,Event,朝貢獻物：恵萼泛海入唐，以繡文袈裟奉施定聖者僧伽和上，以寶幡施入五臺山寺,1,後遣沙門惠萼泛海入唐，以繡文袈裟，奉施定聖者僧伽和上康僧等以寶幡及鏡奩之具，施入五臺山寺。
E583,Event,傳入制度：眞野麻呂請停大衍暦改用長慶宣明暦經,1,請停舊用新。欽若天歩。詔從之。
E584,Event,賦詩唱和：唐僧栖白贈詩圓仁,1,其歸國也，唐僧栖白贈以詩云：家山臨晚日，海路信歸橈...（見全唐詩）
E585,Event,返回日本：張大使造船專擬載圓仁等發送歸國,1,張大使。從去年冬造船。至今年二月功畢。專擬載圓仁等。發送歸國。
E586,Event,帶回文化物品：円仁海上人將來勑文及物品,1,因此海上人得將來。其勑文見在。
E587,Event,到達唐朝：大唐商人李延孝等六十三人來至大宰府,1,大唐商人李延孝等六十三人。
E588,Event,返回日本：円仁祈禱神等以求平歸本國,1,請益僧。為早到本國。遂果近年所發諸願。令卜部祈禱神等。...以祈平歸本國。
E589,Event,派遣遣唐使：藤原朝臣清河授大使節刀并叙位,1,召遣唐使副使已上於内裏。詔給節刀。仍授大使從四位上藤原朝臣清河正四位下。
E590,Event,返回日本：小野臣妹子至自大唐,1,九月、小野臣妹子等至自大唐、唯通事福利不來。
E591,Event,派遣遣唐使：良枝宿祢清上爲遣唐音聲長,1,河内國人遣唐音聲長外從五位下良枝宿祢清上。遣唐畫師雅樂答笙師同姓朝生。
E592,Event,到達唐朝：空海延暦廿三年入唐留學,1,延暦廿三年入唐留學。遇青龍寺惠果和尚。禀學眞言。
E593,Event,師從學習：空海遇青龍寺惠果和尚，禀學眞言,1,遇青龍寺惠果和尚。禀學眞言。其宗旨義味莫不該通。
E594,Event,返回日本：空海歸來本朝,1,歸來本朝。啓秘密之門。
E595,Event,派遣遣唐使：藤原朝臣清河故入唐大使,1,故入唐大使贈正二位藤原朝臣清河野八十町
E596,Event,傳入制度：大宰府參考唐制丁男中男給田一頃,1,昔唐制。丁男中男給田一頃。殘疾癈疾册畝。寡妻妾卅畝。差降之法誠非無故。
E597,Event,派遣遣唐使：粟田朝臣眞人入唐使授節刀,1,己夘。入唐使粟田朝臣眞人授節刀。
E598,Event,返回日本：布勢朝臣清直送唐客使自唐國至，進使節刀,1,辛亥。送唐客使從五位下布勢朝臣清直等自唐國至。進使節刀。
E599,Event,派遣遣唐使：多治比眞人縣守遣唐押使賜節刀,1,己酉。遣唐押使從四位下多治比眞人縣守賜節刀。
E600,Event,派遣遣唐使：遣唐使遣唐使等拜朝,1,遣唐使等拜朝。
E601,Event,前往地點：円仁巡礼臺山，求法得遂,1,日本國求法僧圓仁等謹疏...求法得遂。過海無難。平善得達。
E602,Event,到達唐朝：唐人嵩山忌寸道光遠辞本蕃，帰投国家,1,唐人外従五位下嵩山忌寸道光...遠辞本蕃、帰投国家
E603,Event,到達唐朝：圓載入唐留學，上表,1,大宰府傳進入唐留學僧圓載上表。
E604,Event,師從學習：常曉於琛法師房受真言法，擬畫兩部曼荼羅,1,三論留學僧常曉。住彼寺。於琛法師房。受真言法。擬畫兩部曼荼羅。
E605,Event,帶回文化物品：慧雲入唐求法僧献孔雀一、鸚鵡三、狗三,1,庚辰。入唐求法僧慧雲献孔雀一。鸚鵡三。狗三。
E606,Event,派遣遣唐使：上毛野朝臣穎人任遣唐使録事，若有訳語所不通，以文言伝之，唐人得意,1,延暦年中、任遣唐使録事、若有訳語語所不通、以文言伝之、唐人得意也。
E607,Event,派遣遣唐使：遣唐使遣唐使於八省院朝拜,1,戊寅。遣唐使於八省院朝拜。天皇不御。例也。
E608,Event,派遣遣唐使：甘南備眞人清野寳龜年中爲遣唐判官,1,寳龜年中。遣唐判官。
E609,Event,派遣遣唐使：犬上君御田鍬、矢田部造遣於大唐,1,遣犬上君御田鍬、矢田部造於大唐。
E610,Event,返回日本：犬上君御田鍬、矢田部造至自大唐,1,秋九月、犬上君御田鍬、矢田部造至自大唐。
E611,Event,派遣遣唐使：遣唐使遣唐使於八省院朝拜,1,遣唐使於八省院朝拜。
E612,Event,派遣遣唐使：高向史玄理遣大唐押使,1,二月、遣大唐押使大錦上高向史玄理。
E613,Event,接受賞賜：住吉大神奉授從一位,1,攝津国住吉郡住吉大神奉授從一位。以遣唐使祈也。
E614,Event,帶回文化物品：播磨直弟兄初齎甘子從唐國來,1,弟兄初齎甘子從唐國來。虫麻呂先殖其種結子。故有此授焉。
E615,Event,返回日本：中臣朝臣名代入唐副使率唐人三人波斯人一人拜朝,1,八月庚午。入唐副使從五位上中臣朝臣名代等。率唐人三人波斯人一人拜朝。
E616,Event,接受賞賜：入唐副使詔授入唐副使位,1,十一月戊寅。天皇臨朝。詔授入唐副使
E617,Event,返回日本：高表仁大唐客歸國,1,大唐客高表仁等歸國。送使吉士雄摩呂、黑麻呂等，到對馬而還之。
E618,Event,返回日本：圓載之弟子仁好、順昌与新羅人張公靖等來着於長門國,1,癸亥。入唐留學天台宗僧圓載之弟子仁好。順昌。与新羅人張公靖等廿六人。來着於長門國。
E619,Event,接受賞賜：粟田朝臣飽田麻呂授入唐留學生無位正六位上,1,甲寅。授入唐留學生无位粟田朝臣飽田麻呂正六位上。
E620,Event,派遣遣唐使：多治比眞人廣成遣唐使入唐之日改姓作丹,1,天平六年。遣唐使正三位行中納言兼皇太子傅式部卿多治比眞人廣成入唐之日。改作丹。
E621,Event,派遣遣唐使：遣唐使遣唐使拜天神地祇於春日山下，副使小野朝臣石根重脩祭祀,1,二月戊子。遣唐使拜天神地祇於春日山下。去年風波不調。不得渡海。使人亦復頻以相替。至是副使小野朝臣石根重脩祭祀也。
E622,Event,帶回文化物品：最澄獻唐國佛像,1,請入唐求法僧最澄於殿上。悔過讀經。最澄獻唐国佛像。
E623,Event,海上遭難：遣唐使去年風波不調，不得渡海,1,去年風波不調。不得渡海。
E624,Event,派遣遣唐使：石川朝臣道益延暦年中入唐副使，明州身已亡，今有勅敘四品位,1,延暦年中入唐副使。石川朝臣道益。明州身已亡。今有勅敘四品位。付此使送贈賜彼隴前。
E625,Event,到達唐朝：長岡靈龜二年入唐請益,1,靈龜二年。入唐請益。凝滯之處。多有發明。
E626,Event,接受賞賜：王希逸賜姓江田忌寸,1,乙亥。唐人正六位上王希逸賜姓江田忌寸。
E627,Event,派遣遣唐使：藤原朝臣田麻呂以左虎賁衛督從五位上藤原朝臣田麻呂爲遣唐副使,1,遣唐副使從五位上石上朝臣宅嗣罷。以左虎賁衛督從五位上藤原朝臣田麻呂爲副使。
E628,Event,接受賞賜：大唐人、百濟人、高麗人賜爵位,1,二月丁丑朔庚辰，大唐人、百濟人、高麗人并百四十七人賜爵位。
E629,Event,返回日本：多治比眞人縣守遣唐使來歸,1,庚辰。大宰府言。遣唐使從四位下多治比眞人縣守來歸。
E630,Event,帶回文化物品：下道朝臣眞備入唐留學生獻唐禮、太衍暦經、樂書要録等,1,辛亥。入唐留學生從八位下下道朝臣眞備獻唐禮一百卅卷。太衍暦經一卷太衍暦立成十二卷。測影鐵尺一枚。銅律管一部...樂書要録十卷。
E631,Event,到達唐朝：郭務悰大唐大使爲御近江大津宮天皇所造阿彌陀像,1,復上送大唐大使郭務悰爲御近江大津宮天皇所造阿彌陀像。
E632,Event,派遣遣唐使：小野朝臣篁爲聘唐副使,1,承和元年，為聘唐副使。
E633,Event,派遣遣唐使：藤原朝臣清河任命藤原朝臣清河爲遣唐大使,1,任遣唐使。以從四位下藤原朝臣清河爲大使。從五位下大伴宿祢古麻呂爲副使。
E634,Event,海上遭難：藤原常嗣水漏穿缺，有詔以副使第二舶改為大使第一舶,1,五年春，聘唐使等四舶，次第泛海。而大使藤原常嗣所駕第一舶，水漏穿缺。有詔以副使第二舶，改為大使第一舶。
E635,Event,接受賞賜：清河忌寸斯麻呂授唐人正六位上外從五位下,1,丁卯。授唐人正六位上清河忌寸斯麻呂外從五位下。
E636,Event,到達唐朝：智通、智達乘新羅船往大唐國，受無性眾生義於玄奘法師所,1,沙門智通、智達奉敕乘新羅船往大唐國，受無性眾生義於玄奘法師所。
E637,Event,到達唐朝：善議入唐學問,1,法師、入唐學問道慈大徳之入室也。
E638,Event,師從學習：善議入唐學問道慈大徳之入室,1,入唐學問道慈大徳之入室也。
E639,Event,接受賞賜：遣唐使賜遣唐使彩帛各有差,1,乙丑。賜遣唐使彩帛、各有差。
E640,Event,派遣遣唐使：遣唐使遣唐使等於朝堂院拝朝,1,己巳。遣唐使等、於朝堂院、拝朝。
E641,Event,派遣遣唐使：葛野麻呂、石川道益遣唐大使・副使賜餞，宴設之事一依漢法,1,庚辰。遣唐大使葛野麻呂、副使石川道益賜餞。宴設之事、一依漢法。
E642,Event,派遣遣唐使：小野朝臣篁爲遣唐副使,1,從五位上小野朝臣篁爲備前權守。遣唐副使彈正少弼如故。
E643,Event,帶回文化物品：播磨直弟兄初齎甘子從唐國來,1,弟兄初齎甘子從唐國來。虫麻呂先殖其種結子。
E644,Event,派遣遣唐使：大伴宿祢古麻呂任命大伴宿祢古麻呂爲遣唐副使,1,從五位下大伴宿祢古麻呂爲副使。
E645,Event,到達唐朝：貞敏聘礼入唐，習得琵琶新聲,1,明年聘礼既畢。解纜歸。臨別劉二郎設祖筵。贈紫檀紫藤琵琶各一面。是歳。大唐大中元年。本朝承和六年也。
E646,Event,師從學習：貞敏劉二郎贈譜數十卷，習得新聲數曲,1,劉二郎贈譜數十卷...劉娘尤善琴箏。貞敏習得新聲數曲。
E647,Event,帶回文化物品：貞敏劉二郎贈紫檀紫藤琵琶各一面,1,贈紫檀紫藤琵琶各一面。
E648,Event,到達唐朝：大春日朝臣清足入唐娶李自然為妻，帰朝之日相随而来,1,唐女李自然授従五位下。大春日朝臣清足之妻也。入唐娶自然為妻。帰朝之日、相随而来。
E649,Event,接受賞賜：李元環唐人賜姓李忌寸,1,丙寅。唐人外從五位下李元環賜姓李忌寸。
E650,Event,海上遭難：遣唐三舶第一第四舶忽遇逆風流着壹伎嶋,1,遣唐三ケ舶。共指松浦郡旻樂埼發行。第一第四舶。忽遇逆風。流着壹伎嶋。
E651,Event,派遣遣唐使：遣唐使爲遣唐使祠天神地祇於北野,1,廢務。爲遣唐使祠天神地祇於北野也。
E652,Event,派遣遣唐使：遣唐使遣唐使奉幣帛賀茂大神社,1,丙子。遣唐使奉幣帛賀茂大神社。
E653,Event,到達唐朝：高丘親王入唐之後多歴年序，歸却之期已過，存亡之分難决,1,無品高丘親王入唐之後。多歴年序。歸却之期已過。存亡之分難决。
E654,Event,接受賞賜：布勢朝臣人主授入唐判官從五位下,1,授入唐判官正六位上布勢朝臣人主從五位下。
E655,Event,派遣遣唐使：粟田朝臣眞人任命粟田朝臣眞人爲遣唐執節使,1,以守民部尚書直大貳粟田朝臣眞人。爲遣唐執節使。
E656,Event,到達唐朝：唐人李法□給月俸，愍其覊旅,1,唐人大學權大属正六位上李法□...給月俸。愍其覊旅也。
E657,Event,接受賞賜：大唐七人與肅慎二人授務廣肆等位,1,丁未、以務廣肆等位、授大唐七人與肅慎二人。
E658,Event,派遣遣唐使：石川朝臣道益故入唐使贈從四品上,1,故入唐使贈從四品下石川朝臣道益可贈從四品上。忘躯徇節。奉使先朝。履義資忠。修聘唐國。
E659,Event,海上遭難：石川朝臣道益路甞艱苦，泊遘沈痾，未達於中京，奄淪於下,1,路甞艱苦。泊遘沈痾。未達於中京。奄淪於下・
E660,Event,派遣遣唐使：小野朝臣篁遣唐副使,1,依遣唐副使小野朝臣篁申也。
E661,Event,派遣遣唐使：大宅臣福主遣唐史生改臣賜朝臣,1,山城國人遣唐史生大宅臣福主改臣賜朝臣。
E662,Event,派遣遣唐使：道栄遣唐留学僧,1,禅院寺者、遣唐留学僧道栄
E663,Event,到達唐朝：男生奔入大唐,1,於是城內二弟聞側助士大夫之惡言，拒而勿入。由是男生奔入大唐，謀滅其國。
E664,Event,前往地點：圓載請往台州學問,1,留學圓載。沙彌仁好。傔從始滿。朝貢使奏請。往台州學問。奉勑宜依所請。
E665,Event,接受賞賜：孟惠芝・張道光賜姓嵩山忌寸,1,癸丑。唐人正六位上孟惠芝。正六位上張道光等。賜姓嵩山忌寸。
E666,Event,派遣遣唐使：高橋朝臣笠間任命高橋朝臣笠間爲遣唐大使,1,左大辨直廣參高橋朝臣笠間爲大使。
E667,Event,師從學習：入唐學問僧礼拜元政阿闍梨以爲師,1,礼拜大興善寺翻經院元政阿闍梨。屈請以爲師。始學金剛界大教。
E668,Event,返回日本：河邊臣麻呂自大唐還,1,八月戊戌朔、河邊臣麻呂等自大唐還。
E669,Event,返回日本：円仁却歸本國去，相別而發,1,和上今遇王難。却歸本國去。...十六日早朝。相別而發。
E670,Event,到達唐朝：円仁到長安城，入春明門，到大興善寺西禪院宿,1,西行十里。到長安城東章敬寺前歇。...入春明門。到大興善寺西禪院宿。
E671,Event,師從學習：智通、智達受無性眾生義於玄奘法師所,1,受無性眾生義於玄奘法師所。
E672,Event,傳入制度：偏賞入唐之新文,1,豈偏賞入唐之新文。訛所生之舊字乎。
E673,Event,派遣遣唐使：藤原朝臣清河在唐大使,1,在唐大使仁部卿正四位下藤原朝臣清河爲兼常陸守。
E674,Event,傳入制度：菅野朝臣佐世討論大唐都城制度,1,但大唐六典注云。自大明宮。夾東羅城複道。經通化門磴道。而入興慶宮焉。
E675,Event,派遣遣唐使：上毛野朝臣穎人任遣唐使録事,1,延暦年中、任遣唐使録事、若有訳語語所不通、以文
E676,Event,返回日本：多安江搭乘唐商崔鐸船從台州返回日本,1,大唐商人崔鐸等六十三人駕一隻船、来着管筑前国...崔鐸言。従大唐台州、載貴国使多安江等、頗賚貨物。六月一日解纜、今日得投聖岸。
E677,Event,到達唐朝：円仁到達大唐揚州海陵縣淮南鎮大江口,1,此是大唐揚州海陵縣淮南鎮大江口。即召其商人兩人。上船向淮南
E678,Event,派遣遣唐使：坂合部宿祢大分任命坂合部宿祢大分爲遣唐副使,1,右兵衛率直廣肆坂合部宿祢大分爲副使。
E679,Event,派遣遣唐使：遣唐使者派遣使者前往大唐,1,又遣大唐使者，持死三足烏來
E680,Event,前往地點：円仁離開長安前往揚州,1,五月廿九日。離長安。在城之時。城中僧尼還俗已盡。
E681,Event,傳入制度：頒行唐長慶宣明暦經,1,始頒行長慶宣明暦經。先是。陰陽頭從五位下兼行暦博士大春日朝臣眞野麻呂奏言...寳龜十一年。遣唐使録事故從
E682,Event,返回日本：藤原常嗣遣唐使歸朝參見天皇,1,遣唐持節大使參議正四位下行左大弁兼大宰權帥藤原朝臣常嗣進節刀...獨召大使藤原朝臣常嗣。昇自東階。天顏咫尺。勅曰。遠渉危難之途。平安參來
E683,Event,返回日本：遣唐使船朝貢船從唐出發返回日本,1,朝貢船發。隱居山裏。便向天台。兼往長安。
E684,Event,前往地點：円仁留在唐朝，計劃前往天台山和長安,1,便向天台。兼往長安。節下不逆斯謀。
E685,Event,授予官職：阿倍仲麻呂唐朝授予光祿大夫右散騎常侍兼御史中丞北海郡開國公等官職,1,故留學問贈從二品安倍朝臣仲滿大唐光祿大夫右散騎常侍兼御史中丞北海郡開國公贈・州大都督朝衡
E686,Event,派遣遣唐使：（菅原梶成？）任遣唐判官,1,廿一年任遣唐判官。兼近江權掾。
E687,Event,到達唐朝：遣唐使渡海到達唐朝，與大使謁見天子,1,廿三年七月渡海到唐。与大使倶謁天子。得蒙顧眄。
E688,Event,返回日本：遣唐使從唐朝歸朝,1,廿四年七月歸朝。叙從五位下。
E689,Event,派遣遣唐使：吉備眞備任命吉備眞備爲入唐副使,1,勝寳四年爲入唐副使。廻日授正四位下。
E690,Event,傳入制度：天下儀式、衣服、位記、宮殿門閣皆依唐法,1,天下儀式。男女衣服。皆依唐法。五位已上位記。改從漢樣。諸宮殿院堂門閣。皆著新額。
E691,Event,到達唐朝：到達大唐揚州，來朝長安,1,邂逅屆大唐揚州海龍縣桑田鄉桑梓浦上，來朝長安。
E692,Event,返回日本：從唐朝歸于本朝,1,承和六年，歸于本朝。
E693,Event,前往地點：円仁前往登州準備歸國,1,仍請往登州。々々是唐國東北地極。
E694,Event,派遣遣唐使：高元度授外從五位下，為迎入唐大使使,1,授正六位上高元度外從五位下。爲迎入唐大使使。
E695,Event,賦詩唱和：副使揚泰師與當代文士賦詩唱和,1,當代文士賦詩送別。副使揚泰師作詩和之。
E696,Event,派遣遣唐使：良岑朝臣長松兼為遣唐准順判官,1,兼為遣唐准順判官。
E697,Event,海上遭難：良岑朝臣長松歸舶遭風漂堕南海賊地，殆致殞命,1,聘礼既訖、帰舶解纜。遭風漂堕南海賊地、殆致殞命、僅以得還。
E698,Event,返回日本：良岑朝臣長松遭難後僅以得還,1,僅以得還。
E699,Event,到達唐朝：吉備真備從使入唐,1,靈龜二年。年廿二。從使入唐。
E700,Event,派遣遣唐使：遣唐使遣唐使拜朝,1,遣唐使拜朝。
E701,Event,師從學習：吉備真備留學受業，研覽經史，該渉衆藝,1,留學受業。研覽經史。該渉衆藝。
E702,Event,返回日本：吉備真備歸朝,1,天平七年歸朝。
E703,Event,派遣遣唐使：遣唐使者向住吉神社奉神寳以祈航海平安,1,遣唐使者向攝津國住吉神社奉神寳。
E704,Event,帶回文化物品：春苑宿祢玉成在唐間得難義一卷，令陰陽寮諸生傳學,1,遣唐陰陽師兼陰陽請益正八位上春苑宿祢玉成。在唐間得難義一卷。令陰陽寮諸生傳學。
E705,Event,到達唐朝：最澄延暦末入唐請益,1,延暦末入唐請益。
E706,Event,帶回文化物品：最澄助写宗書三百余巻,1,助写宗書三百余巻訖、即復本職、拝別上京。
E707,Event,返回日本：最澄随使帰来、弘演宗義,1,既而随使帰来、弘演宗義。
E708,Event,到達唐朝：高丘親王入唐,1,无品高丘親王入唐之後、男正五位下在原朝臣安貞等、請被返収親王封邑。
E709,Event,派遣遣唐使：遣唐使遣唐使等拜朝,1,遣唐使等拜朝。
E710,Event,返回日本：入唐廻使定入唐廻使判官已下水手已上三百九十一人之等第,1,定入唐廻使判官已下水手已上三百九十一人之等第。
E711,Event,派遣遣唐使：遣唐大使佐伯宿祢今毛人辞見,1,遣唐大使佐伯宿祢今毛人等辞見。
E712,Event,前往地點：円仁前往登州準備乘船歸國,1,仍請往登州。々々是唐國東北地極。方可上船歸國者。
E713,Event,朝貢獻物：日本國遣使貢方物,1,冬十月，日本國遣使貢方物。
E714,Event,派遣遣唐使：遣唐使風浪暴險不得渡海至是乃發,1,遣唐使等去年從筑紫而入海。風浪暴險不得渡海。至是乃發。
E715,Event,傳入制度：其製一如唐國新樣,1,造東海。南海。西海等道節度使料綿襖冑各二万二百五十具於大宰府。其製一如唐國新樣。
E716,Event,海上遭難：遣唐第三舶柁折棚落潮溢人溺,1,柁折棚落。潮溢人溺。船頭已下百・餘人任波漂蕩。
E717,Event,海上遭難：眞濟乘筏漂蕩,1,眞言請益僧眞濟等。僅作書答云。柁折棚落。潮溢人溺。
E718,Event,派遣遣唐使：多治比眞人廣成遣唐大使拜朝,1,遣唐大使從四位上多治比眞人廣成等拜朝。
E719,Event,返回日本：戒融送日本國僧戒融令達本郷已畢,1,送日本國僧戒融。令達本郷已畢。
E720,Event,受法受戒：入唐學問僧受五瓶潅頂,1,數月受五瓶潅頂。被許傳法也。
E721,Event,帶回文化物品：大宰府奉請大元帥畫像,1,令大宰府進上自大唐所奉請大元帥畫像。
E722,Event,返回日本：藤原常嗣率七隻船廻着肥前國松浦郡生属嶋,1,遣唐大使藤原常嗣朝臣等率七隻船。廻着肥前國松浦郡生属嶋。
E723,Event,派遣遣唐使：藤原常嗣任命藤原朝臣常嗣爲遣唐大使兼備中權守,1,以遣唐大使參議從四位上藤原朝臣常嗣爲兼備中權守。
E724,Event,派遣遣唐使：吉士長丹發遣大唐大使,1,發遣大唐大使小山上吉士長丹，副使小乙上吉士駒。
E725,Event,派遣遣唐使：吉士駒任命吉士駒爲大唐副使,1,副使小乙上吉士駒。
E726,Event,到達唐朝：道嚴等學問僧隨遣唐使入唐,1,學問僧道嚴、道通、道光、惠施、覺勝、辨正、惠照、僧忍、知聰、道昭、定惠...并一百廿人。
E727,Event,到達唐朝：大和宿祢長岡入唐請益,1,靈龜二年。入唐請益。凝滯之處。多有發明。
E728,Event,到達唐朝：空海入唐留學,1,延暦廿三年入唐留學。遇青龍寺惠果和尚。禀學眞言。
E729,Event,師從學習：空海遇青龍寺惠果和尚禀學眞言,1,遇青龍寺惠果和尚。禀學眞言。其宗旨義味莫不該通。
E730,Event,帶回文化物品：空海懷法寳歸來本朝,1,遂懷法寳。歸來本朝。啓秘密之門。弘大日之化。
E731,Event,師從學習：入唐學問僧礼拜義眞阿闍梨以爲師,1,明年向青竜寺。礼拜義眞阿闍梨。屈請爲師。
E732,Event,返回日本：遣唐第四船來泊薩摩國甑嶋郡,1,遣唐第四船來泊薩摩國甑嶋郡。
E733,Event,海上遭難：遣唐第一船海中中斷舳艫各分,1,第一船海中中斷。舳艫各分。
E734,Event,返回日本：遣唐第二船到泊薩摩國出水郡,1,第二船到泊薩摩國出水郡。
E735,Event,海上遭難：遣唐第三舶漂着對馬嶋上縣郡南浦舶上唯有三人,1,遣唐第三舶漂着對馬嶋上縣郡南浦舶上唯有三人。
E736,Event,到達唐朝：粟田朝臣眞人至大周楚州塩城縣,1,正四位下粟田朝臣眞人自唐國至。初至唐時...荅曰。是大周楚州塩城縣界也。
E737,Event,返回日本：円仁歸朝,1,天台宗入唐請益僧圓仁。將弟子僧性海惟正等。去年十月駕新羅商船。來著鎭西府。▼是日歸朝。
E738,Event,派遣遣唐使：多治比眞人任命多治比眞人爲遣唐押使,1,遣唐押使從四位下多治比眞人。
E739,Event,派遣遣唐使：藤原常嗣任命藤原朝臣常嗣爲遣唐大使兼近江權守,1,遣唐大使參議右大弁從四位上藤原朝臣常嗣爲兼近江權守。
E740,Event,返回日本：遣唐使第一第四舶廻着肥前國,1,遣唐使第一第四舶廻着肥前國之状。
E741,Event,海上遭難：遣唐使兩舶兩舶摧殘更須改營,1,兩舶摧殘。更須改營。
E742,Event,受法受戒：入唐學問僧入胎藏潅頂道場,1,入胎藏潅頂道場。始習學毘盧遮那經中眞言印契。
P001,Person,七年,1,出儕輩上。有請教止觀者，傳教輒令仁講授，己居傍聽證，率以為常。弘仁四年。歲二十，逢官試得第。次年正月，受度持沙彌戒。七年於東大寺受具足戒。最澄圓寂後，益勤學修鍊，張講席於各地。仁明帝承和三年(八三六)受詔入唐請益。五年六月，隨日本第十八次遣唐使藤原常嗣西渡，時年四十五。遊唐十年歸國，大弘佛法，受文德、清和諸帝寵遇，尊為傳燈大師，補天台
L001,Place,七年於東大寺,2,止觀大定妙慧，嶄然出儕輩上。有請教止觀者，傳教輒令仁講授，己居傍聽證，率以為常。弘仁四年。歲二十，逢官試得第。次年正月，受度持沙彌戒。七年於東大寺受具足戒。最澄圓寂後，益勤學修鍊，張講席於各地。仁明帝承和三年(八三六)受詔入唐請益。五年六月，隨日本第十八次遣唐使藤原常嗣西渡，時年四十五。遊唐十年歸國，大弘佛法，受文德、清和諸帝寵遇; 出儕輩上。有請教止觀者，傳教輒令仁講授，己居傍聽證，率以為常。弘仁四年。歲二十，逢官試得第。次年正月，受度持沙彌戒。七年於東大寺受具足戒。最澄圓寂後，益勤學修鍊，張講席於各地。仁明帝承和三年(八三六)受詔入唐請益。五年六月，隨日本第十八次遣唐使藤原常嗣西渡，時年四十五。遊唐十年歸國，大弘佛法，受文德、清和諸帝寵遇，尊為傳燈大師，補天台
L002,Place,七月三日着泊揚州,1,前入唐大使藤原朝臣河清之女喜娘等■一人。乘其舳而着肥後國天草郡。繼人等上奏言。繼人等去年六月廿四日。四船同入海。七月三日着泊揚州海陵縣。八月廿九日。到揚州大都督府。即節度使陳少遊且奏且放。六十五人入京。十月十六日。發赴上都。至高武縣。有中書門下勅牒。爲路次乏車馬。減却人數。定廿人。正月十三日。到長安。即遣内使
P002,Person,七月二日,1,。知命不久。因而尋叡山北極幽谷。結草爲庵。消三四年。闔山僧衆苦勸云。吾師爲法早可入唐。尋而官補請益。承和五年發。七月二日著大唐楊州海陵縣。開成三年七月二日到楊州。同年十月。國使入京。圓仁苦請留住楊府。意任巡礼天台及五臺等諸聖跡。李相公徳裕聞奏。有勅不許巡礼。四年國使
L003,Place,七月二日著大唐楊州,2,。知命不久。因而尋叡山北極幽谷。結草爲庵。消三四年。闔山僧衆苦勸云。吾師爲法早可入唐。尋而官補請益。承和五年發。七月二日著大唐楊州海陵縣。開成三年七月二日到楊州。同年十月。國使入京。圓仁苦請留住楊府。意任巡礼天台及五臺等諸聖跡。李相公徳裕聞奏。有勅不許巡礼。四年國使; 月。最澄大師遷化。圓仁齢始滿卅。身羸眼暗。知命不久。因而尋叡山北極幽谷。結草爲庵。消三四年。闔山僧衆苦勸云。吾師爲法早可入唐。尋而官補請益。承和五年發。七月二日著大唐楊州海陵縣。開成三年七月二日到楊州。同年十月。國使入京。圓仁苦請留住楊府。意任巡礼天台及五臺等諸聖跡。李相公徳裕聞奏。有勅不許巡礼。四年國使
L004,Place,三年七月二日到楊州,1,。尋而官補請益。承和五年發。七月二日著大唐楊州海陵縣。開成三年七月二日到楊州。同年十月。國使入京。圓仁苦請留住楊府。意任巡礼天台及五臺等諸聖跡。李相公徳裕聞奏。有勅不許巡礼。四年國使
P003,Person,三日亥時,1,舳艫各去未知所到。■餘人累居方丈之舳舉軸欲沒。載纜枕柁。得少浮上。脱却衣裳。裸身懸坐。米水不入口。已經六日。以十三日亥時漂着肥後國天草
P004,Person,三日亥時漂着肥後國,2,艫各去未知所到。■餘人累居方丈之舳舉軸欲沒。載纜枕柁。得少浮上。脱却衣裳。裸身懸坐。米水不入口。已經六日。以十三日亥時漂着肥後國天草; 舳艫各去未知所到。■餘人累居方丈之舳舉軸欲沒。載纜枕柁。得少浮上。脱却衣裳。裸身懸坐。米水不入口。已經六日。以十三日亥時漂着肥後國天草
P005,Person,三蔵玄奘,1,"五月，釋道昭奉勑，從遣唐使小山長丹、副使小乙上掃守連泛海，緇侣同志者道嚴等十三人到長安，謁三蔵玄奘，即高宗永徽四年也。同年釋定惠随遣唐使浮海，乃到長安。

同五年
《唐録》曰：高宗永徽五年，倭國使献虎珀、馬瑙。高宗慰撫之，仍云：「王國與新羅、高麗"
P006,Person,上奏,1,"六口於常寧殿。令修息災之法。有物恠也。
癸酉。以攝津國嶋上郡荒田九段。賜明經碩儒從四位下善道朝臣眞貞。』大宰府飛驛。上奏入唐大使藤原朝臣常嗣等歸着之由。兼使等奏状。
甲戌。勅參議大宰權帥正四位下兼左大弁藤原朝臣常嗣。大貳從四位上南淵朝臣永河等。得今月十九日奏状。知遣唐大使藤原常嗣朝臣等率七隻船。廻着肥前國松浦郡生属嶋。与先"
P007,Person,上毛野朝臣穎人,2,延暦年中、任遣唐使録事、若有訳語語所不通、以文言伝之、唐人得意也。; 延暦年中、任遣唐使録事、若有訳語語所不通、以文
P008,Person,下道朝臣眞備,1,辛亥。入唐留學生從八位下下道朝臣眞備獻唐禮一百卅卷。太衍暦經一卷太衍暦立成十二卷。測影鐵尺一枚。銅律管一部...樂書要録十卷。
L005,Place,下閣,1,向南立。佛[A32]菩薩手印容貌。與第二層像各異。粉壁內面。畫諸尊曼茶羅。填色未了。是亦不空三藏為國所造。瞻禮已畢。下閣到普賢道場。見經藏閣。大藏經六千餘卷。惣是紺碧紙金銀字。白檀玉牙之軸。看願主題。云鄭道覺。長安人也。大曆十四年五月十四日。巡五臺。親見大聖一萬[A33]菩薩及金色世界。遂發心。寫金銀字大藏經六千卷(云々)。亦有畫脚迹千輻輪相。并書跡之根申云。貞觀年中。太宗皇帝送
L006,Place,与第一船同到揚州,1,郡橘浦。判官勅旨大丞正六位上兼下総權介小野朝臣滋野上奏言。臣滋野等。去寳龜八年六月廿四日。候風入海。七月三日。与第一船同到揚州海陵縣。八月廿九日。到揚州大都督府。即依式例安置供給。得觀察使兼長史陳少遊處分。属祿山亂。常館彫弊。入京使人。仰限六十人。以來十月十五日。臣等八十五人發州入京。行百餘里。忽據中書門下牒。■節人數。限以廿人。
L007,Place,且河内國,1,"池、肩岡一作「罡」池、菅原池。山背國掘大溝於栗隈。且河内國作户苅池、依網池。亦毎國置屯倉。

十六年
夏四月，小野臣妹子至自大唐。唐圀號妹子臣曰蘇因高。即大唐使人裴世清、下客十二人，從妹子臣至於筑紫。遣難波吉士雄成，召大唐客裴世清等，爲唐客更造新舘於難波高麗舘之上。
六月壬寅朔丙辰，客等泊于難波津。是日，以餝舩卅艘迎客等于江口"
G001,Group,並祈船舶,1,"國住吉神。越前國氣比神。並祈船舶歸着。
辛酉。以東鴻臚院地二町。充典藥寮。爲御藥園。
壬申。請眞言僧十六口於常寧殿。令修息災之法。有物恠也。
癸酉。以攝津國嶋上郡荒田九段。賜明經碩儒從四位下善道朝臣眞貞。』大宰府飛驛。上奏入唐大使藤原朝"
L008,Place,中臣朝臣人足・平羣朝臣安麻呂（正六位下）、高志連村君・國覓忌寸八嶋・幡文造通（正六位上）,1,"六位下中臣朝臣人足。平羣朝臣安麻呂。正六位上高志連村君。國覓忌寸八嶋。幡文造通並授從五位下。
三月庚子。遣唐副使從五位下巨勢朝臣邑治等自唐國至。
庚申。從四位上下毛野朝臣古麻呂。請改下毛野朝臣石代姓爲下毛野川内朝臣。許之。
甲子。給鐵印于攝津伊勢等"
P009,Person,中臣朝臣名代,2,"。宜免今年田租令續民命。
癸酉。夜。太白入月。星有光。
十一月戊寅。天皇臨朝。詔授入唐副使從五位上中臣朝臣名代從四位下。故判官正六位上田口朝臣養年富。紀朝臣馬主並贈從五位下。准判官從七位下大伴宿祢首名。唐人皇甫東朝。波斯人李密翳等授位有差。
丙戌。從三位葛; 八月庚午。入唐副使從五位上中臣朝臣名代等。率唐人三人波斯人一人拜朝。"
P010,Person,中臣朝臣鷹主,2,授判官正六位上中臣朝臣鷹主從五位下爲使。賜節刀。正六位上高麗朝臣廣山爲副。; 授判官正六位上中臣朝臣鷹主從五位下爲使。賜節刀。
P011,Person,丹眞人貞成,1,任造舶使。以正五位下丹・眞人貞成爲長官。
C001,Culture,之法生而,1,"海雖闕期之罪死而
有餘。竊喜難得之法生而請來。不任一懼一
喜之至。謹附判官正六位上行大宰大監高
階眞人遠成。奉表以聞。并請來新譯經等目
録一卷。且以奉進輕黷威嚴。伏増戰越。沙門
空海誠恐誠惶謹言
　　大同元年十月二十二日
　入唐學法沙門空海上表"
G002,Group,乘其舳而着肥後國,3,"餘人而來歸。
乙夘。第二船到泊薩摩國出水郡。又第一船海中中斷。舳艫各分。主神津守宿祢國麻呂。并唐判官等五十六人。乘其艫而着甑嶋郡。判官大伴宿祢繼人。并前入唐大使藤原朝臣河清之女喜娘等■一人。乘其舳而着肥後國天草郡。繼人等上奏言。繼人等去年六月廿四日。四船同入海。七月三日着泊揚州海陵縣。八月廿九日。到揚州大都督府。即節度使陳少遊; 守宿祢國麻呂。并唐判官等五十六人。乘其艫而着甑嶋郡。判官大伴宿祢繼人。并前入唐大使藤原朝臣河清之女喜娘等■一人。乘其舳而着肥後國天草郡。繼人等上奏言。繼人等去年六月廿四日。四船同入海。七月三日着泊揚州海陵縣。八月廿九日。到揚州大都督府。即節度使陳少遊且奏且放。六十五人入京。十月十六日。發赴上都。至高武縣。有中書門下勅牒。爲路次乏車馬; 摩國出水郡。又第一船海中中斷。舳艫各分。主神津守宿祢國麻呂。并唐判官等五十六人。乘其艫而着甑嶋郡。判官大伴宿祢繼人。并前入唐大使藤原朝臣河清之女喜娘等■一人。乘其舳而着肥後國天草郡。繼人等上奏言。繼人等去年六月廿四日。四船同入海。七月三日着泊揚州海陵縣。八月廿九日。到揚州大都督府。即節度使陳少遊且奏且放。六十五人入京。十月"
P012,Person,乘其艫而,1,"餘人而來歸。
乙夘。第二船到泊薩摩國出水郡。又第一船海中中斷。舳艫各分。主神津守宿祢國麻呂。并唐判官等五十六人。乘其艫而着甑嶋郡。判官大伴宿祢繼人。并前入唐大使藤原朝臣河清之女喜娘等■一人。乘其舳而着肥後國天草郡。繼人等上奏言。繼人等去年六月廿四日。四船同入海。七月三日着泊揚州海陵縣。八月廿九日。到揚州大都督府。即節度使陳少遊"
P013,Person,乘其艫而着甑嶋,1,"餘人而來歸。
乙夘。第二船到泊薩摩國出水郡。又第一船海中中斷。舳艫各分。主神津守宿祢國麻呂。并唐判官等五十六人。乘其艫而着甑嶋郡。判官大伴宿祢繼人。并前入唐大使藤原朝臣河清之女喜娘等■一人。乘其舳而着肥後國天草郡。繼人等上奏言。繼人等去年六月"
L009,Place,九州博多,1,風不果。至五年六月十三日，復於九州博多分登第一舶與第四舶，是為三次首途。仁所著「入唐巡禮記」起於此日。六月二十二日放洋，風濤甚烈，飽歷艱險。唐文宗開成三年(八三八)七月二日，抵淮南道揚州府海陵縣(今江蘇泰州)。大使由淮南節度使李德裕奏准入長安。
L010,Place,九州博多沖,1,風不果。至五年六月十三日，復於九州博多分登第一舶與第四舶，是為三次首途。仁所著「入唐巡禮記」起於此日。六月二十二日放洋，風濤甚烈，飽歷艱險。唐文宗開成三年(八三八)七月二日，抵淮南道揚州府海陵縣(今江蘇泰州)。大使由淮南節度使李德裕奏准入長安。
L011,Place,九州博多沖→日本近海,1,圓仁從行。遇險破舟，均折回。四年七月再發，遭逆風不果。至五年六月十三日，復於九州博多分登第一舶與第四舶，是為三次首途。仁所著「入唐巡禮記」起於此日。六月二十二日放洋，風濤甚烈，飽歷艱險。唐文宗開成三年(八三八
L012,Place,乞蘇州開元寺,1,"問道。蕚再入支那，乞蘇州開元寺沙門契元勒事刻琬玦，題曰：「日本國首傳禪宗記」，附舶寄來。

仁明天皇
承和初，釋真濟奉勑入唐。

承和五年
釋惠運入唐。
六月二十二日，釋圓仁從大使尚書右丞藤常嗣上第一舶。七月二日，着唐國楊州海陵縣，則文宗開成三年也。仁出帝京，歷鄭、密二州，到登州押新羅使張詠宅。初，漂着登州時，詠以嘗來日本"
L013,Place,乳山,1,綿等。此舶([□@考]舶或泊字)多有潛磯。每當浪漂斷纜。沈矴五六度矣。未後。搖櫓向乳山去。出邵村浦。從海裏行。未及半
L014,Place,事陸淳左降台州,1,"定、永伝聖朝。山林精進、遠勧塵劫。許之。
（『類聚国史』一七九諸宗・『日本紀略』）癸亥。伝灯大法師位最澄卒。云々。延暦末入唐請益。皇太子■事陸淳左降台州刺史。会屈天台宗道■和尚為"
P014,Person,二十二日,1,"成。奉表以聞。并請來新譯經等目
録一卷。且以奉進輕黷威嚴。伏増戰越。沙門
空海誠恐誠惶謹言
　　大同元年十月二十二日
　入唐學法沙門空海上表　 
入唐學法沙門空海大同元年請來經律論疏
章傳記。并佛菩薩金剛天等像。三昧耶曼陀
羅。法曼陀羅。傳法阿闍梨等影及道具。竝阿
闍梨付囑物等目録都合六種。就中
　　新譯等經都一百四十二部"
P015,Person,二十人漂,1,海而發。得好風十五箇日。流著長門國。頗解本國語([□@考]出州之州恐羽字。日本紀略弘仁十一年四月戊戌唐人李少貞等二十人漂著出羽國。是或
P016,Person,二月下旬,1,"闍梨之所付也。空 
海去延暦二十三年季夏之月。隨入唐
大使藤原朝臣。同上第一船發赴咸陽。
其年八月到福州著岸。十二月下旬到
長安城。宣陽坊宮宅安置。二十四年仲
春十一日。大使等旋軔本朝。唯空海孑
然准勅留住西明寺永忠和尚故院。於
是歴城中訪名徳。偶然奉遇青龍寺東
塔院和尚法諱惠果阿闍梨。其大徳則
大興善寺大廣智三藏之付法弟子也。"
L015,Place,于難波津,1,"、下客十二人，從妹子臣至於筑紫。遣難波吉士雄成，召大唐客裴世清等，爲唐客更造新舘於難波高麗舘之上。
六月壬寅朔丙辰，客等泊于難波津。是日，以餝舩卅艘迎客等于江口，安置新舘。於是，以中臣宫地連摩呂、大河内直糠手、舩史王平爲掌客。爰妹子臣奏之曰：「臣參還之時，唐帝以書授臣。然經過百濟國之日，百濟人探以掠"
L016,Place,五位以上・神祇官長上以上・山城國司,1,"聞蹕聲。出幄而立。迎謁天皇。禊事畢。御直相幄。賜扈從五位已上大官饌焉。三四盃後。賜五位及神祇官長上以上。山城國司。并非侍從着當色者祿各有差。
壬寅。延暦寺座主僧傳灯大法師位圓澄卒。時年六十二〈云云〉。延暦十七年。陟到叡山最澄法師。師大悦即落髪爲弟子。取自"
L017,Place,五台、長安,1,始得遂瞻禮五台，遊學長安之宿願。
L018,Place,五台山,1,到五台而問津。
L019,Place,五台而問津,1,故天台座主圓仁，慈襟不測，惠翅高飛，到五台而問津，誠同刺頸；開三密而弘教，業是增華。轉大梵輪，正獅子吼。朕昔以眇身，頻接慈眼，恨護持之俄隔，思崇餝而何窮，宜贈法印大和尚，仍諡號慈覺大師」云。事詳「慈覺大師傳」、「三國佛法傳通起緣卷三」、「元亨釋書卷
L020,Place,五月淳和太后請諸寺,2,仁爲廷暦寺座主。齊衡三年三月天皇屈圓仁於冷然院。受兩部潅頂。天安二年八月天皇崩。十二月皇太子履祚。明年天皇屈圓仁於内裏。受菩薩戒。貞觀二年五月淳和太后請諸寺名徳於院裏。六ケ日間。講法華經。解坐之後。請留圓仁。受菩薩大戒。奉太后法名稱良祚。三年六月太皇太后藤原氏。請僧綱名僧於五條宮。四ケ日間。講; 月勅以圓仁爲廷暦寺座主。齊衡三年三月天皇屈圓仁於冷然院。受兩部潅頂。天安二年八月天皇崩。十二月皇太子履祚。明年天皇屈圓仁於内裏。受菩薩戒。貞觀二年五月淳和太后請諸寺名徳於院裏。六ケ日間。講法華經。解坐之後。請留圓仁。受菩薩大戒。奉太后法名稱良祚。三年六月太皇太后藤原氏。請僧綱名僧於五條宮。四ケ日間。講
C002,Culture,五紀暦經,3,寳龜十一年。遣唐使録事故從五位下行内藥正羽栗臣翼貢寳應五紀暦經云。大唐今停大衍暦。唯用此經。; 先是、曆博士大春日朝臣真野麻呂上請：「以開元大衍曆經造曆年久，而今檢大唐開成四年大中三年兩年曆...依五紀暦經造之。」; 依五紀暦經造之。望也依件經術將造進。
L021,Place,五臺山,4,巡礼臺山之時; 頭陀僧義圓。見雇博士。自出帔子一領。畫五臺山化現圖。擬付傳日本國。; 頭陁云。喜遇日本國三藏。同巡臺。同見大聖化現。今畫化現圖一鋪奉上。請將歸日本供養。; 日本國求法僧圓仁等謹疏...求法得遂。過海無難。平善得達。
L022,Place,五臺山化現圖,2,頭陀僧義圓。見雇博士。自出帔子一領。畫五臺山化現圖。擬付傳日本國。; 頭陁云。喜遇日本國三藏。同巡臺。同見大聖化現。今畫化現圖一鋪奉上。請將歸日本供養。
L023,Place,五臺山南臺,1,至秋七月。巡礼南臺。
L024,Place,京城門,1,"卒。
庚子。唐客入京。將軍等率騎兵二百。蝦夷廿人。迎接於京城門外三橋。
五月癸夘。唐使孫興進。秦■期等朝見。上唐朝書。并貢信物。詔曰。唐使上書。朕見之。唯客等遠來。艱辛行路。宜歸休於舘。尋欲相見。
丁巳。饗唐使於朝堂。中納言從三位物部朝臣宅嗣宣勅曰。唐朝天子及公卿。國内百姓。平安以不。又海路難險。一二使人。或漂沒海中。或被掠"
L025,Place,京師,50,"使同亦献之。但大使醉而退出。
丙子。遣唐使朝拜。』豊後國人外從五位下吉弥侯龍麻呂賜姓貞道連。』授内舍人正六位上和朝臣豊永從五位下。
戊寅。賜入唐使節刀。大臣口宣。詞同去年。大使進賜節刀。■當于左肩退出。副使趨在大使前。相連而退。
壬午。遣唐大使; 大使醉而退出。
丙子。遣唐使朝拜。』豊後國人外從五位下吉弥侯龍麻呂賜姓貞道連。』授内舍人正六位上和朝臣豊永從五位下。
戊寅。賜入唐使節刀。大臣口宣。詞同去年。大使進賜節刀。■當于左肩退出。副使趨在大使前。相連而退。
壬午。遣唐大使藤原朝臣常嗣出自鴻臚。發; 擇窮貧者。給復一年。
辛丑。太宰管内諸國飢。賑給之。
壬寅。右京人正六位上春男王賜姓宗高眞人。
戊申。備前國飢。賑給。
乙夘。勅遣唐大使藤原朝臣常嗣。副使小野朝臣篁。使等本期鳳擧用渉鼇波。心事多■。滯留逆旅。朕眷言艱節。憂念于懷。方今信風甫臻。; 。賑給之。
六月乙巳朔。右京人正六位上礒原朝臣諸宗等廿八人賜姓文室眞人。
丁未。入唐請益僧傳灯大法師位常曉言。山城國宇治郡法琳寺。地勢閑燥。足修大法。望請。今般自大唐奉請太元帥靈像秘法安置此處。爲修法院。保護國家。不關講讀師之攝。許之。
己酉。; 御榻。
庚子。攝津國飢。賑給之。
六月乙巳朔。右京人正六位上礒原朝臣諸宗等廿八人賜姓文室眞人。
丁未。入唐請益僧傳灯大法師位常曉言。山城國宇治郡法琳寺。地勢閑燥。足修大法。望請。今般自大唐奉請太元帥靈像秘法安置此處。爲修法院。保護國家。不關講讀"
L026,Place,京師・内裏,1,"勅。宜准歸化例安置供給。

戊申四日。明經博士得業生等依例奉參内裏。不引見而罷。賜祿有差。

庚戌六日。日入之時。赤雲八條起自東方。直指西方。廣殆及竟天。瑞祥志曰。天氣峙時。山川出雲。占云。赤氣如大道一條。若至三四五條者大赦。人民安樂。

丁巳"
L027,Place,京師・大極殿,4,"使參議常嗣。副使篁。命五位以上賦春晩陪餞入唐使之題。日暮群臣献詩。副使同亦献之。但大使醉而退出。
丙子。遣唐使朝拜。』豊後國人外從五位下吉弥侯龍麻呂賜姓貞道連。』授内舍人正六位上和朝臣豊永從五位下。
戊寅; 酉。美作國飢。振給之。
甲戌。賜餞入唐大使參議常嗣。副使篁。命五位以上賦春晩陪餞入唐使之題。日暮群臣献詩。副使同亦献之。但大使醉而退出。
丙子。遣唐使朝拜。』豊; 宜免今年田租令續民命。
癸酉。夜。太白入月。星有光。
十一月戊寅。天皇臨朝。詔授入唐副使從五位上中臣朝臣名代從四位下。故判官正六位上田口朝臣養年富。紀朝臣馬主並贈從五位下。准判官從七位下大伴宿祢首名。唐人皇甫東朝。波斯人李密翳等授位有差。
丙戌; 。宜免今年田租令續民命。
癸酉。夜。太白入月。星有光。
十一月戊寅。天皇臨朝。詔授入唐副使從五位上中臣朝臣名代從四位下。故判官正六位上田口朝臣養年富。紀朝臣馬主並贈從五位下。准判官從七位下大伴宿祢首名。唐人皇甫東朝。波斯人李密翳等授位有差。
丙戌。從三位葛"
L028,Place,京師・宫中（直相幄）,1,"聞蹕聲。出幄而立。迎謁天皇。禊事畢。御直相幄。賜扈從五位已上大官饌焉。三四盃後。賜五位及神祇官長上以上。山城國司。并非侍從着當色者祿各有差。
壬寅。延暦寺座主僧傳灯大法師位圓澄卒。時年六十二〈云云〉。延暦十七年。陟到叡山最澄法師。師大悦即落髪爲弟子。取自"
L029,Place,京師・宮中,4,"位以上賦春晩陪餞入唐使之題。日暮群臣献詩。副使同亦献之。但大使醉而退出。
丙子。遣唐使朝拜。』豊後國人外從五位下吉弥侯龍麻呂賜姓貞道連。』授内舍人正六位上和朝臣豊永從五位下。
戊寅。賜入唐使節刀。大臣口宣。詞同去年。大使進賜節刀。■當于左肩退出。副使; 外從五位下吉弥侯龍麻呂賜姓貞道連。』授内舍人正六位上和朝臣豊永從五位下。
戊寅。賜入唐使節刀。大臣口宣。詞同去年。大使進賜節刀。■當于左肩退出。副使趨在大使前。相連而退。
壬午。遣唐大使藤原朝臣常嗣出自鴻臚。發向大宰府。
癸未。美濃國言。二月廿五日兵庫; 舍人正六位上和朝臣豊永從五位下。
戊寅。賜入唐使節刀。大臣口宣。詞同去年。大使進賜節刀。■當于左肩退出。副使趨在大使前。相連而退。
壬午。遣唐大使藤原朝臣常嗣出自鴻臚。發向大宰府。
癸未。美濃國言。二月廿五日兵庫自鳴。至三月十五日亦鳴同前。』丹波; 。寫案進上。其本者却付使人。凡所有消息。驛傳奏上。
己酉。是日當天長節。仍宴群臣賜祿。有差。又詔贈外祖父從五位上紀朝臣諸人從一位。
壬子。詔以少僧都弘耀法師爲大僧都。惠忠法師爲少僧都。又施高叡法師封卅戸。優宿徳也。
癸丑。勅大宰府。唐客高鶴林等"
L030,Place,京師・紫宸殿,1,"祷。今以奉賽也。
己巳。天皇御紫宸殿。宴重陽節。命文人。同賦露重菊花鮮之題。宴了賜祿有差。
甲戌。攝津國人右衛門醫師辟秦眞身。武散位同姓仲主等三烟。改本姓賜秦勝。
辛巳。以從五位上藤原朝臣當道爲河内守。右少弁如故。散位從五位下丹・眞人石雄爲伯耆"
L031,Place,京師鴻臚館→大宰府,1,"從五位下吉弥侯龍麻呂賜姓貞道連。』授内舍人正六位上和朝臣豊永從五位下。
戊寅。賜入唐使節刀。大臣口宣。詞同去年。大使進賜節刀。■當于左肩退出。副使趨在大使前。相連而退。
壬午。遣唐大使藤原朝臣常嗣出自鴻臚。發向大宰府。
癸未。美濃國言。二月廿五"
L032,Place,京師（宴會）,1,"種繼。宍人朝臣垣麻呂。春岑朝臣廣津麻呂。門部連貞宗。大村直福吉並外從五位下。宴畢賜祿各有差。』左京人遣唐史生道公廣持賜姓當道朝臣。和銅年中。肥後守正五位下道君首名。治迹有聲。永存遺愛。廣持是首名之孫也。
甲寅。女叙位并外任。
乙夘。授正六位上永"
L033,Place,京師（平安京）,2,"、是即行賀法師之筆削也。又写得持来聖教要文五百余巻、聖朝綵壽、授位僧綱。
乙丑。賜遣唐使彩帛、各有差。
己巳。遣; 蝕之。
冬十月甲子。從四位下小野朝臣牛養卒。
丙子。少僧都行達爲大僧都。
丙戌。入唐使判官外從五位下平郡朝臣廣成。并渤海客等入京。
十一月辛夘。平郡朝臣廣成拜朝。初廣成。天平五年隨大使多治比眞人廣成入唐。六年十月事畢却歸。"
L034,Place,京都延曆寺,1,隆興大成之者實為圓仁。清和帝貞觀六年(唐懿宗咸通五年，西元八六四)正月十四日，寂於京都延曆寺，得年七十一。寂前一日授密印灌頂於高足常濟。圓仁風神溫穆，而堅毅內斂。著述極多。據赤堀氏所輯「日本文學者年表」經疏私記凡九十四種，百五十三卷。「金剛頂
P017,Person,人張覺濟,4,來相看。是本國弘仁十年。流著出州國之唐人張覺濟等同船之人也。問漂流之由。申云為交易諸物。離此過海。忽遇惡風。南流三月。流著出州國。其張覺濟兄弟二人。臨將發時。同共逃留出州。從北出州。就北海而發。得好風十五箇日。流著長門國。頗解本國語([□@考]出州之州恐羽字。日本紀略弘仁十一年四月戊戌唐人李少貞等二十人漂著出羽國。是或; 過海。忽遇惡風。南流三月。流著出州國。其張覺濟兄弟二人。臨將發時。同共逃留出州。從北出州。就北海而發。得好風十五箇日。流著長門國。頗解本國語([□@考]出州之州恐羽字。日本紀略弘仁十一年四月戊戌唐人李少貞等二十人漂著出羽國。是或; 請來相看。是本國弘仁十年。流著出州國之唐人張覺濟等同船之人也。問漂流之由。申云為交易諸物。離此過海。忽遇惡風。南流三月。流著出州國。其張覺濟兄弟二人。臨將發時。同共逃留出州。從北出州。就北海而發。得好風十五箇日。流著長門國。頗解本國語([□@考]出州之州恐羽字。日本紀略弘仁十一年四月戊戌唐人李少貞等二十人漂著出羽國。是或; 此過海。忽遇惡風。南流三月。流著出州國。其張覺濟兄弟二人。臨將發時。同共逃留出州。從北出州。就北海而發。得好風十五箇日。流著長門國。頗解本國語([□@考]出州之州恐羽字。日本紀略弘仁十一年四月戊戌唐人李少貞等二十人漂著出羽國。是或
P018,Person,人駕編板,1,"等。共果國命。
八月戊戌朔。大宰府馳驛。奏遣唐使第三舶水手等十六人駕編板漂着之状。
己亥。勅符遣唐大使藤原朝臣常嗣。省大宰府去月廿日飛驛奏言。第三舶水脚十六人。編板如桴。駕之漂着對馬嶋南浦。其水脚等申云。舶實依數解散者。翻水不收。悔而何及。言念災變。永用憫傷。又案又案同府別奏"
L035,Place,仁在楊州,2,受國恩，待仁甚厚，至此又能慰勞。其年春，唐商船從越州赴日本，風濤漂逸，返登州界。至秋又發，適聞仁歸，歸國艤舟而待。九月，着大宰府。今歲唐大中元年，本朝承和十四年丁卯也。仁在楊州時，節度使李德裕慰遠遊，施絹十餘疋。仁不受。德裕固請，仁察誠受之，即分開元寺衆僧，仁又受一分。仁辭長安，中散大夫楊敬之、國子祭主李元佐及衆官皆曰：「我國; 州時，詠以嘗來日本，受國恩，待仁甚厚，至此又能慰勞。其年春，唐商船從越州赴日本，風濤漂逸，返登州界。至秋又發，適聞仁歸，歸國艤舟而待。九月，着大宰府。今歲唐大中元年，本朝承和十四年丁卯也。仁在楊州時，節度使李德裕慰遠遊，施絹十餘疋。仁不受。德裕固請，仁察誠受之，即分開元寺衆僧，仁又受一分。仁辭長安，中散大夫楊敬之、國子祭主
L036,Place,今其寺,1,"今其寺内東南隅數十片破石是也。
庚申。車駕行幸由義宮。
三月丙寅。車駕臨博多川。以宴遊焉。▼是日。百官文人及大學生等各上曲水之詩。
丁夘。初問新羅使來由之日。金初正等言。在唐大使藤原河清。學生朝衡等。属宿衛王子金隱居歸郷。附書送於郷親。是以。國王差初正等。令送河清等書。又因使次。便貢土毛。又問。新羅貢調。其來久矣。改稱土毛。其"
P019,Person,仍以戌時,1,"止既了。須明年將發歸時。奉畫供養者。仍以戌時到開元寺大門。誓禱其由。
七日馳書信。諮開元寺三綱。兼贈土物。附還信送報禮書([□@考]書東本作唐今從池本)。
八日聞第四舶猶在泥上。未到泊處。國信物未運上。其舶廣棚離脫。淦水殆滿。隨潮生潮落。舶裏涸沈。不足"
L037,Place,令五畿内七道諸國,1,"冥妨。况巨海之程。艱虞無測。不資霊祐。何以利征。請令諸國轉讀大般若經。▼是日。詔。令五畿内七道諸國。始自今月中旬。至使等歸朝之日。堅固講海龍王經。相并轉讀大般若經。
辛酉。天皇御武徳殿。觀騎射。
乙丑。安藝國言。管驛家十一處。驛家別驛子百廿人。山路險阻。送迎繁多。良倍他國。勞逸不等。始自今年減公廨穎。加擧三万一千二百束。以"
L038,Place,令人登桅頭看山,2,風強濤猛。怕船將沈。捨矴擲物。口稱觀音妙見。意求活路。猛風時止。子時流着大江口南蘆原之邊。七月一日曉。潮落不得進行。令人登桅頭看山閭。南方遙有三山。未識; 宅停宿。聞大使以六月廿九日未時。離船。以後漂流之間。風強濤猛。怕船將沈。捨矴擲物。口稱觀音妙見。意求活路。猛風時止。子時流着大江口南蘆原之邊。七月一日曉。潮落不得進行。令人登桅頭看山閭。南方遙有三山。未識
L039,Place,以五台山,1,帝寵遇，尊為傳燈大師，補天台座主，奏建總持院，為天皇修供，授弟子以三昧。營常行堂，大整顯秘之紀綱。建文殊樓，奠基以五台山携歸之土石。日本天台宗創於最澄，而隆興大成之者實為圓仁。清和帝貞觀六年(唐懿宗咸通五年，西元八六四)正月十四日，寂於京都延曆寺，得年七十一。寂前一日授密印灌頂於高足常濟。圓仁風神溫穆，而堅毅內斂。著述極多
L040,Place,以攝津國嶋上郡,2,"六口於常寧殿。令修息災之法。有物恠也。
癸酉。以攝津國嶋上郡荒田九段。賜明經碩儒從四位下善道朝臣眞貞。』大宰府飛驛。上奏入唐大使藤原朝臣常嗣等歸着之由。兼使等奏状。
甲戌。勅參議大宰權帥正四位下兼左大弁藤原朝臣常嗣。大貳從四位上南淵朝臣永河等。得今月十九日奏状。知遣唐大使藤原常嗣朝臣等率七隻船。廻着肥前國松浦郡生属嶋。与先; 之法。有物恠也。
癸酉。以攝津國嶋上郡荒田九段。賜明經碩儒從四位下善道朝臣眞貞。』大宰府飛驛。上奏入唐大使藤原朝臣常嗣等歸着之由。兼使等奏状。
甲戌。勅參議大宰權帥正四位下兼左大弁藤原朝臣常嗣。大貳從四位上南淵朝臣永河等。得今月十九日奏状。知遣唐大使藤原常嗣朝臣等率七隻船。廻着肥前國松浦郡生属嶋。与先到録事大神宗雄船。總是"
L041,Place,以東鴻臚院,1,"國住吉神。越前國氣比神。並祈船舶歸着。
辛酉。以東鴻臚院地二町。充典藥寮。爲御藥園。
壬申。請眞言僧十六口於常寧殿。令修息災之法。有物恠也。
癸酉。以攝津國嶋上郡荒田九段。賜明經碩儒從四位下善道朝臣眞貞。』大宰府飛驛。上奏入唐大使藤原朝"
P020,Person,仲眞人石伴,1,以右虎賁衛督從四位下仲眞人石伴爲遣唐大使。上総守從五位上石上朝臣宅嗣爲副使。
P021,Person,任副使,1,土人。及合船被害。清河僅以身免。遂留唐國。不得歸朝。於後十餘年。薨於唐國。石根大宰大貳從四位下老之子也。寳龜八年。任副使入唐。事畢而歸。海中船斷。石根及唐送使趙寳英等六十三人。同時沒
L042,Culture,伊勢太神宮及畿内七道諸社,1,爲令遣唐使等平安也。
L043,Place,伴宿祢古麻吕自唐國,4,"真乗副使古舶，着大宰府。四月，入京。
《唐録》曰：玄宗天寶十二年，日本又遣使朝貢。

同六年
正月，遣唐使大伴宿祢古麻吕自唐國至，奏曰：「大唐天寶十二載正月癸卯，百官諸蕃朝貢，天子於蓬莱宫含元殿受朝。是日，以我次西; 中國，求内外教典。

同五年
正月十二日，鑑真乗副使古舶，着大宰府。四月，入京。
《唐録》曰：玄宗天寶十二年，日本又遣使朝貢。

同六年
正月，遣唐使大伴宿祢古麻吕自唐國至，奏曰：「大唐天寶十二載正月癸卯，百官諸蕃朝貢，天子於蓬莱宫含元殿受朝。是日，以我次西; 玄宗天寶十二年，日本又遣使朝貢。

同六年
正月，遣唐使大伴宿祢古麻吕自唐國至，奏曰：「大唐天寶十二載正月癸卯，百官諸蕃朝貢，天子於蓬莱宫含元殿受朝。是日，以我次西; 遣唐使大伴宿祢古麻吕自唐國至，奏曰：「大唐天寶十二載正月癸卯，百官諸蕃朝貢，天子於蓬莱宫含元殿受朝。是日，以我次西畔第二吐蕃下，以新羅使次東畔第一大食國上。古麻吕論曰：『自古至今，新羅之朝貢日本國久矣，而今列東畔上，我反在其下，"
L044,Place,伴宿祢古麻呂自唐國,3,"唐副使從四位上吉備朝臣眞備船。以去年十二月七日。來着益久嶋。自是之後。自益久嶋進發。漂蕩着紀伊國牟漏埼。
丙寅。副使大伴宿祢古麻呂自唐國至。古麻呂奏曰。大唐天寳十二載。歳在癸巳正月朔癸夘。百官諸蕃朝賀。天子於蓬莱宮含元殿受朝。是日。以我次西畔第二吐蕃下。以新羅使次東畔第一大食國上。古麻呂論曰。自; 位上吉備朝臣眞備船。以去年十二月七日。來着益久嶋。自是之後。自益久嶋進發。漂蕩着紀伊國牟漏埼。
丙寅。副使大伴宿祢古麻呂自唐國至。古麻呂奏曰。大唐天寳十二載。歳在癸巳正月朔癸夘。百官諸蕃朝賀。天子於蓬莱宮含元殿受朝。是日。以我次西畔第二吐蕃下。以新羅使次東畔第一大食國上。古麻呂論曰。自古至今。新羅之朝貢大日本國久矣。而今列東畔; 唐副使從四位上吉備朝臣眞備船。以去年十二月七日。來着益久嶋。自是之後。自益久嶋進發。漂蕩着紀伊國牟漏埼。
丙寅。副使大伴宿祢古麻呂自唐國至。古麻呂奏曰。大唐天寳十二載。歳在癸巳正月朔癸夘。百官諸蕃朝賀。天子於蓬莱宮含元殿受朝。是日。以我次西畔第二吐蕃下。以新羅使次東畔第一大食國上。古麻呂論"
L045,Place,但渤海國,1,"答謝。但渤海國使。皆悉下馬。再拜舞踏。今領唐客。准據何例者。進退之礼。行列之次。具載別式。今下使所。宜據此式勿以違失。」授遣唐副使從五位下大神朝臣末足正五位下。判官正六位上小野朝臣滋野。從六位上大伴宿祢繼人並從五位下。録事正六位上上毛野公大川外從五位下。
乙未。授女孺无位甘南備眞人久部從五位下。
丁酉。授外從五位下羽栗臣翼從五位下。正六"
L046,Place,但進唐國,1,"人入朝者。待之如常。宜以此状。告汝國王知。但進唐國消息。并在唐我使藤原朝臣河清等書。嘉其勤勞。仰大宰府安置饗賜。宜知之。賜國王祿■廿五疋。絲一百■。綿二百五十屯。大使金初正已下各有差。」授從六位下津守宿祢夜須賣從五位下。
癸酉。以從五位下山口忌寸沙"
P022,Person,位上久米連眞上外,1,"二月癸酉。授正六位上佐伯宿祢瓜作從五位下。正六位上久米連眞上外從五位下。」渤海使還國。賜其王璽書。并附信物。
乙亥。贈故入唐大使從三位藤原朝臣清河從二位。副使從五位上小野朝臣石根從四位下。清河贈太政大臣房前之第四子也。勝寳五年。爲大使入唐。廻日遭逆風漂著唐國南邊驩州。時遇土人。及合船被害。清河僅以身免。遂留唐國。不得歸朝。"
L047,Place,位上大伴宿禰岑萬里,4,"審到處。即量風勢。定着新羅。仍遣兵部省少丞正六位上大伴宿禰岑萬里等尋訪。若有漂着。宜隨事資給。令得還郷。不到彼堺。冀遣使入唐。訪覓具報。
壬辰。遊獵北野。
癸巳。丹波国言。依格。差勳位衛護府庫。而白丁之徭。唯卅日。勳位所直。百□日。有位白丁。勞逸不均者。制。宜以白丁爲健兒。
甲午。; 宿禰岑萬里於新羅国。太政官牒曰。遣使唐国。脩聘之状。去年令大宰府送消息訖。時無風信。遂變炎凉。去七月初。四船入海。而兩船遭風漂廻。二船未審到處。即量風勢。定着新羅。仍遣兵部省少丞正六位上大伴宿禰岑萬里等尋訪。若有漂着。宜隨事資給。令得還郷。不到彼堺。冀遣使入唐。訪覓具報。
壬辰。遊獵北野。
癸巳。丹波国言。依格。差勳位衛護; 岑萬里於新羅国。太政官牒曰。遣使唐国。脩聘之状。去年令大宰府送消息訖。時無風信。遂變炎凉。去七月初。四船入海。而兩船遭風漂廻。二船未審到處。即量風勢。定着新羅。仍遣兵部省少丞正六位上大伴宿禰岑萬里等尋訪。若有漂着。宜隨事資給。令得還郷。不到彼堺。冀遣使入唐。訪覓具報。
壬辰。遊獵北野。
癸巳。丹波国言。依格。差勳位衛護府庫; 。去七月初。四船入海。而兩船遭風漂廻。二船未審到處。即量風勢。定着新羅。仍遣兵部省少丞正六位上大伴宿禰岑萬里等尋訪。若有漂着。宜隨事資給。令得還郷。不到彼堺。冀遣使入唐。訪覓具報。
壬辰。遊獵北野。
癸巳。丹波国言。依格。差勳位衛護府庫。而白丁之徭。唯卅日。勳位所直。百□日。有位白丁。勞逸不均者。制。宜以白丁爲健兒。
甲午"
L048,Place,位上高麗朝臣殿嗣,3,"中介。
乙未。授正五位上掃守王從四位下。
九月甲辰。授從三位大野朝臣仲千正三位。
癸亥。送高麗使正六位上高麗朝臣殿嗣等來着越前國坂井郡三國湊。勅越前國。遣高麗使并彼國送使。宜安置便處。依例供給之。但殿嗣一人早令入京。
丁夘。詔賜橘宿祢綿裳。三笠。姓朝臣。
冬十月戊寅。授正六位上高麗朝臣殿嗣從五位下。
辛夘。復陽侯忌寸令■本位外從五位下。; 麗朝臣殿嗣等來着越前國坂井郡三國湊。勅越前國。遣高麗使并彼國送使。宜安置便處。依例供給之。但殿嗣一人早令入京。
丁夘。詔賜橘宿祢綿裳。三笠。姓朝臣。
冬十月戊寅。授正六位上高麗朝臣殿嗣從五位下。
辛夘。復陽侯忌寸令■本位外從五位下。
癸巳。授无位藤原朝臣今女從五位下。
乙未。遣唐使第三船到泊肥前國松浦郡橘浦。判官勅旨大丞正六位上; 賜橘宿祢綿裳。三笠。姓朝臣。
冬十月戊寅。授正六位上高麗朝臣殿嗣從五位下。
辛夘。復陽侯忌寸令■本位外從五位下。
癸巳。授无位藤原朝臣今女從五位下。
乙未。遣唐使第三船到泊肥前國松浦郡橘浦。判官勅旨大丞正六位上"
P023,Person,住吉大神,1,攝津国住吉郡住吉大神奉授從一位。以遣唐使祈也。
L049,Place,住東大寺,1,々〉。」去大同五年、廃皇太子。親王帰命覚路、混形沙門、名曰真如、住東大寺。親王、機識明敏、学渉内外、聴受領悟、罕見其人。稟受三論宗義於律師道詮、稍通大義。又真言密教、究竟秘奥。門弟子之成熟者聚、僧正壱演為其上首。詔授伝灯修行賢大法師位。親王、心自為、真言宗義、師資相伝、猶有不通。凡在此間、難可質疑。況復、観電露之遂空、顧形骸之早弃、苦求入唐
P024,Person,佐伯宿祢今毛人,1,遣唐大使佐伯宿祢今毛人自大宰還而進節刀。
P025,Person,佐伯宿祢助,1,"賜姓宿祢。
己巳。河内。攝津兩國有鼠食五穀及草木。」遣使奉幣於諸國群神。
辛未。授正五位下佐伯宿祢助從四位下。
庚午。外從五位下大隅忌寸三行爲隼人正。
壬申。授川部酒麻呂外從五位下。酒麻呂肥前國松浦郡人也。勝寳四年。爲入唐使第四船柁師。歸日海中順風"
C003,Culture,佛法東流,1,"，唐天寶元載冬十月。

時，大和上在揚州大明寺爲衆［僧］講律，榮叡、普照至大明寺，頂禮大和上足下，具述本意曰︰「佛法東流至日本國，雖有其法，而無傳法人。日本國昔有聖德太子曰︰『二百年後，聖"
L050,Place,佛法東流至日本國,1,"，唐天寶元載冬十月。

時，大和上在揚州大明寺爲衆［僧］講律，榮叡、普照至大明寺，頂禮大和上足下，具述本意曰︰「佛法東流至日本國，雖有其法，而無傳法人。日本國昔有聖德太子曰︰『二百年後，聖"
P026,Person,使孫興進,1,"丙寅。前學生阿倍朝臣仲麻呂在唐而亡。家口偏乏。葬礼有闕。勅賜東■一百疋。白綿三百屯。
丁夘。唐使孫興進等歸國。
己巳。授散位正六位上百濟王元徳從五位下。
閏五月甲申。贈故河内守"
P027,Person,使次東畔第一大食國,3,"引新羅次西畔第二吐蕃下，以日本使次東畔第一大食國上。」三善朝臣信貞元永元年四月廿五日所勘。

光仁天皇
寶亀之初，釋永忠入唐。延曆之季，隨使歸。

桓武天皇延曆二十一年
釋最澄賜入唐求法詔。

同二; 朝臣信貞元永元年四月廿五日所勘。

光仁天皇
寶亀之初，釋永忠入唐。延曆之季，隨使歸。

桓武天皇延曆二十一年
釋最澄賜入唐求法詔。

同二; 遣唐使大伴宿祢古麻吕自唐國至，奏曰：「大唐天寶十二載正月癸卯，百官諸蕃朝貢，天子於蓬莱宫含元殿受朝。是日，以我次西畔第二吐蕃下，以新羅使次東畔第一大食國上。古麻吕論曰：『自古至今，新羅之朝貢日本國久矣，而今列東畔上，我反在其下，義不合得。』時，將軍吴懷實見知古麻呂不肯色，即"
L051,Place,使第三船到泊肥前國,2,"位上高麗朝臣殿嗣從五位下。
辛夘。復陽侯忌寸令■本位外從五位下。
癸巳。授无位藤原朝臣今女從五位下。
乙未。遣唐使第三船到泊肥前國松浦郡橘浦。判官勅旨大丞正六位上; 賜橘宿祢綿裳。三笠。姓朝臣。
冬十月戊寅。授正六位上高麗朝臣殿嗣從五位下。
辛夘。復陽侯忌寸令■本位外從五位下。
癸巳。授无位藤原朝臣今女從五位下。
乙未。遣唐使第三船到泊肥前國松浦郡橘浦。判官勅旨大丞正六位上"
G003,Group,使等,1,"常寧殿。以避暑也。
五月丁巳朔己未。遣唐使上奏言。使等漂廻。嚴綸未允。雖風信之愆。乃是天時。而重行之累。類有冥妨。况巨海之程。艱虞無測。不資霊祐。何以利征。請令諸國轉讀大般若經。▼是日。詔。令五畿内七道諸國。始自今月中旬。至使等歸朝之日。堅固講海龍王經。相并"
L052,Place,使等從海,1,意。轉附朝唐賀正之使。令尋靈仙所在將送其金。待使復佇付金否。而隔海程途。過期不返。後年朝唐使人却廻之日。方知前年使等從海却歸。到塗里浦。疾風暴起。皆悉陷沒。亦悉往五臺覓靈仙。送金之時。靈仙遷化。不得付与。其金同陷沒。以此其後文矩入覲。啓中縷陳事由。冀達天皇。文矩不遂覲礼。將啓却歸。今再述失金事由。故遣賀福延輸申誠志。伏望體
G004,Group,使者船,1,大使上奏。更復卜定。換其次第。第二舶改爲第一。
P028,Person,使高元度,1,唐國。事畢欲歸。兵仗樣。甲冑一具。伐刀一口。槍一竿。矢二隻分付元度。又有内使。宣勅曰。特進秘書監藤原河清。今依使奏。欲遣歸朝。唯恐殘賊未平。道路多難。元度宜取南路先歸復命。即令中謁者謝時和押領元度等向蘇州。与刺史李■平章。造船一隻長八丈。并差押水手官越州浦陽府折衝賞紫金魚袋沈惟岳等九人水
G005,Group,修圓勤操等七人,1,法師亦在其中。共禀潅頂三摩耶戒。是則本朝潅頂始興之日也。
P029,Person,値賀嶋,1,第二舶左右方便漂着値賀嶋。
L053,Place,倭國朝廷,1,，愛育之情，無隔遐迩。知皇介居海表，撫寧民庶，境内安樂，風俗融和，深氣至誠，達脩朝貢。丹款之美，朕有嘉焉。稍暄，比如常也。故遣鴻臚寺掌客裴世清等，稍宣往意，并送物如別。」時，阿倍臣出進，以受其書而進
L054,Place,倭國（日本）朝廷,1,，愛育之情，無隔遐邇。知皇介居海表，撫寧民庶，境内安樂，風俗融和，深氣至誠，遠脩朝貢，丹款之美，朕有嘉焉。稍暄，比如常。世一作「也」故遣鴻臚寺掌客裴世清等，指一作「稍」宣往意，并送物如别。』時，阿倍臣出進以受其書而進行，大伴嚙連迎出承書，置於大
L055,Place,停點普通院,1,"卷二

入唐求法巡禮行記卷三

卷四

→

〈入唐求法巡禮行記卷第三〉
([□@考]開成五年四月)
廿八日([□@考]廿八日至十六日記事重出而互有具略。兩文相異以線示之)入平谷。西行卅里。巳時到停點普通院前。始"
P030,Person,傔人粟田家繼,1,"人粟田家繼到此寺。定畫佛處。
卅日早朝於迦毘羅神堂裏。始畫妙見[A8]菩薩四天王像。
十二月二日。本國留後官。為令惟正等受戒。更帖相"
L056,Place,傔人粟田家繼到此寺,1,"人粟田家繼到此寺。定畫佛處。
卅日早朝於迦毘羅神堂裏。始畫妙見[A8]菩薩四天王像。
十二月二日。本國留後官。為令惟正等受戒。更帖相"
G006,Group,備中等國,1,"倍朝臣津嶋。西海道判官佐宿祢東人並授外從五位下。
九月辛丑朔。賑給和泉監佰姓。
甲辰。遣使于近江。丹波。播磨。備中等國。爲遣唐使造舶四艘。
乙巳。以正五位上中朝臣廣見爲神祇伯。正五位下高橋朝臣安麻呂爲右中弁。從五位上縣犬養宿祢石次爲少弁。外從五位下箭集宿祢虫麻呂爲大判事。正五位上佐伯宿祢豊人爲左京亮。正五位下石川朝臣枚夫爲造難波宮"
G007,Group,傳灯大法師位以船,1,"死。由是延至今日。』▼是日雷雨。東京牛震死。

辛未十五日。傳灯大法師位以船求法入唐。勅大宰府。賜管内國正税稻千束。』▼是日酉時日未入。流星出自織女西邊。入大陵卷舌間。色赤有光。

癸酉十七日。遣伊豫權掾正六位上大神宿祢己井。豊後介正六位下多治"
P031,Person,僧正壱演,1,々〉。」去大同五年、廃皇太子。親王帰命覚路、混形沙門、名曰真如、住東大寺。親王、機識明敏、学渉内外、聴受領悟、罕見其人。稟受三論宗義於律師道詮、稍通大義。又真言密教、究竟秘奥。門弟子之成熟者聚、僧正壱演為其上首。詔授伝灯修行賢大法師位。親王、心自為、真言宗義、師資相伝、猶有不通。凡在此間、難可質疑。況復、観電露之遂空、顧形骸之早弃、苦求入唐
P032,Person,僧正宗叡法師,1,、惣経官家。制餝甫就、設斎供養。天皇命王公百寮行事。真雅遷化、復有僧正宗叡法師。入唐求法、受得真言。奉勧天皇、結香火之因。自遜皇位、御清和院、帰念苦空（仏道）、発心菩提。朝夕之膳、菜蔬在御。妍状豊姿、不賜顔色。■私寵引、自斯而断。遂御山庄、落飾
P033,Person,僧永忠,1,敏，聰朗日倍，受持經論，中安歎異之。乃屬律師-玄叡。玄叡察其法器，摩頂誨誘。更從入唐大僧都-永忠，學經論所。滯二年，受具足戒。弘仁十年，興福寺維摩會預席論難。時諸寺學業之輩，聽其豎義，莫不驚聳。承和九年，於大極殿講最勝王經，皇帝臨聽。實敏問答警
P034,Person,僧玄昉,2,"四位下。无位大養徳宿祢麻呂女從五位下。
己亥。僧玄■死。玄■俗姓阿刀氏。靈龜二年入唐學問。唐天子尊■。准三品令着紫袈裟。天平七年隨大使多治比眞人廣成還歸。齎經論五千餘卷及諸佛像來。皇朝亦施紫袈裟着之。尊爲僧正。安置内道塲。自是之後。榮寵日盛。稍; 氏。靈龜二年入唐學問。唐天子尊■。准三品令着紫袈裟。天平七年隨大使多治比眞人廣成還歸。齎經論五千餘卷及諸佛像來。皇朝亦施紫袈裟着之。尊爲僧正。安置内道塲。自是之後。榮寵日盛。稍乖沙門之行。時人惡之。至是死於徙所。世相傳云。爲藤原廣嗣"
P035,Person,元年隨使,1,"西府驛鈴二口。
冬十月辛夘。律師道慈法師卒。〈天平元年爲律師。〉法師俗姓額田氏。添下郡人也。性聰悟爲衆所推。大寳元年隨使入唐。渉覽經典。尤精三論。養老二年歸朝。是時釋門之秀者唯法師及神叡法師二人而已。著述愚志一卷論僧尼之事。其略曰。今察日本素緇行佛法軌模"
P036,Person,元政阿闍梨,2,礼拜大興善寺翻經院元政阿闍梨。屈請以爲師。始學金剛界大教。; 數月受五瓶潅頂。被許傳法也。
L057,Place,光祿大夫右散騎常侍兼御史中丞北海郡開國公,1,故留學問贈從二品安倍朝臣仲滿大唐光祿大夫右散騎常侍兼御史中丞北海郡開國公贈・州大都督朝衡
G008,Group,入唐使三箇船,1,事大神宗雄送大宰府牒状。知入唐三箇船嫌本舶之不完。倩駕楚州新羅船九隻。傍新羅南以歸朝。其第六船。宗雄所駕是也。餘八箇船。或隱或見。前後相失。未有
P037,Person,入唐使判官平郡朝臣廣成,1,"蝕之。
冬十月甲子。從四位下小野朝臣牛養卒。
丙子。少僧都行達爲大僧都。
丙戌。入唐使判官外從五位下平郡朝臣廣成。并渤海客等入京。
十一月辛夘。平郡朝臣廣成拜朝。初廣成。天平五年隨大使多治比眞人廣成入唐。六年十月事畢却歸。"
G009,Group,入唐使第四船（柁師川部酒麻呂）,1,"行爲隼人正。
壬申。授川部酒麻呂外從五位下。酒麻呂肥前國松浦郡人也。勝寳四年。爲入唐使第四船柁師。歸日海中順風盛扇。忽於船尾失火。其炎覆艫而飛。人皆惶遽不知爲計。時酒麻呂廻柁。火乃傍出。手雖燒爛。把柁不動。因遂撲滅。以存人物。以功"
P038,Person,入唐副使,1,十一月戊寅。天皇臨朝。詔授入唐副使
P039,Person,入唐大使多治比眞人廣成,2,"兵部曹司。問新羅使入朝之旨。而新羅國輙改本號曰王城國。因茲返却其使。
三月丙寅。入唐大使從四位上多治比眞人廣成等。自唐國至進節刀。
辛巳。朝拜。
夏四月戊申。授无位長田王。池田王並從四位下。正四位下百濟王南典。從四位上多治比眞人廣成並正四位上。; 兵部曹司。問新羅使入朝之旨。而新羅國輙改本號曰王城國。因茲返却其使。
三月丙寅。入唐大使從四位上多治比"
L058,Place,入唐大使藤原朝臣河清之女喜娘,3,守宿祢國麻呂。并唐判官等五十六人。乘其艫而着甑嶋郡。判官大伴宿祢繼人。并前入唐大使藤原朝臣河清之女喜娘等■一人。乘其舳而着肥後國天草郡。繼人等上奏言。繼人等去年六月廿四日。四船同入海。七月三日着泊揚州海陵縣。八月廿九日。到揚州大都督府。即節度使陳少遊且奏且放。六十五人入京。十月十六日。發赴上都。至高武縣。有中書門下勅牒。爲路次乏車馬; 前入唐大使藤原朝臣河清之女喜娘等■一人。乘其舳而着肥後國天草郡。繼人等上奏言。繼人等去年六月廿四日。四船同入海。七月三日着泊揚州海陵縣。八月廿九日。到揚州大都督府。即節度使陳少遊且奏且放。六十五人入京。十月十六日。發赴上都。至高武縣。有中書門下勅牒。爲路次乏車馬。減却人數。定廿人。正月十三日。到長安。即遣内使; 娘等■一人。乘其舳而着肥後國天草郡。繼人等上奏言。繼人等去年六月廿四日。四船同入海。七月三日着泊揚州海陵縣。八月廿九日。到揚州大都督府。即節度使陳少遊且奏且放。六十五人入京。十月十六日。發赴上都。至高武縣。有中書門下勅牒。爲路次乏車馬。減却人數。定廿人。正月十三日。到長安。即遣内使
L059,Place,入唐大使贈従二位藤原朝臣河清,2,"他郷。可贈正二位。河清、贈太政大臣房前之第四子也。天平勝宝四年、以参議民部卿、為聘唐大使、天宝十二載、与留学生阿衡、同舟帰朝、海路逢風、漂泊安南。天平宝字三年、遣散位助高元度等於唐国、迎河清。唐朝乱故、元度等久不得朝見勅云。河清、是本国貴族、朕所鍾愛。故且留之、不許放還。待国家寧定、差使発遣。元度等経年不帰、本朝為恠。宜取; 後紀卷第十一逸文桓武天皇　日本根子皇統彌照天皇

丁巳。入唐大使贈従二位藤原朝臣河清、銜命先朝、修聘唐国、既而帰舳迷津、漂蕩物故於他郷。可贈正二位。河清、贈太政大臣房前之第四子也。天平勝宝四年、以参議民部卿、為聘唐大使、天宝十二載、与留学生阿衡、同舟帰朝、海路逢風、漂泊安南。天平宝字三年、遣散位助高元度等於唐国、迎河清。唐"
P040,Person,入唐學問僧,7,至秋七月。巡礼南臺。; 其年八月。到長安城。; 礼拜大興善寺翻經院元政阿闍梨。屈請以爲師。始學金剛界大教。; 數月受五瓶潅頂。被許傳法也。; 明年向青竜寺。礼拜義眞阿闍梨。屈請爲師。
P041,Person,入唐廻使,1,定入唐廻使判官已下水手已上三百九十一人之等第。
P042,Person,入唐新文,1,豈偏賞入唐之新文。訛所生之舊字乎。
C004,Culture,入唐求法僧智聡,1,一日丁亥。於内裏、始修仏名懺悔之事。』是日。令大宰府、量唐人駱漢中并従二人衣粮。入唐求法僧智聡在彼廿余載、今年還此。漢中随智聡来。智聡曰。漢中是大唐処士。身多技芸、知其才藻、勧令同来。不事■ｻﾝ求、独取艱渋。願加優恤、以慰旅情。詔依請焉。』美濃
G010,Group,入唐第一船,1,遣使尋訪入唐第一船。其消息云。第一船擧帆指奄美嶋發去。未知其着處。
P043,Person,入唐第四船判官布勢朝臣人主,1,"宿祢御笠。巨萬朝臣大山並從五位下。自餘使下二百廿二人亦各有差。
癸未。大宰府言。入唐第四船判官正六位上布勢朝臣人主等來泊薩摩國石籬浦。
五月己酉。從五位下石川朝臣豊人爲越中守。
六月乙丑朔。正五位下中臣朝臣益人爲神祇大副。
秋七月丙午。詔曰。頃"
L060,Place,入臺山,1,州龍興寺僧也。持涅槃經一千部。入臺山志遠禪師邊。受法花三昧。入道場求普賢。在院行道。得見大聖。如今廿年來也。依新羅僧聖林([□@考]林池本作琳)和尚口說記之。此僧入五臺及長安。遊行得廿年。來此山院語話之次。常聞臺山聖跡甚有奇特。深喜近於聖境暫休向天台之
G011,Group,兩船漂蕩,1,"力而已。宜令五畿内七道諸國司轉讀般若走幣名神。』▼是日。大宰府馳驛。奏遣唐使第一第四兩船漂蕩却廻之状。兩船密封奏。同共到來。
甲申。勅符大使藤原朝臣常嗣。判官菅原朝臣善主等。得今月六日九日二道飛驛奏状。具知漂苦廻着肥前國也。使等忠貞之操。不敢告勞。蒙冒險難。廻渉蒼海。而事不諧偶。中路却廻。靖言念"
P044,Person,八年,1,等阿闍梨、承受秘奥、詢求幽■、廻至洛陽、便入聖善寺善無畏三蔵旧院。其門徒、以三蔵所持金剛杵并経論梵夾諸尊儀軌等授之。八年到明州望海鎮。適遇李延孝、遥指扶桑、将泛一葉。宗叡同舟、順風解纜、三日夜間、帰着本朝。主上大悦、遇以殊礼。当時法侶皆望和尚之伝金剛界法胎蔵界法密教。和尚於東寺、教授之。学徒有数、傾懐而説。十一年春為権律師、十六年
L061,Place,八省院,1,戊寅。遣唐使於八省院朝拜。天皇不御。例也。
P045,Person,六位上紀朝臣繼成,1,"卒。
庚子。唐客入京。將軍等率騎兵二百。蝦夷廿人。迎接於京城門外三橋。
五月癸夘。唐使孫興進。秦■期等朝見。上唐朝書。并貢信物。詔曰。唐使上書。朕見之。唯客等遠來。艱辛行路。宜歸休於舘。尋欲相見。
丁巳。饗唐使於朝堂。中納言從三位物部朝臣宅嗣宣勅曰。唐朝天子及公卿。國内百姓。平安以不。又海路難險。一二使人。或漂沒海中。或被掠"
P046,Person,其年八月,1,"右五種。亦是青龍阿闍梨之所付也。空 
海去延暦二十三年季夏之月。隨入唐
大使藤原朝臣。同上第一船發赴咸陽。
其年八月到福州著岸。十二月下旬到
長安城。宣陽坊宮宅安置。二十四年仲
春十一日。大使等旋軔本朝。唯空海孑
然准勅留住西明寺永忠和尚故院。於
是歴城中訪名徳。偶然奉遇青龍寺東
塔院和尚法諱惠果阿闍梨。其大徳則
大興善"
L062,Place,其年八月到福州,2,"右五種。亦是青龍阿闍梨之所付也。空 
海去延暦二十三年季夏之月。隨入唐
大使藤原朝臣。同上第一船發赴咸陽。
其年八月到福州著岸。十二月下旬到
長安城。宣陽坊宮宅安置。二十四年仲
春十一日。大使等旋軔本朝。唯空海孑
然准勅留住西明寺永忠和尚故院。於
是歴城中訪名徳。偶然奉遇青龍寺東
塔院和尚法諱惠果阿闍梨。其大徳則
大興善; 虎珀供養鋺一口
白瑠璃供養椀一口
紺瑠璃箸一具
　　右五種。亦是青龍阿闍梨之所付也。空 
海去延暦二十三年季夏之月。隨入唐
大使藤原朝臣。同上第一船發赴咸陽。
其年八月到福州著岸。十二月下旬到
長安城。宣陽坊宮宅安置。二十四年仲
春十一日。大使等旋軔本朝。唯空海孑
然准勅留住西明寺永忠和尚故院。於
是歴城中訪名徳。偶然奉遇"
C005,Culture,具知漂苦廻着肥前國,3,"却廻之状。兩船密封奏。同共到來。
甲申。勅符大使藤原朝臣常嗣。判官菅原朝臣善主等。得今月六日九日二道飛驛奏状。具知漂苦廻着肥前國也。使等忠貞之操。不敢告勞。蒙冒險難。廻渉蒼海。而事不諧偶。中路却廻。靖言念之。憂心何已。今案奏状。兩舶並已無完。必須改營。宜俟修造畢以遂渡海耳。第二第三等舶。未知平不。欝嗟乎懷。』又勅符大宰大貳藤原; 船漂蕩却廻之状。兩船密封奏。同共到來。
甲申。勅符大使藤原朝臣常嗣。判官菅原朝臣善主等。得今月六日九日二道飛驛奏状。具知漂苦廻着肥前國也。使等忠貞之操。不敢告勞。蒙冒險難。廻渉蒼海。而事不諧偶。中路却廻。靖言念之。憂心何已。今案奏状。兩舶並已無完。必須改營。宜俟修造畢以遂渡海耳。第二第三等舶。未知平不。欝嗟乎懷。』又勅符大宰大; 蕩却廻之状。兩船密封奏。同共到來。
甲申。勅符大使藤原朝臣常嗣。判官菅原朝臣善主等。得今月六日九日二道飛驛奏状。具知漂苦廻着肥前國也。使等忠貞之操。不敢告勞。蒙冒險難。廻渉蒼海。而事不諧偶。中路却廻。靖言念之。憂心何已。今案奏状。兩舶並已無完。必須改營。宜俟修造畢以遂渡海耳。第二第三等舶。未知平不。欝嗟乎懷。』又勅符大宰大"
P047,Person,内藏忌寸全成,1,迎藤原河清使判官内藏忌寸全成。自渤海却廻。海中遭風。漂着對馬。
P048,Person,円仁,46,遣唐天台請益僧圓仁及弟子二人唐人■二人到自大唐。; 天台宗入唐請益僧圓仁。將弟子僧性海惟正等。去年十月駕新羅商船。來著鎭西府。▼是日歸朝。; 到五台而問津。; 寸。太政官處分。以爲誓護朝庭之處。先是。内供奉十禪師傳灯大法師位雲申牒。昔者慈覺大師入唐求法之日。巡礼臺山之時。感遇文殊化現師子聖燈圓光。頼此大聖之感應。得遂求道之大願。欲使彼大聖之應化。感來於我本朝。鎭護國家。利益黎庶。由是祈乞於五臺現化之處。掘取五峯清淨之土。經歴一紀。跋渉万里。秘藏潔塊; 月勅以圓仁爲廷暦寺座主。齊衡三年三月天皇屈圓仁於冷然院。受兩部潅頂。天安二年八月天皇崩。十二月皇太子履祚。明年天皇屈圓仁於内裏。受菩薩戒。貞觀二年五月淳和太后請諸寺名徳於院裏。六ケ日間。講法華經。解坐之後。請留圓仁。受菩薩大戒。奉太后法名稱良祚。三年六月太皇太后藤原氏。請僧綱名僧於五條宮。四ケ日間。講
P049,Person,円珍,1,人大毘盧遮那経業為大比叡神分、一人一字頂輪王経業、為小比叡神分。先是、彼寺座主前入唐尋経釈法眼和尚位円珍上表言。国之為国、本依設礼、人之為人、亦由行礼。故書曰。人有礼則安、無礼則危。経曰。人能行礼、得生天上。是知、内経外書、以礼存
P050,Person,円載,1,"五座。
廿五日圓載留學傔從僧仁濟來。便得載上人會昌元年十二月十八日書委曲云。日本入唐大使相公。到本國京城有亡薨([□@考]亡東本似六字池本作六大使藤原常嗣承和七年薨)長判官得伊豫介。錄事得左少史。高錄事大宰典。淳和皇帝。去年七月崩。第二船漂落裸"
L063,Place,冬到春遊行巡禮臺山,1,"安。遊行得廿年。來此山院語話之次。常聞臺山聖跡甚有奇特。深喜近於聖境暫休向天台之議。更發入五臺之意。仍改先意便擬山院過冬到春遊行巡禮臺山。
廿八日。申時。縣使竇文至等兩人。將縣帖來。其狀偁。
縣　帖青寧鄉
得板頭竇文至狀報。日本國船上拋却人三人
右撿案內得前件板頭狀報。其船今月十五日發訖。拋却三人。"
L064,Place,冷然院,1,惣持院。興隆佛法。於是。勅惣持院安置十四僧。永令修法。仁壽四年四月勅以圓仁爲廷暦寺座主。齊衡三年三月天皇屈圓仁於冷然院。受兩部潅頂。天安二年八月天皇崩。十二月皇太子履祚。明年天皇屈圓仁於内裏。受菩薩戒。貞觀二年五月淳和太后請諸寺名徳於院裏。六ケ日間。講法華經。解坐之後。請留圓仁。受菩薩大戒。奉太后法名稱良祚。三年六月太皇太后藤原
L065,Place,出州國,3,"婆林邑也見唐書環王國下)國人捨二百貫。今國眾計少人數。仍募五十貫者。轉催感少。
八日新羅人王請來相看。是本國弘仁十年。流著出州國之唐人張覺濟等同船之人也。問漂流之由。申云為交易諸物。離此過海。忽遇惡風。南流三月。流著出州國。其張覺濟兄弟二人。臨將發時。同共逃留出州。從北出州。就北海而發。得好風十五箇日。流著長門國。頗解本國語(; 婆([□@考]婆上或脫占字占婆林邑也見唐書環王國下)國人捨二百貫。今國眾計少人數。仍募五十貫者。轉催感少。
八日新羅人王請來相看。是本國弘仁十年。流著出州國之唐人張覺濟等同船之人也。問漂流之由。申云為交易諸物。離此過海。忽遇惡風。南流三月。流著出州國。其張覺濟兄弟二人。臨將發時。同共逃留出州。從北出州。就北海而發。得好風十; 占婆林邑也見唐書環王國下)國人捨二百貫。今國眾計少人數。仍募五十貫者。轉催感少。
八日新羅人王請來相看。是本國弘仁十年。流著出州國之唐人張覺濟等同船之人也。問漂流之由。申云為交易諸物。離此過海。忽遇惡風。南流三月。流著出州國。其張覺濟兄弟二人。臨將發時。同共逃留出州。從北出州。就北海而發。得好風十五箇日。流著長門國。頗解本"
P051,Person,判官菅原朝臣善主,4,"却廻之状。兩船密封奏。同共到來。
甲申。勅符大使藤原朝臣常嗣。判官菅原朝臣善主等。得今月六日九日二道飛驛奏状。具知漂苦廻着肥前國也。使等忠貞之操。不敢告勞。蒙冒險難。廻渉蒼海。而事不諧偶。中路却廻。靖言念之。憂心何已。今案奏状。兩舶並已無完。必須改營。宜俟修造畢以遂渡海耳。第二第三等舶。未知平不。欝嗟乎懷。』又勅符大宰大貳藤原; 船漂蕩却廻之状。兩船密封奏。同共到來。
甲申。勅符大使藤原朝臣常嗣。判官菅原朝臣善主等。得今月六日九日二道飛驛奏状。具知漂苦廻着肥前國也。使等忠貞之操。不敢告勞。蒙冒險難。廻渉蒼海。而事不諧偶。中路却廻。靖言念之。憂心何已。今案奏状。兩舶並已無完。必須改營。宜俟修造畢以遂渡海耳。第二第三等舶。未知平不。欝嗟乎懷。』又勅符大宰大; 蕩却廻之状。兩船密封奏。同共到來。
甲申。勅符大使藤原朝臣常嗣。判官菅原朝臣善主等。得今月六日九日二道飛驛奏状。具知漂苦廻着肥前國也。使等忠貞之操。不敢告勞。蒙冒險難。廻渉蒼海。而事不諧偶。中路却廻。靖言念之。憂心何已。今案奏状。兩舶並已無完。必須改營。宜俟修造畢以遂渡海耳。第二第三等舶。未知平不。欝嗟乎懷。』又勅符大宰大; 臣善主等。得今月六日九日二道飛驛奏状。具知漂苦廻着肥前國也。使等忠貞之操。不敢告勞。蒙冒險難。廻渉蒼海。而事不諧偶。中路却廻。靖言念之。憂心何已。今案奏状。兩舶並已無完。必須改營。宜俟修造畢以遂渡海耳。第二第三等舶。未知平不。欝嗟乎懷。』又勅符大宰大貳藤原朝臣廣敏等。得今月十日飛驛奏。知遣唐使第一第四"
P052,Person,則天,1,則天宴之於麟德殿，授司膳卿，放還本國。
C006,Culture,前使貞卷,1,調。其來久矣。改稱土毛。其義安在。對言。便以附貢。故不稱調。至是。遣左大史外從五位下堅部使主人主。宣告初正等曰。前使貞卷歸國之日。所仰之政。曾無申報。今亦徒持私事參來。所以。此度不預賓礼。自今以後。宜如前仰。令可申事人入朝者。待之如常。宜以此状。告汝國王知。但進唐國消息。并在唐我使藤原朝臣河清等書。嘉其勤勞。仰大宰府安置饗
C007,Culture,前使貞卷歸國,1,調。其來久矣。改稱土毛。其義安在。對言。便以附貢。故不稱調。至是。遣左大史外從五位下堅部使主人主。宣告初正等曰。前使貞卷歸國之日。所仰之政。曾無申報。今亦徒持私事參來。所以。此度不預賓礼。自今以後。宜如前仰。令可申事人入朝者。待之如常。宜以此状。告汝國王知。但進唐國消息。并在唐我使藤原朝臣河清等書。嘉其勤勞。仰大宰府安置饗
P053,Person,副使揚泰師,1,當代文士賦詩送別。副使揚泰師作詩和之。
P054,Person,劉二郎,1,劉二郎贈譜數十卷...劉娘尤善琴箏。貞敏習得新聲數曲。
P055,Person,劉德高,2,七月二十八日、至于對馬。九月二十日、至于筑紫。二十二日、進表函焉。; 唐國遣朝散大夫沂州司馬上柱國劉德高等。...七月二十八日、至于對馬。九月二十日、至于筑紫。
P056,Person,功德使請,1,"眾人，學兼內外，乃上書功德使請歸國，不許。自武宗當國，排佛虐僧之舉，與日俱甚。會昌三年五月二十五日，牒諸寺澈查外國僧侶，仁具牒說明。巡禮記第三卷記事止此。
會昌三年七月二十四日，弟子惟曉卒，時痼疾已七月。仁為籌殯葬，益感愴作速歸計。武"
P057,Person,勾當王友真,1,使賜留學僧。東絁卅五疋。帖綿十疊。長綿六十五屯。砂金二十五大兩。充學問䉼。朝貢使賜勾當王友真酒飲惜別。齋後。本國相公。喚留學僧。賜砂金。流淚慰別。圓澄偁。去月四日從長安發歸。十三日。至填州甘堂驛。擬留楚州。更不向揚州。官人等從在京之日。沈病辛苦。然去月十
P058,Person,北野,1,廢務。爲遣唐使祠天神地祇於北野也。
P059,Person,十八日,1,"十一日平旦。筑前國丹判官家人大和武藏共嶋長來相見。粗知國中事宜。
十五日到橘浦。
十七日到博太西南能舉嶋下泊船。
十八日到鴻臚館前。
十九日入館住。
十月六日。借得官庫絹八十疋。綿二百屯。給船上肆拾肆人冬衣。
六日生料米十碩送來。依國府從十月一日始充行。
十九日太政官符來太宰府。圓仁五人。速令入京。唐人金珍等卌四人。仰太宰府。"
P060,Person,午時僅,1,考]湖上文及下文作潮)口。逆流極遄。大唐人三人。并本國水手等。曳船截流。到岸結纜。暫待潮生。於此聞第四舶漂着北海。午時僅到海陵縣白潮鎮管內守捉軍中村。爰先於海中相別錄事山代氏益等卅餘人迎出。再
L066,Place,午時僅到海陵縣,2,考]湖上文及下文作潮)口。逆流極遄。大唐人三人。并本國水手等。曳船截流。到岸結纜。暫待潮生。於此聞第四舶漂着北海。午時僅到海陵縣白潮鎮管內守捉軍中村。爰先於海中相別錄事山代氏益等卅餘人迎出。再; 時到白湖([□@考]湖上文及下文作潮)口。逆流極遄。大唐人三人。并本國水手等。曳船截流。到岸結纜。暫待潮生。於此聞第四舶漂着北海。午時僅到海陵縣白潮鎮管內守捉軍中村。爰先於海中相別錄事山代氏益等卅餘人迎出。再
L067,Place,南海,2,歸朝之日。舶遭造風。漂墮南海賊地。爲賊所殺。; 承和之初。清上從聘唐使。入於大唐。歸朝之日。舶遭造風。漂墮南海賊地。爲賊所殺。
L068,Place,南海之嶋,1,"之浦。
九月十三日，行到百濟南畔之嶋。嶋名毋分明。
以十四日，寅時，二船相從，放出大海。
十五日，日入之時，石布連船，橫遭逆風，飄到南海之嶋。嶋名爾加委。仍為嶋人所滅。便東漢長直阿利麻、坂合部連稻積等五人，盜乘嶋人之船，逃到括州。"
L069,Place,南海之嶋→括州→洛陽,1,"人所滅。便東漢長直阿利麻、坂合部連稻積等五人，盜乘嶋人之船，逃到括州。州縣官人送到洛陽之京。
十六日，夜半之時，吉祥連船，行到越州會稽縣須岸山。東北風，風太急。
二十三日，行到餘姚縣。所乘大船及諸調度之物留著彼處。
潤十月一日，行到越州之底。
十"
L070,Place,南海之嶋（爾加委島）,1,"連船，橫遭逆風，飄到南海之嶋。嶋名爾加委。仍為嶋人所滅。便東漢長直阿利麻、坂合部連稻積等五人，盜乘嶋人之船，逃到括州。州縣官人送到洛陽之京。
十六日，夜半之時，吉祥連船，行到"
L071,Place,南海賊,1,朝臣愛發等於山陵祈祷焉。』遣唐第二舶知乘船事正六位上菅原朝臣梶成等。海中遇造風。漂着南海賊地。相戰之時。所得兵
L072,Place,南海賊地,2,歸朝之日。舶遭造風。漂墮南海賊地。爲賊所殺。; 聘礼既訖、帰舶解纜。遭風漂堕南海賊地、殆致殞命、僅以得還。
L073,Place,南海賊地（中國南海沿岸）,1,朝臣愛發等於山陵祈祷焉。』遣唐第二舶知乘船事正六位上菅原朝臣梶成等。海中遇造風。漂着南海賊地。相戰之時。所得兵
L074,Place,南臺,1,至秋七月。巡礼南臺。
P061,Person,博多,1,博多，時日本承和十四年也。太政官檄太宰府迎仁入京
L075,Place,博多大津,1,"姓臣。
戊辰。大風。
庚午。天下諸國蝗。畿内者遣使巡視。餘者令國司行事。
壬午。授正五位上石川朝臣豊人從四位下。
閏八月庚寅。先是。遣唐使船到肥前國松浦郡合蚕田浦。積月餘日。不得信風。既入秋節。弥違水候。乃引還於博多大津。奏上曰。今既入於秋節。逆風"
P062,Person,博麻,1,故賜務大肆，并絁五匹、綿十一屯、布三十端、稻一千束、水田四町。
C008,Culture,卷一,1,"卷一

入唐求法巡禮行記卷二

卷三

→

〈入唐求法巡禮行記卷第二〉
([□@考]開成四年四月)十九日平明。天晴。北風吹。舉矴南出。未時風止。搖櫓指西南行。申時。到邵村浦下矴繫住。當於陶村之西南。擬入於澳。逆潮遄"
P063,Person,又第一,1,"餘人而來歸。
乙夘。第二船到泊薩摩國出水郡。又第一船海中中斷。舳艫各分。主神津守宿祢國麻呂。并唐判官等五十六人。乘其艫而着甑嶋郡。判官大伴宿祢繼人。并前入唐大使藤原朝臣河清之女喜娘等■一人。乘其舳而着肥後國天草郡。繼人等上奏言。繼人等去年六月廿四日。四船同入海"
G012,Group,又第一船,1,"餘人而來歸。
乙夘。第二船到泊薩摩國出水郡。又第一船海中中斷。舳艫各分。主神津守宿祢國麻呂。并唐判官等五十六人。乘其艫而着甑嶋郡。判官大伴宿祢繼人。并前入唐大使藤原朝臣河清之女喜娘等■一人。乘其舳而着肥後國天草郡。繼人等上奏言。繼人等去年六月廿四日。四船同入海"
L076,Place,取渤海路,1,"歸唐國。逢本朝學生阿倍仲滿。便奏得入朝。請取渤海路歸朝。天子許之。給船粮發遣。十年三月。從登州入海。五月到渤海界。適遇其王大欽茂差使。欲聘我朝。即時同發。及渡沸海。渤海一船遇浪傾覆。大使胥要徳等■人沒死。廣成等率遣衆。到著出羽國。
十二月戊辰。渤海使己珎"
P064,Person,受詔,1,試得第。次年正月，受度持沙彌戒。七年於東大寺受具足戒。最澄圓寂後，益勤學修鍊，張講席於各地。仁明帝承和三年(八三六)受詔入唐請益。五年六月，隨日本第十八次遣唐使藤原常嗣西渡，時年四十五。遊唐十年歸國，大弘佛法，受文德、清和諸帝寵遇，尊為傳燈大師，補天台座主，奏建總持院，為天
L077,Place,叡山止觀院,1,大同元年冬十一月於叡山止觀院法師爲上首。與百餘人。受圓頓菩薩大戒。
L078,Place,台州,1,留學圓載。沙彌仁好。傔從始滿。朝貢使奏請。往台州學問。奉勑宜依所請。
L079,Place,台州國清寺,1,還學僧圓仁。沙彌惟正惟曉。水手丁雄滿...右請往台州國清寺尋師。
P065,Person,吉備眞備,1,勝寳四年爲入唐副使。廻日授正四位下。
P066,Person,吉備真備,6,"以從四位上吉備朝臣眞備爲入唐副使。; 備爲大宰大貳。從五位下小野朝臣田守爲少貳。外從五位下黄文連水分爲肥前守。
壬申。入唐廻使從四位上大伴宿祢古麻呂。吉備朝臣眞備並授正四位下。判官正六位上大伴宿祢御笠。巨萬朝臣大山並從五位下。自餘使下二百廿二人亦各有差。
癸未。大宰府言。入唐第四船; 五位下黄文連水分爲肥前守。
壬申。入唐廻使從四位上大伴宿祢古麻呂。吉備朝臣眞備並授正四位下。判官正六位上大伴宿祢御笠。巨萬朝臣大山並從五位下。自餘使下二百廿二人亦各有差。
癸未。大宰府言。入唐第四船判官正六位上布勢朝臣人主等來泊薩摩國石籬浦。
五月; 靈龜二年。年廿二。從使入唐。; 留學受業。研覽經史。該渉衆藝。"
P067,Person,吉士長丹,1,發遣大唐大使小山上吉士長丹，副使小乙上吉士駒。
P068,Person,吉士駒,1,副使小乙上吉士駒。
P069,Person,吉田連古麻呂,1,"外從五位下吉田連斐太麻呂從五位下。」從五位下藤原朝臣末茂爲左衛士員外佐。
壬午。授外從五位下吉田連古麻呂外正五位下。
甲申。以大宰少監正六位上下道朝臣長人爲遣新羅使。爲迎遣唐判官海上三狩等也。
戊子。授命婦從四位下巨勢朝臣巨勢野正四位下。
辛夘。授"
P070,Person,吉田連斐太麻呂,1,"」授正六位上大原眞人黒麻呂從五位下。
丁丑。散位從四位下佐伯宿祢三野卒。
庚辰。授外從五位下吉田連斐太麻呂從五位下。」從五位下藤原朝臣末茂爲左衛士員外佐。
壬午。授外從五位下吉田連古麻呂外正五位下。
甲申。以大宰少監正六位上下道朝臣長人爲遣新羅使。爲"
L080,Place,名徳於院,1,太子履祚。明年天皇屈圓仁於内裏。受菩薩戒。貞觀二年五月淳和太后請諸寺名徳於院裏。六ケ日間。講法華經。解坐之後。請留圓仁。受菩薩大戒。奉太后法名稱良祚。三年六月太皇太后藤原氏。請僧綱名僧於五條宮。四ケ日間。講
L081,Place,和押領元度等向蘇州,1,唐國。事畢欲歸。兵仗樣。甲冑一具。伐刀一口。槍一竿。矢二隻分付元度。又有内使。宣勅曰。特進秘書監藤原河清。今依使奏。欲遣歸朝。唯恐殘賊未平。道路多難。元度宜取南路先歸復命。即令中謁者謝時和押領元度等向蘇州。与刺史李■平章。造船一隻長八丈。并差押水手官越州浦陽府折衝賞紫金魚袋沈惟岳等九人水
P071,Person,和朝臣豊永,1,"大使醉而退出。
丙子。遣唐使朝拜。』豊後國人外從五位下吉弥侯龍麻呂賜姓貞道連。』授内舍人正六位上和朝臣豊永從五位下。
戊寅。賜入唐使節刀。大臣口宣。詞同去年。大使進賜節刀。■當于左肩退出。副使趨在大使前。相連而退。
壬午。遣唐大使藤原朝臣常嗣出自鴻臚。發"
L082,Place,唐→新羅,1,年，渤海靺鞨越海入寇登州。時興光族人金思蘭先因入朝留京師，拜為太僕員外卿，至是遣歸國發兵以討靺鞨，仍加授興光為開府儀同三司、寧海軍使。二十五年，興光卒，詔贈太子太保，仍遣左贊善大夫邢璹攝鴻臚少卿，往新羅弔祭，并冊立其子承慶襲
L083,Place,唐→新羅→日本,1,"冬十月乙丑朔乙亥，大唐學問僧清安、學生高向漢人玄理，傳新羅而至之。仍百濟、新羅朝貢之使共從來之。則各賜爵一級。
是月，徙於百濟宮。

十三年
冬十月己丑朔丁酉，天皇崩于百濟宮。
丙午，殯於宮北。是謂百濟大殯。是時東宮開別皇子，年十六而誄之。"
L084,Place,唐→日本,8,"法師依詔於紫宸殿修念五佛頂法。即預得度。其夏四月就唐泰信大増都受具戒。六月大唐使歸朝。秋八月; 對馬，以道人等十一皆請之欲留，乃上表而留之，因令住元興寺。
秋九月，小野臣妹子等至自大唐，唯通事福利不來。

十八年; 綿二百屯。
庚寅。玄蕃頭從五位上袁晋卿賜姓清村宿祢。晋卿唐人也。天平七年隨我朝使歸朝。時年十八九。學得文選爾雅音。爲大學音博士。於後。歴大學頭安房守。
戊戌。仰陸奥出羽。追蝦夷廿人。爲擬唐客拜朝儀衛也。
庚子。以從五位上藤原朝臣鷹取爲左中弁。從; 八十匹。綿二百屯。
庚寅。玄蕃頭從五位上袁晋卿賜姓清村宿祢。晋卿唐人也。天平七年隨我朝使歸朝。時年十八九。學得文選爾雅音。爲大學音博士。於後。歴大學頭安房守。
戊戌。仰陸奥出羽。追蝦夷廿人。爲擬唐客拜朝儀衛也。
庚子。以從五位上藤原朝臣鷹取爲左中弁。從; 六位下中臣朝臣人足。平羣朝臣安麻呂。正六位上高志連村君。國覓忌寸八嶋。幡文造通並授從五位下。
三月庚子。遣唐副使從五位下巨勢朝臣邑治等自唐國至。
庚申。從四位上下毛野朝臣古麻呂。請改下毛野朝臣石代姓爲下毛野川内朝臣。許之。
甲子。給鐵印于攝津伊勢等"
L085,Place,唐→日本・京師,1,"兵部曹司。問新羅使入朝之旨。而新羅國輙改本號曰王城國。因茲返却其使。
三月丙寅。入唐大使從四位上多治比眞人廣成等。自唐國至進節刀。
辛巳。朝拜。
夏四月戊申。授无位長田王。池田王並從四位下。正四位下百濟王南典。從四位上多治比眞人廣成並正四位上。"
L086,Place,唐→日本・大宰府,1,一日丁亥。於内裏、始修仏名懺悔之事。』是日。令大宰府、量唐人駱漢中并従二人衣粮。入唐求法僧智聡在彼廿余載、今年還此。漢中随智聡来。智聡曰。漢中是大唐処士。身多技芸、知其才藻、勧令同来。不事■ｻﾝ求、独取艱渋。願加優恤、以慰旅情。詔依請焉。』美濃
L087,Place,唐、五臺山,1,後遣沙門惠萼泛海入唐，以繡文袈裟，奉施定聖者僧伽和上康僧等以寶幡及鏡奩之具，施入五臺山寺。
L088,Place,唐・五臺山一帶（平谷→普通院）,1,"卷二

入唐求法巡禮行記卷三

卷四

→

〈入唐求法巡禮行記卷第三〉
([□@考]開成五年四月)
廿八日([□@考]廿八日至十六日記事重出而互有具略。兩文相異以線示之)入平谷。西行卅里。巳時到停點普通院前。始"
L089,Place,唐・天台山,1,山最澄法師。師大悦即落髪爲弟子。取自名一号爲圓澄。時年二十七焉。廿四年春。最澄師入唐以後。法師依詔於紫宸殿修念五佛頂法。即預得度。其夏四月就唐泰信大増都受具戒。六月大唐使歸朝。秋八月
L090,Place,唐・山東沿海（邵村浦→乳山）,1,綿等。此舶([□@考]舶或泊字)多有潛磯。每當浪漂斷纜。沈矴五六度矣。未後。搖櫓向乳山去。出邵村浦。從海裏行。未及半
L091,Place,唐・揚州,1,右圓仁等。日本國承和五年四月十三日隨朝貢使乘船。離本國界。大唐開成三年七月二日到揚州海陵縣白潮鎮。八月廿八日到揚州寄住開元寺。開成四年二月廿一日從揚州上船發。六月七日到文登縣青寧鄉寄住赤山新羅院。過一冬。今年二月十九日從赤山院發。今月二日黃昏到
L092,Place,唐・揚州→文登縣青寧鄉,1,"十三日隨朝貢使乘船。離本國界。大唐開成三年七月二日到揚州海陵縣白潮鎮。八月廿八日到揚州寄住開元寺。開成四年二月廿一日從揚州上船發。六月七日到文登縣青寧鄉寄住赤山新羅院。過一冬。今年二月十九日從赤山院發。今月二日黃昏到此開元寺宿。謹具事由如前。
開"
L093,Place,唐・揚州大雲寺,2,"真，揚州江陽縣人也，俗姓淳于，齊［大夫］髡之後也。

其父先就揚州大雲寺智滿禪師受戒，學禪門。大和上年十四，隨父入寺，見佛像感動心，因請父求出家；父奇其志，許焉。是時，大周則天長安元年有詔于天下諸州度僧，便［就］智滿禪師出家爲沙彌，配住大雲寺。; 志，許焉。是時，大周則天長安元年有詔于天下諸州度僧，便［就］智滿禪師出家爲沙彌，配住大雲寺。唐中宗孝和［聖］皇帝神龍元年，從道岸律師受菩薩戒。景龍元年杖錫東都，因入長安。其二年三月二十八日，於西京實際寺登壇受具足戒。荊州南泉寺弘景律師爲和上巡遊二京，"
L094,Place,唐・東都洛陽→長安,1,便［就］智滿禪師出家爲沙彌，配住大雲寺。唐中宗孝和［聖］皇帝神龍元年，從道岸律師受菩薩戒。景龍元年杖錫東都，因入長安。其二年三月二十八日，於西京實際寺登壇受具足戒。荊州南泉寺弘景律師爲和上巡遊二京，究學三藏。後歸淮南，教授戒律；江淮之間，獨爲化主。
L095,Place,唐・楚州,3,"得達本國(云々)。又楚州新羅譯語[A55]劉慎言。今年二月一日。寄仁濟送書云。送朝貢使。梢工水手。前年秋[A56]廻彼國。
玄濟闍梨。附書狀。; 。本國使賜留學僧。東絁卅五疋。帖綿十疊。長綿六十五屯。砂金二十五大兩。充學問䉼。朝貢使賜勾當王友真酒飲惜別。齋後。本國相公。喚留學僧。賜砂金。流淚慰別。圓澄偁。去月四日從長安發歸。十三日。至填州甘堂驛。擬留楚州。更不向揚州。官人等從在京之日。沈; 使賜留學僧。東絁卅五疋。帖綿十疊。長綿六十五屯。砂金二十五大兩。充學問䉼。朝貢使賜勾當王友真酒飲惜別。齋後。本國相公。喚留學僧。賜砂金。流淚慰別。圓澄偁。去月四日從長安發歸。十三日。至填州甘堂驛。擬留楚州。更不向揚州。官人等從在京之日。沈病辛苦。然去月十"
L096,Place,唐・楚州→新羅南→日本,2,貳從四位上南淵朝臣永河等。得今月十四日飛驛所奏。遣唐録事大神宗雄送大宰府牒状。知入唐三箇船嫌本舶之不完。倩駕楚州新羅船九隻。傍新羅南以歸朝。其第六船。宗雄所駕是也。餘八箇船。或隱或見。前後相失。未有; 事大神宗雄送大宰府牒状。知入唐三箇船嫌本舶之不完。倩駕楚州新羅船九隻。傍新羅南以歸朝。其第六船。宗雄所駕是也。餘八箇船。或隱或見。前後相失。未有
L097,Place,唐・牟平縣唐陽陶村南邊,1,"縣百六十里。去州三百里。從此東有新羅國。得好風。兩三日得到(云々)。船舶上官人。賜酒及綿。便作帖報州縣。緣天未晴。望見山頭未得顯然。東風吹。日暮霧彌暗。
十八日。改食法。日每人糒一升。水一升。東風不變。又此州但有粟。其粳米最貴(云々)。請益僧。"
L098,Place,唐・牟平縣唐陽陶村南邊→新羅方向,1,"州牟平縣唐陽陶村之南邊。去縣百六十里。去州三百里。從此東有新羅國。得好風。兩三日得到(云々)。船舶上官人。賜酒及綿。便作帖報州縣。緣天未晴。望見山頭未得顯然。東風吹。日暮霧彌暗。
十八日。改食法。日每人糒一升。水一升。東風不變。又此州但有粟。其"
L099,Place,唐・萊州/明州廬山邊,1,看。明日專詣於舶上。更令新羅人。留於岸上。傳語於道玄。轉為官人令申來由。便聞本國朝貢使。駕新羅船五隻。流著萊明([□@考]明恐州字)廬山之邊。餘之四隻。不知所去。雖聞是事。未詳是第幾之船。又聞大唐天子。為新羅王子賜王位。差使擬遣新羅排比其船。兼
L100,Place,唐・長安,10,"年
五月，釋道昭奉勑，從遣唐使小山長丹、副使小乙上掃守連泛海，緇侣同志者道嚴等十三人到長安，謁三蔵玄奘，即高宗永徽四年也。同年釋定惠随遣唐使浮海，乃到長安。

同五年
《唐録》曰：高宗永徽五年，倭國使献虎; 五月，釋道昭奉勑，從遣唐使小山長丹、副使小乙上掃守連泛海，緇侣同志者道嚴等十三人到長安，謁三蔵玄奘，即高宗永徽四年也。同年釋定惠随遣唐使浮海，乃到長安。

同五年
《唐録》曰：高宗永徽五年，倭國使献虎珀、馬瑙。高宗慰撫之，仍云：「王國與新羅、高麗; 志者道嚴等十三人到長安，謁三蔵玄奘，即高宗永徽四年也。同年釋定惠随遣唐使浮海，乃到長安。

同五年
《唐録》曰：高宗永徽五年，倭國使献虎珀、馬瑙。高宗慰撫之，仍云：「王國與新羅、高麗、百濟接近，若有危急，宜遣使救之。」

齊明天皇四年
七月，智通; 近，若有危急，宜遣使救之。」

齊明天皇四年
七月，智通、智達二師奉勑，乗新羅船入唐，受相宗於玄奘三藏。

天智天皇元年
三月，唐人、新羅人伐高麗，高麗乞救于我。

同三年
《海外國記》曰：天智天皇三年四月，大唐客來朝。大使朝散大夫上柱國郭務悰; ，釋空海從遣唐使金紫光禄大夫藤賀能。八月，著衡州界，乃德宗貞元二十年也。十二月，到長安。七月，釋最澄從遣唐使菅清公，著明州界。
《唐録》曰：貞元廿年，遣使來朝，留學生橘逸成、學問僧空海。

同二十四年
五月，最澄乗大使藤賀能舶，著長州。

平城天"
L101,Place,唐・長安→日本,2,謂曰。經論深妙不能究竟。不如學禪流傳東土。和尚奉教。始習禪定。所悟稍多。於後隨使歸朝。臨訣。三藏以所持舎利經論。咸授和尚而曰。人能弘道。今以斯文附; 。又謂曰。經論深妙不能究竟。不如學禪流傳東土。和尚奉教。始習禪定。所悟稍多。於後隨使歸朝。臨訣。三藏以所持舎利經論。咸授和尚而曰。人能弘道。今以斯文附
L102,Place,唐・長安・西京實際寺,1,岸律師受菩薩戒。景龍元年杖錫東都，因入長安。其二年三月二十八日，於西京實際寺登壇受具足戒。荊州南泉寺弘景律師爲和上巡遊二京，究學三藏。後歸淮南，教授戒律；江淮之間，獨爲化主。於是興建佛
L103,Place,唐・長安資聖寺,1,"寺。謹具如前。謹牒。牒件狀如前。謹牒
會昌三年五月廿六日　日本國求法圓仁謹牒
〈入唐求法巡禮行記卷第三〉"
L104,Place,唐人嵩山忌寸道光,1,唐人外従五位下嵩山忌寸道光...遠辞本蕃、帰投国家
C009,Culture,唐人李法□,1,唐人大學權大属正六位上李法□...給月俸。愍其覊旅也。
P072,Person,唐人袁晋卿,2,"綿二百屯。
庚寅。玄蕃頭從五位上袁晋卿賜姓清村宿祢。晋卿唐人也。天平七年隨我朝使歸朝。時年十八九。學得文選爾雅音。爲大學音博士。於後。歴大學頭安房守。
戊戌。仰陸奥出羽。追蝦夷廿人。爲擬唐客拜朝儀衛也。
庚子。以從五位上藤原朝臣鷹取爲左中弁。從; 八十匹。綿二百屯。
庚寅。玄蕃頭從五位上袁晋卿賜姓清村宿祢。晋卿唐人也。天平七年隨我朝使歸朝。時年十八九。學得文選爾雅音。爲大學音博士。於後。歴大學頭安房守。
戊戌。仰陸奥出羽。追蝦夷廿人。爲擬唐客拜朝儀衛也。
庚子。以從五位上藤原朝臣鷹取爲左中弁。從"
C010,Culture,唐人詩文集多種,1,入唐新求聖教目錄中記圓仁齎歸書，有唐人詩文集多種
G013,Group,唐使孫興進等歸國,3,"辞。不勝悵戀。
丙寅。前學生阿倍朝臣仲麻呂在唐而亡。家口偏乏。葬礼有闕。勅賜東■一百疋。白綿三百屯。
丁夘。唐使孫興進等歸國。
己巳。授散位正六位上百濟王元徳從五位下。
閏五月甲申。贈故河内守; 丙寅。前學生阿倍朝臣仲麻呂在唐而亡。家口偏乏。葬礼有闕。勅賜東■一百疋。白綿三百屯。
丁夘。唐使孫興進等歸國。
己巳。授散位正六位上百濟王元徳從五位下。
閏五月甲申。贈故河内守; 卿等好去。孫興進等奏。臣等多幸。得謁天闕。今乍拜辞。不勝悵戀。
丙寅。前學生阿倍朝臣仲麻呂在唐而亡。家口偏乏。葬礼有闕。勅賜東■一百疋。白綿三百屯。
丁夘。唐使孫興進等歸國。
己巳。授散位正六位上百濟王元徳從五位下。
閏五月甲申。贈故河内守"
G014,Group,唐使粟田朝臣眞人等發,1,分者。唯聽帶仗。勿令建旗。又奏曰。往時遣唐使粟田朝臣眞人等發從楚州。到長樂驛。五品舍人宣勅勞問。此時未見拜謝之禮。又新羅朝貢使王子泰廉入京之日。官使宣命。賜以迎馬。客徒斂轡。馬上答謝。但渤海國使。皆悉下馬。再拜舞踏。今領唐客。准據何例者。進退之
P073,Person,唐僧栖白,1,其歸國也，唐僧栖白贈以詩云：家山臨晚日，海路信歸橈...（見全唐詩）
C011,Culture,唐僧法惠,1,留唐僧法惠。令住觀音寺。以備通事。
P074,Person,唐制,1,昔唐制。丁男中男給田一頃。殘疾癈疾册畝。寡妻妾卅畝。差降之法誠非無故。
P075,Person,唐各地,1,"卷二

入唐求法巡禮行記卷三

卷四

→

〈入唐求法巡禮行記卷第三〉
([□@考]開成五年四月)
廿八日([□@考]廿八日至十六日記事重出而互有具略。兩文相異以線示之)"
L105,Place,唐各地佛寺,1,"忠闍梨來。
〈入唐求法巡禮行記卷第四〉
(池田長田氏藏本奧書)
文化二年二月十三日以比叡山飯室谷松禪院御本書寫畢
慧日山津金教寺住持法印大僧都長海
(東寺觀智院藏本奧書)
明德二"
C012,Culture,唐国佛像,1,請入唐求法僧最澄於殿上。悔過讀經。最澄獻唐国佛像。
L106,Culture,唐國信物,1,丙午。遣使奉唐國信物於山科陵。
L107,Place,唐國新樣,1,造東海。南海。西海等道節度使料綿襖冑各二万二百五十具於大宰府。其製一如唐國新樣。
L108,Place,唐國楊州海陵縣,2,"明天皇
承和初，釋真濟奉勑入唐。

承和五年
釋惠運入唐。
六月二十二日，釋圓仁從大使尚書右丞藤常嗣上第一舶。七月二日，着唐國楊州海陵縣，則文宗開成三年也。仁出帝京，歷鄭、密二州，到登州押新羅使張詠宅。初，漂着登州時，詠以嘗來日本，受國恩，待仁甚厚，至此又能慰勞。其年春，唐商船從越州赴日本，風濤漂逸，返登州界。至秋又發，適聞仁歸，歸; 元寺沙門契元勒事刻琬玦，題曰：「日本國首傳禪宗記」，附舶寄來。

仁明天皇
承和初，釋真濟奉勑入唐。

承和五年
釋惠運入唐。
六月二十二日，釋圓仁從大使尚書右丞藤常嗣上第一舶。七月二日，着唐國楊州海陵縣，則文宗開成三年也。仁出帝京，歷鄭、密二州，到登州押新羅使張詠宅。初，漂着登州時，詠以嘗來日本，受國恩，待仁甚厚，至此又"
L109,Place,唐國諸寺,1,"戒律；江淮之間，獨爲化主。於是興建佛事，濟化羣生，其事繁多，不可具載。

日本［國］天平五年，歲次癸酉，沙門榮叡、普照等隨遣唐大使丹墀真人廣成，至唐國留學。是［歲］，唐開元二十一年也。唐國諸寺三藏、大德，皆以戒律爲入道之正門；若有不持戒者，不齒於僧中。於是，方知本國無傳戒人。仍請東都大福［先］寺沙門道璿律師，附副使中臣朝臣名代之［舶］，先向本國去，擬爲"
P076,Person,唐地方官人,1,"縣百六十里。去州三百里。從此東有新羅國。得好風。兩三日得到(云々)。船舶上官人。賜酒及綿。便作帖報州縣。緣天未晴。望見山頭未得顯然。東風吹。日暮霧彌暗。
十八日。改食法。日每人糒一升。水一升。東風不變。又此州但有粟。其粳米最貴(云々)。請益僧。"
L110,Culture,唐學法沙門,3,"成。奉表以聞。并請來新譯經等目
録一卷。且以奉進輕黷威嚴。伏増戰越。沙門
空海誠恐誠惶謹言
　　大同元年十月二十二日
　入唐學法沙門空海上表　 
入唐學法沙門空海大同元年請來經律論疏
章傳記。并佛菩薩金剛天等像。三昧耶曼陀
羅。法曼陀羅。傳法阿闍梨等影及道具。竝阿
闍梨付囑物等目録都合六種。就中
　　新譯等經都一百四十二部; 等目
録一卷。且以奉進輕黷威嚴。伏増戰越。沙門
空海誠恐誠惶謹言
　　大同元年十月二十二日
　入唐學法沙門空海上表　 
入唐學法沙門空海大同元年請來經律論疏
章傳記。并佛菩薩金剛天等像。三昧耶曼陀
羅。法曼陀羅。傳法阿闍梨等影及道具。竝阿
闍梨付囑物等目録都合六種。就中
　　新譯等經都一百四十二部二百四十七卷
梵字眞言讃等; 黷威嚴。伏増戰越。沙門
空海誠恐誠惶謹言
　　大同元年十月二十二日
　入唐學法沙門空海上表　 
入唐學法沙門空海大同元年請來經律論疏
章傳記。并佛菩薩金剛天等像。三昧耶曼陀
羅。法曼陀羅。傳法阿闍梨等影及道具。竝阿
闍梨付囑物等目録都合六種。就中
　　新譯等經都一百四十二部二百四十七卷
梵字眞言讃等都四十二部四十"
P077,Person,唐客,1,以從五位下布勢朝臣清直爲送唐客使。正六位上甘南備眞人清野。從六位下多治比眞人濱成爲判官。
L111,Place,唐朝廷,8,"得達本國(云々)。又楚州新羅譯語[A55]劉慎言。今年二月一日。寄仁濟送書云。送朝貢使。梢工水手。前年秋[A56]廻彼國。
玄濟闍梨。附書狀。; 經)。弟子僧惟正(年卅一)。僧惟曉(年卅二竝習法花經)。
右圓仁等。為求佛教。隨朝貢使過海。去開成五年八月廿三日。奉使處分。權寄住資聖寺。謹具如前。謹牒。牒件狀如前。謹牒
會昌三年五月廿六日　日本國求法圓仁謹牒
〈入唐求法巡禮行記卷第三〉; 看。明日專詣於舶上。更令新羅人。留於岸上。傳語於道玄。轉為官人令申來由。便聞本國朝貢使。駕新羅船五隻。流著萊明([□@考]明恐州字)廬山之邊。餘之四隻。不知所去。雖聞是事。未詳是第幾之船。又聞大唐天子。為新羅王子賜王位。差使擬遣新羅排比其船。兼; 日本國求法僧圓仁弟子僧惟正惟曉行者丁雄滿
右圓仁等。日本國承和五年四月十三日隨朝貢使乘船。離本國界。大唐開成三年七月二日到揚州海陵縣白潮鎮。八月廿八日到揚州寄住開元寺。開成四年二月廿一日從揚州上船發。六月七日到文登縣青寧鄉寄住赤山新羅院。過一; 唐會要》曰：「開成四年四月，遣使藤原常嗣等來朝貢。」

清和天皇貞觀三年
釋宗睿入唐請益，乃懿宗咸通三年也。而返明州望海鎮，會李延考赴日本寮，共泛舶，凡三日夜，着大宰府，年丁亥也。

同四年
釋真如泛海入唐，遍詢名德，不充如意，遂杖錫西邁。元慶"
C013,Culture,唐求法,3,"卷一

入唐求法巡禮行記卷二

卷三

→

〈入唐求法巡禮行記卷第二〉
([□@考]開成四年四月)十九日平明。天晴。北風吹。舉矴南出。未時風止。搖櫓指西南行。申時。到邵村浦下矴繫住。當於陶村之西南。擬入於澳。逆潮遄; 不敢作輕蔑之心。若逢驢畜。亦起疑心。恐是文殊化現歟。舉目所見。皆起文殊所化之想。聖靈之地。使人自然對境起崇重之心也。
〈入唐求法巡禮行記卷第二〉; 入唐求法巡禮行記卷一

卷二

→

〈入唐求法巡禮行記卷第一〉
承和五年。六月十三日午時。第一第四兩舶。諸使駕舶。緣無順風。停宿三箇日。
十七日夜半。得嵐風上帆搖艫行。巳時到志賀嶋東海。為无信風。五箇日停宿"
C014,Culture,唐法,1,天下儀式。男女衣服。皆依唐法。五位已上位記。改從漢樣。諸宮殿院堂門閣。皆著新額。
C015,Culture,唐禮一百卅卷、太衍暦經、樂書要録十卷,1,辛亥。入唐留學生從八位下下道朝臣眞備獻唐禮一百卅卷。太衍暦經一卷太衍暦立成十二卷。測影鐵尺一枚。銅律管一部...樂書要録十卷。
P078,Person,唐高祖,1,畢遣其特勤康稍利等獻馬千匹，會于絳郡，又遣二千騎助軍，從平京城。及高祖即位，前後賞賜，不可勝紀。始畢自恃其功，益驕踞，每遣使者至長安，頗多橫恣，高祖以中原未定，每優容之。武德元年，始畢使骨咄祿特勤來朝，宴于太極殿，奏九部樂，賚錦
L112,Place,唐（揚州・五臺山・長安等）,1,"忠闍梨來。
〈入唐求法巡禮行記卷第四〉
(池田長田氏藏本奧書)
文化二年二月十三日以比叡山飯室谷松禪院御本書寫畢
慧日山津金教寺住持法印大僧都長海
(東寺觀智院藏本奧書)
明德二"
L113,Place,唐（薦福寺・興善寺・青龍寺等）,1,曼荼。寧樂半紀而叨爲首顉之浮事。儻値大唐商客李處人等化來。和尚就他要望。乗公歸船入唐。巡禮薦福興善曼茶羅道場。得見靑龍寺義眞和尚。請益於祕宗。兼看南岳五臺之聖迹。船主許諾云。東西任命。駈馳隨力。遂則承和九年。卽大唐會昌二年〈歳次壬戌〉夏五月端午
P079,Person,善議,2,法師、入唐學問道慈大徳之入室也。; 入唐學問道慈大徳之入室也。
L114,Place,四年六月內到文登縣,1,源。大聖之化處。西天高僧。踰險遠投。唐國名德。遊[A20]茲得道。圓仁等。舊有欽羨。涉海訪尋。未遂宿願。去開成四年六月內到文登縣青寧鄉赤山新羅院。隔生緣([□@考]緣下脫於字)滄溟。忘懷土於海岸。今欲往諸方禮謁聖跡。尋師學法。恐所在州縣關津口鋪。及
P080,Person,因得,1,四日，弟子惟曉卒，時痼疾已七月。仁為籌殯葬，益感愴作速歸計。武宗之毀寺驅僧，以會昌五年為極峯。圓仁亦以此時被命還俗，因得歸國機會。五月十五日發長安，信士楊敬之、李元佐等餞之，依依惜別曰：「吾國教法，隨和尚東矣！」元佐求其衲衣，頂戴以慰離緒。圓仁蓄髮易俗人裝，經鄭州、汴州(河南祥符)、泗州(安微盱眙)而下
P081,Person,因言其國,1,"十一月，唐務悰來，釋道旻從之。

天武天皇七年
釋定惠伴百濟使而至。
《唐録》曰：則天長安三年，日本國遣其大臣朝臣真人來貢方物。因言其國近日所出，故号曰日本國。

同十四年
沙門觀常、雲觀二比丘從國使歸。

持統皇帝元年
沙門智隆至自新羅。

同三年
四月，新羅王吊先皇喪，献彌陀、觀音、勢至三銅像及珍物。於是，召新羅使，責其"
P082,Person,圓仁,6,"惣持院。興隆佛法。於是。勅惣持院安置十四僧。永令修法。仁壽四年四月勅以圓仁爲廷暦寺座主。齊衡三年三月天皇屈圓仁於冷然院。受兩部潅頂。天安二年八月天皇崩。十二月皇太子履祚。明年天皇屈圓仁於内裏。受菩薩戒。貞觀二年五月淳和太后請諸寺名徳於院裏。六ケ日間。講法華經。解坐之後。請留圓仁。受菩薩大戒。奉太后法名稱良祚。三年六月太皇太后藤原; 仁爲廷暦寺座主。齊衡三年三月天皇屈圓仁於冷然院。受兩部潅頂。天安二年八月天皇崩。十二月皇太子履祚。明年天皇屈圓仁於内裏。受菩薩戒。貞觀二年五月淳和太后請諸寺名徳於院裏。六ケ日間。講法華經。解坐之後。請留圓仁。受菩薩大戒。奉太后法名稱良祚。三年六月太皇太后藤原氏。請僧綱名僧於五條宮。四ケ日間。講; 太子履祚。明年天皇屈圓仁於内裏。受菩薩戒。貞觀二年五月淳和太后請諸寺名徳於院裏。六ケ日間。講法華經。解坐之後。請留圓仁。受菩薩大戒。奉太后法名稱良祚。三年六月太皇太后藤原氏。請僧綱名僧於五條宮。四ケ日間。講; 縣館。西北行廿里。到竪泰([□@考]泰東本作紊)孫花茂宅斷中。不報直入宅裏。得主人恠。但主心慇懃。齋後望西北行卅里。到蓬萊縣管內望仙鄉王庭村寺宿。入夜雷雨。唐國行五里立一候子。行十里立二候子。築土堆四角。上狹下闊。高四尺或五尺六尺不定。曰喚之為里隔柱。二日平明發。行廿里到安香村庭彥宅齋。行廿里到登州入開元寺宿。登州去赤山浦四百里。乍行山阪蹈破脚。策杖膝步而行矣。城南地界所由喬改來請行由。仍書行曆與之如左。
日本國求法僧圓仁弟子僧惟正惟曉行者丁雄滿
右圓仁等。日; 築土堆四角。上狹下闊。高四尺或五尺六尺不定。曰喚之為里隔柱。二日平明發。行廿里到安香村庭彥宅齋。行廿里到登州入開元寺宿。登州去赤山浦四百里。乍行山阪蹈破脚。策杖膝步而行矣。城南地界所由喬改來請行由。仍書行曆與之如左。
日本國求法僧圓仁弟子僧惟正惟曉行者丁雄滿
右圓仁等。日"
P083,Person,圓珍,1,圓珍奉詔入唐。傳得眞言天台兩宗教文。
P084,Person,圓珍夢山,1,"元佐及衆官皆曰：「我國教法随和尚東矣，斯方志道者，後當入日本國。」元佐送護四十里。

嘉祥三年
釋圓珍夢山王明神告曰：「入唐求法，勿爲留滯。」珍夢中曰：「此來入"
P085,Person,圓載,5,天台留學僧圓載從仁好及僧惠蕚等至自大唐。; 涕淚難耐。即就其船遷國[A2]信物。錄事一人。知乘船事二人。學問僧圓載等已下廿七人。同遷乘之。指陸發去。午時到江口。未時到揚州海陵縣白潮鎮桑田鄉東梁豐村。日本國承和五年七月二日。即大唐開成三年七月二日。雖年號殊。而月日共同。留學僧等到守捉軍中季賓宅停宿。聞大使以六月廿九日未時。離船。以後漂流之間。風強濤猛。怕船將沈。捨矴擲物。口稱觀音妙; 。乍聞驚悲。涕淚難耐。即就其船遷國[A2]信物。錄事一人。知乘船事二人。學問僧圓載等已下廿七人。同遷乘之。指陸發去。午時到江口。未時到揚州海陵縣白潮鎮桑田鄉東梁豐村。日本國承和五年七月二日。即大唐開成三年七月二日。雖年號殊。而月日共同。留學僧等到守捉軍中季賓宅停宿。聞大使以六月廿九日未時。離船。以後漂流之間。風強濤猛。怕船將沈。捨矴擲物; 大宰府傳進入唐留學僧圓載上表。; 留學圓載。沙彌仁好。傔從始滿。朝貢使奏請。往台州學問。奉勑宜依所請。
P086,Person,圓載之弟子仁好、順昌,1,癸亥。入唐留學天台宗僧圓載之弟子仁好。順昌。与新羅人張公靖等廿六人。來着於長門國。
P087,Person,土師宿禰甥,1,大唐學生土師宿禰甥、白豬史寶然，及百濟役時沒大唐者豬使連子首、筑紫三宅連得許，傳新羅至。
P088,Person,坂合部宿祢大分,1,右兵衛率直廣肆坂合部宿祢大分爲副使。
P089,Person,坂合部連石布,1,遣小錦下坂合部連石布、大仙下津守連吉祥，使於唐國。
G015,Group,坂合部連稻積等五人,1,"人所滅。便東漢長直阿利麻、坂合部連稻積等五人，盜乘嶋人之船，逃到括州。州縣官人送到洛陽之京。
十六日，夜半之時，吉祥連船，行到越州會稽縣須岸山。東北風，風太急。
二十三日，行到餘姚縣。所乘大船及諸調度之物留著彼處。
潤十月一日，行到越州之底。
十"
L115,Place,塗里浦,3,附朝唐賀正之使。令尋靈仙所在將送其金。待使復佇付金否。而隔海程途。過期不返。後年朝唐使人却廻之日。方知前年使等從海却歸。到塗里浦。疾風暴起。皆悉陷沒。亦悉往五臺覓靈仙。送金之時。靈仙遷化。不得付与。其金同陷沒。以此其後文矩入覲。啓中縷陳事由。冀達天皇。文矩不遂覲礼。將啓却歸。今再述失金事由。故遣賀福延輸申誠志。伏望體悉。』又中; 意。轉附朝唐賀正之使。令尋靈仙所在將送其金。待使復佇付金否。而隔海程途。過期不返。後年朝唐使人却廻之日。方知前年使等從海却歸。到塗里浦。疾風暴起。皆悉陷沒。亦悉往五臺覓靈仙。送金之時。靈仙遷化。不得付与。其金同陷沒。以此其後文矩入覲。啓中縷陳事由。冀達天皇。文矩不遂覲礼。將啓却歸。今再述失金事由。故遣賀福延輸申誠志。伏望體; 睿意。轉附朝唐賀正之使。令尋靈仙所在將送其金。待使復佇付金否。而隔海程途。過期不返。後年朝唐使人却廻之日。方知前年使等從海却歸。到塗里浦。疾風暴起。皆悉陷沒。亦悉往五臺覓靈仙。送金之時。靈仙遷化。不得付与。其金同陷沒。以此其後文矩入覲。啓中縷陳事由。冀達天皇。文矩不遂覲礼。將啓却歸。今再述失金事由。
P090,Person,壹伎嶋,2,第一第四舶。忽遇逆風。流着壹伎嶋。; 遣唐三ケ舶。共指松浦郡旻樂埼發行。第一第四舶。忽遇逆風。流着壹伎嶋。
L116,Place,多安江,1,大唐商人崔鐸等六十三人駕一隻船、来着管筑前国...崔鐸言。従大唐台州、載貴国使多安江等、頗賚貨物。六月一日解纜、今日得投聖岸。
P091,Person,多治比眞人,1,遣唐押使從四位下多治比眞人。
P092,Person,多治比眞人廣成,3,遣唐大使從四位上多治比眞人廣成等拜朝。; 十一月丁丑。入唐大使從四位上多治比眞人廣成等來著多祢嶋。; 天平六年。遣唐使正三位行中納言兼皇太子傅式部卿多治比眞人廣成入唐之日。改作丹。
L117,Place,多治比眞人縣守,4,"赦除之。其癈疾之徒。不能自存。量加賑恤。仍令長官親自慰問。兼給湯藥。僧尼亦同。布告天下知朕意焉。
壬申。多治比眞人縣守等自唐國至。
甲戌。進節刀。此度使人略無闕亡。前年大使從五位上坂合部宿祢大分亦隨而來歸。
三年春正月庚寅朔。廢朝。大風也。」以舶二艘。獨底船十艘。充大宰府。
辛夘。天皇御大極殿。受朝。從四位上藤原朝臣武智麻呂。; 以從四位下多治比眞人縣守爲遣唐押使。從五位上阿倍朝臣安麻呂爲大使。正六位下藤原朝臣馬養爲副使。; 己酉。遣唐押使從四位下多治比眞人縣守賜節刀。; 庚辰。大宰府言。遣唐使從四位下多治比眞人縣守來歸。"
P093,Person,多祢嶋,1,十一月丁丑。入唐大使從四位上多治比眞人廣成等來著多祢嶋。
P094,Person,大伴宿祢古麻呂,1,從五位下大伴宿祢古麻呂爲副使。
L118,Place,大伴宿祢古麻呂自唐國,1,"官諸蕃朝賀。天子於蓬莱宮含元殿受朝。是日。以我次西畔第二吐蕃下。以新羅使次東畔第一大食國上。古麻呂論曰。自古至今。新羅之朝貢大日本國久矣。而今列東畔上。我反在其下。義不合得。時將軍呉懷實見知古麻呂不肯色。即引新羅使。次西畔第二吐蕃下。以日本使次東畔第一大食國上。
二"
L119,Place,大伴宿祢山守,1,以從五位下大伴宿祢山守。代爲遣唐大使。
P095,Person,大伴部博麻,1,"大伴部博麻，從新羅送使大奈末金高訓等，還至筑紫。
戊戌，天皇至自紀伊。
冬十月甲辰朔戊申，天皇幸吉野宮。
癸丑，大唐學問僧智宗等，至于京師。
戊午，遣使者，詔筑紫大宰河內王等曰：「饗新羅送使大奈末金高訓"
P096,Person,大僧都行賀,1,）桓武天皇延暦廿二年二月己未。大僧都伝灯大法師位行賀卒。云々。法師、生年廿五被充入唐留学、々唯識法花両宗。住唐卅一年、帰来之日、歴試其才。東大寺僧明一、難問宗義、頗有所塞。罵曰。費粮両国、学植庸浅。何違朝寄、不実帰乎。法師大愧、涕泣滂沱。久在他
C016,Culture,大元帥畫像,1,令大宰府進上自大唐所奉請大元帥畫像。
P097,Person,大原眞人黒麻呂,1,"唐。事畢而歸。海中船斷。石根及唐送使趙寳英等六十三人。同時沒死。故並有此贈也。」授正六位上大原眞人黒麻呂從五位下。
丁丑。散位從四位下佐伯宿祢三野卒。
庚辰。授外從五位下吉田連斐太麻呂從五位下。」從五位下藤原朝臣末茂爲左衛士員外佐。
壬午。授外從五"
L120,Place,大周楚州塩城縣,1,正四位下粟田朝臣眞人自唐國至。初至唐時...荅曰。是大周楚州塩城縣界也。
P098,Person,大和国広瀬郡,2,"）廿二年癸未二月己未日。大僧都行賀卒。春秋七十有五也。俗姓上毛野公、大和国広瀬郡人也。生年十五出家、廿受具足戒、廿五被宛入唐留学、学唯識法花両宗。住唐卅一年、帰来之日、歴試身才。東大寺僧明一、難問宗義、; 。
（『扶桑略記』）廿二年癸未二月己未日。大僧都行賀卒。春秋七十有五也。俗姓上毛野公、大和国広瀬郡人也。生年十五出家、廿受具足戒、廿五被宛入唐留学、学唯識法花両宗。住唐卅一年、帰来之日、歴試身才。東大寺僧明一、難問宗義、"
P099,Person,大和宿祢長岡,1,靈龜二年。入唐請益。凝滯之處。多有發明。
L121,Place,大唐七人與肅慎二人,1,丁未、以務廣肆等位、授大唐七人與肅慎二人。
L122,Place,大唐人、百濟人、高麗人,1,二月丁丑朔庚辰，大唐人、百濟人、高麗人并百四十七人賜爵位。
L123,Place,大唐使,1,法師依詔於紫宸殿修念五佛頂法。即預得度。其夏四月就唐泰信大増都受具戒。六月大唐使歸朝。秋八月
L124,Culture,大唐六典,1,但大唐六典注云。自大明宮。夾東羅城複道。經通化門磴道。而入興慶宮焉。
L125,Place,大唐商人李延孝等六十三人,1,大唐商人李延孝等六十三人。
L126,Place,大唐天子,1,"聞是事。未詳是第幾之船。又聞大唐天子。為新羅王子賜王位。差使擬遣新羅排比其船。兼賜祿了。
廿五日。風吹不定。霧氣未晴。午時。昨日後岸歸去押衙之判官寄王教言。贈與於官人酒魚等。王教言。亦自獻酒餅等來。官人賜綿等。此舶([□@考]舶或泊字)多有潛磯"
L127,Place,大唐學問僧智宗・義德・淨願・大伴部博麻,1,"學問僧智宗、義德、淨願，軍丁筑紫國上陽咩郡大伴部博麻，從新羅送使大奈末金高訓等，還至筑紫。
戊戌，天皇至自紀伊。
冬十月甲辰朔戊申，天皇幸吉野宮。
癸丑，大唐學問僧"
L128,Place,大唐學問僧清安・學生高向漢人玄理,1,"冬十月乙丑朔乙亥，大唐學問僧清安、學生高向漢人玄理，傳新羅而至之。仍百濟、新羅朝貢之使共從來之。則各賜爵一級。
是月，徙於百濟宮。

十三年
冬十月己丑朔丁酉，天皇崩于百濟宮。
丙午，殯於宮北。是謂百濟大殯。是時東宮開別皇子，年十六而誄之。"
L129,Place,大唐揚州海陵縣淮南鎮大江口,1,此是大唐揚州海陵縣淮南鎮大江口。即召其商人兩人。上船向淮南
L130,Place,大唐揚州海龍縣,1,邂逅屆大唐揚州海龍縣桑田鄉桑梓浦上，來朝長安。
L131,Place,大唐温州樂城縣,2,舊船。便採島裏楠木。更新織作船舶。三箇月日。其功巳訖。秋八月二十四日午後。上帆過太陽海入唐。〈得正東風六箇日夜法〔流歟〕著大唐温州樂城縣玉留鎭府前頭。〉經五箇年。巡禮求學。承和十四年。卽大唐大中二年〈歳次丁卯〉夏六月二十二日。乗唐張支信元浄等之船。從明州望海鎭頭上帆。〈得西南風三箇日夜。纔歸著遠値嘉島那留浦。纔入浦口。風卽止。學船歎云; 嘉島那留浦。而船主李處人等。弃唐來舊船。便採島裏楠木。更新織作船舶。三箇月日。其功巳訖。秋八月二十四日午後。上帆過太陽海入唐。〈得正東風六箇日夜法〔流歟〕著大唐温州樂城縣玉留鎭府前頭。〉經五箇年。巡禮求學。承和十四年。卽大唐大中二年〈歳次丁卯〉夏六月二十二日。乗唐張支信元浄等之船。從明州望海鎭頭上帆。〈得西南風三箇日夜。纔
P100,Person,大宅臣福主,1,山城國人遣唐史生大宅臣福主改臣賜朝臣。
L132,Place,大宰府,12,縁齊詮等求法入唐也。; 遣唐副使小野朝臣篁發自鴻臚。向大宰府。; 大使上奏。更復卜定。換其次第。第二舶改爲第一。; 令大宰府進上自大唐所奉請大元帥畫像。; ，教法甚盛，然最上禪宗未有傳也。願得師之一枝佛法，爲吾土宗門之根抵，不亦宜乎？」國師令室中上首義空充其請。空便共蕚泛海，著大宰府。蕚先馳奏，勑迎空，館於京師東寺之西院。皇帝賚賜甚渥，太后創檀林寺居焉，時時問道。蕚再入支那，乞蘇州開元寺沙門契元勒事刻琬玦，題曰：「日
L133,Place,大宰府→唐,1,"三行爲隼人正。
壬申。授川部酒麻呂外從五位下。酒麻呂肥前國松浦郡人也。勝寳四年。爲入唐使第四船柁師。歸日海中順風盛扇。忽於船尾失火。其炎覆艫而飛。人皆惶遽不知爲計。時酒麻呂廻柁。火乃傍出。手雖燒爛。把柁不動。因遂撲滅。以存人物。以功"
L134,Place,大宰府管轄海岸,1,"与持節使等。共果國命。
八月戊戌朔。大宰府馳驛。奏遣唐使第三舶水手等十六人駕編板漂着之状。
己亥。勅符遣唐大使藤原朝臣常嗣。省"
L135,Place,大宰府觀音寺,1,留唐僧法惠。令住觀音寺。以備通事。
L136,Place,大宰府（上報）,1,"与持節使等。共果國命。
八月戊戌朔。大宰府馳驛。奏遣唐使第三舶水手等十六人駕編板漂着之状。
己亥。勅符遣唐大使藤原朝臣常嗣。省"
L137,Place,大宰府（馳驛奏報）,1,宜令五畿内七道諸國司轉讀般若走幣名神。』▼是日。大宰府馳驛。奏遣唐使第一第四兩船漂蕩却廻之状。兩船密封奏。同
L138,Place,大山寺,1,"。於大納言宅。奉啟伴右中辨小野宰相宅。皆有狀。竝付小野少貳訖。
廿八日於大山寺始入唐時所祈金剛般若五仟卷。皆先馳使。奉送綵帛。同日。早朝一時發遣綵帛使訖。便轉經。同日。為竈門大神轉一千卷。
廿九日午前"
P101,Person,大春日朝臣清足,1,唐女李自然授従五位下。大春日朝臣清足之妻也。入唐娶自然為妻。帰朝之日、相随而来。
P102,Person,大春日朝臣真野麻呂,1,先是、曆博士大春日朝臣真野麻呂上請：「以開元大衍曆經造曆年久，而今檢大唐開成四年大中三年兩年曆...依五紀暦經造之。」
P103,Person,大神朝臣末足,1,以左中弁兼中衛中將鑄錢長官從五位上小野朝臣石根。備中守從五位下大神朝臣末足並爲副使。
L139,Place,大興善寺,1,數月受五瓶潅頂。被許傳法也。
L140,Place,大興善寺翻經院,1,礼拜大興善寺翻經院元政阿闍梨。屈請以爲師。始學金剛界大教。
P104,Person,大隅國,1,遣唐知乘船事菅原梶成等所駕第二舶廻着於大隅國。
L141,Place,大雲寺,1,志，許焉。是時，大周則天長安元年有詔于天下諸州度僧，便［就］智滿禪師出家爲沙彌，配住大雲寺。唐中宗孝和［聖］皇帝神龍元年，從道岸律師受菩薩戒。景龍元年杖錫東都，因入長安。其二年三月二十八日，於西京實際寺登壇受具足戒。荊州南泉寺弘景律師爲和上巡遊二京，
L142,Culture,天台宗,1,延暦寺僧傳灯大法師位義眞奏言。天台一門。已立圓宗。
L143,Place,天台山,1,㝡澄和尚。貞元廿一年。入天台。
L144,Place,天台山、長安,1,便向天台。兼往長安。節下不逆斯謀。
L145,Culture,天台教法,1,後歸本國。深喜得達。所將天台教法。
L146,Culture,天台智者教五百餘卷,1,錢俶置書於其國主，奉黄金五百兩，求寫其本，盡得之。
P105,Person,天子,1,廿三年七月渡海到唐。与大使倶謁天子。得蒙顧眄。
P106,Person,天皇,6,"使參議常嗣。副使篁。命五位以上賦春晩陪餞入唐使之題。日暮群臣献詩。副使同亦献之。但大使醉而退出。
丙子。遣唐使朝拜。』豊後國人外從五位下吉弥侯龍麻呂賜姓貞道連。』授内舍人正六位上和朝臣豊永從五位下。
戊寅; 酉。美作國飢。振給之。
甲戌。賜餞入唐大使參議常嗣。副使篁。命五位以上賦春晩陪餞入唐使之題。日暮群臣献詩。副使同亦献之。但大使醉而退出。
丙子。遣唐使朝拜。』豊; 故賜務大肆，并絁五匹、綿十一屯、布三十端、稻一千束、水田四町。; 今案。大唐玄宗開元十年。撰御註孝經; 大臣命常嗣朝臣云。今勅〈久〉。汝銜國命。遠渉滄海。毎聞險難。憐愍殊深。仍賜纒頭物。即稱唯。賜御被。"
P107,Person,太原,1,"等使。劉沔檢校尚書左僕射，張仲武檢校尚書右僕射，餘並如故。黠戛斯使注吾合素入朝，獻名馬二匹，言可汗已破迴鶻，迎得太和公主歸國，差人送公主入朝，愁迴鶻殘眾奪之於路。帝遂遣中使送注吾合素往太原迎公主。時烏介可汗中箭，走投黑車子，詔黠戛斯出兵攻之。

三月，太和公主至京師，百官班于章敬寺迎謁，仍令所司告憲宗、穆宗二室。

四月，"
P108,Person,太和公主,1,"等使。劉沔檢校尚書左僕射，張仲武檢校尚書右僕射，餘並如故。黠戛斯使注吾合素入朝，獻名馬二匹，言可汗已破迴鶻，迎得太和公主歸國，差人送公主入朝，愁迴鶻殘眾奪之於路。帝遂遣中使送注吾合素往太原迎公主。時烏介可汗中箭，走投黑車子，詔黠戛斯出兵攻之。

三月，太和公主至京師，百官班于章敬寺迎謁，仍令所司告憲宗、穆宗二室。

四月，"
P109,Person,奄美嶋,2,第一船擧帆指奄美嶋發去。未知其着處。; 遣使尋訪入唐第一船。其消息云。第一船擧帆指奄美嶋發去。未知其着處。
P110,Person,奉使,1,故書曰。人有礼則安、無礼則危。経曰。人能行礼、得生天上。是知、内経外書、以礼存立。故祖師法印大和尚位最澄、延暦末年、奉使入唐、求法事訖、臨廻請於当州公憑、且明州朝議郎使持節明州諸軍事守明州刺史上国柱■陽鄭審判則批判求法目録稱。最澄闍梨、性稟生知之才、来自礼儀之国。南登五台之嶺、窮智者之法門、西泛鏡湖之水、探潅頂之神秘。可謂
P111,Person,奉授出羽國,1,"。山路險阻。送迎繁多。良倍他國。勞逸不等。始自今年減公廨穎。加擧三万一千二百束。以彼息利。充給驛子等食。許之。
丁夘。奉授出羽國從五位上勳"
L147,Place,奏建總持院,1,唐使藤原常嗣西渡，時年四十五。遊唐十年歸國，大弘佛法，受文德、清和諸帝寵遇，尊為傳燈大師，補天台座主，奏建總持院，為天皇修供，授弟子以三昧。營常行堂，大整顯秘之紀綱。建文殊樓，奠基以五台山携歸之土石。日本天台宗創於最澄，而隆興大成之者實為圓仁
L148,Place,奠基以五台山,2,帝寵遇，尊為傳燈大師，補天台座主，奏建總持院，為天皇修供，授弟子以三昧。營常行堂，大整顯秘之紀綱。建文殊樓，奠基以五台山携歸之土石。日本天台宗創於最澄，而隆興大成之者實為圓仁。清和帝貞觀六年(唐懿宗咸通五年，西元八六四)正月十四日，寂於京都延曆寺，得年七十一。寂前一日授密印灌頂於高足常濟。圓仁風神溫穆，而堅毅內斂。著述極多; 傳燈大師，補天台座主，奏建總持院，為天皇修供，授弟子以三昧。營常行堂，大整顯秘之紀綱。建文殊樓，奠基以五台山携歸之土石。日本天台宗創於最澄，而隆興大成之者實為圓仁。清和帝貞觀六年(唐懿宗咸通五年，西元八六四)正月十四日，寂於京都延曆寺，得年七十一。寂前一日授密印灌頂於高足常濟。圓仁風神溫穆，而堅毅內斂。著述極多。據赤堀氏所輯「日本文
P112,Person,始修,1,五月於延暦寺。始修潅頂。官給一千僧供料。用内藏寮物。勅遣參議從四位下守右大弁伴宿祢善男検校。而飮誓水者一千餘人。同年七月詔以圓仁爲内供奉十禪師。三年三月天皇崩。四月皇太子即皇帝位。圓仁上奏言。除災致福。熾盛光華佛頂。是爲最
P113,Person,孔雀、鸚鵡、狗,1,庚辰。入唐求法僧慧雲献孔雀一。鸚鵡三。狗三。
C017,Culture,孝經,1,今案。大唐玄宗開元十年。撰御註孝經
L149,Place,孟惠芝・張道光,1,癸丑。唐人正六位上孟惠芝。正六位上張道光等。賜姓嵩山忌寸。
P114,Person,孫興進,4,"辞。不勝悵戀。
丙寅。前學生阿倍朝臣仲麻呂在唐而亡。家口偏乏。葬礼有闕。勅賜東■一百疋。白綿三百屯。
丁夘。唐使孫興進等歸國。
己巳。授散位正六位上百濟王元徳從五位下。
閏五月甲申。贈故河内守; 卿等好去。孫興進等奏。臣等多幸。得謁天闕。今乍拜辞。不勝悵戀。
丙寅。前學生阿倍朝臣仲麻呂在唐而亡。家口偏乏。葬礼有闕。勅賜東■一百疋。白綿三百屯。
丁夘。唐使孫興進等歸國。
己巳。授散位正六位上百濟王元徳從五位下。
閏五月甲申。贈故河内守; 及公卿百姓。並是平好。又朝恩遐覃。行路无恙。路次國宰。祗供如法。又勅曰。客等比在館中旅情愁鬱。所以聊設宴饗。加授位階。兼賜祿物。卿等宜知之。
庚申。右大臣饗唐客於第。勅賜綿三千屯。
辛酉。授女嬬正六位上賀茂朝臣御笠從五位下。
乙丑。唐使孫興進等辞見。中納言從三位物部朝臣宅嗣宣勅曰。卿等到此。未經多日。還國之期。忽然云; 國宰。祗供如法。又勅曰。客等比在館中旅情愁鬱。所以聊設宴饗。加授位階。兼賜祿物。卿等宜知之。
庚申。右大臣饗唐客於第。勅賜綿三千屯。
辛酉。授女嬬正六位上賀茂朝臣御笠從五位下。
乙丑。唐使孫興進等辞見。中納言從三位物部朝臣宅嗣宣勅曰。卿等到此。未經多日。還國之期。忽然云"
P115,Person,守君大石,1,是歲、遣小錦守君大石等於大唐
L150,Place,守等自唐國,1,"赦除之。其癈疾之徒。不能自存。量加賑恤。仍令長官親自慰問。兼給湯藥。僧尼亦同。布告天下知朕意焉。
壬申。多治比眞人縣守等自唐國至。
甲戌。進節刀。此度使人略無闕亡。前年大使從五位上坂合部宿祢大分亦隨而來歸。
三年春正月庚寅朔。廢朝。大風也。」以舶二艘。獨底船十艘。充大宰府。
辛夘。天皇御大極殿。受朝。從四位上藤原朝臣武智麻呂。"
P116,Person,安藝國,1,"。」授正六位上英保首代作外從五位下。以搆西大寺兜率天堂也。
十一月癸未朔。遣使造入唐使舶四艘於安藝國。
癸巳。陸奧國桃生郡人外從七位下牡鹿連猪手賜姓道嶋宿祢。
庚子。遣鍛冶正從五位下氣太王造齋宮於伊勢國。
辛丑。以從五位下紀朝臣古佐美爲式部少輔"
L151,Culture,宍人朝臣垣麻呂・春岑朝臣廣津麻呂・門部連貞宗・大村直福吉等（授外從五位下）,1,"種繼。宍人朝臣垣麻呂。春岑朝臣廣津麻呂。門部連貞宗。大村直福吉並外從五位下。宴畢賜祿各有差。』左京人遣唐史生道公廣持賜姓當道朝臣。和銅年中。肥後守正五位下道君首名。治迹有聲。永存遺愛。廣持是首名之孫也。
甲寅。女叙位并外任。
乙夘。授正六位上永"
P117,Person,宗叡,2,。阿闍梨以金剛杵并儀軌法門等、付属宗叡、用充印信。更尋慈恩寺造玄、興善寺智慧輪等阿闍梨、承受秘奥、詢求幽■、廻至洛陽、便入聖善寺善無畏三蔵旧院。其門徒、以三蔵所持金剛杵并経論梵夾諸尊儀軌等授之。八年到明州望海鎮。適遇李延孝、遥指扶桑、将泛一葉。宗叡同舟、順風解纜、三日夜間、帰着本朝。主上大悦、遇以殊礼。当時法侶皆望和尚之伝金剛; 三蔵所持金剛杵并経論梵夾諸尊儀軌等授之。八年到明州望海鎮。適遇李延孝、遥指扶桑、将泛一葉。宗叡同舟、順風解纜、三日夜間、帰着本朝。主上大悦、遇以殊礼。当時法侶皆望和尚之伝金剛界法胎蔵界法密教。和尚於東寺、教授之。学徒有数、傾懐而説。十一年春為権律師、十六年冬転権少僧都、奉授天皇金
C018,Culture,宗大中初,1,"記
梁容若
圓仁，日本稱為慈覺大師，為天台宗名僧，唐文宗時來華留學，稽留十年，宣宗大中初回國，著有入唐求法巡禮記四卷，為外人所記唐代重要史料。今略考其生平，並論引其遊唐日記為本篇。
一、圓仁傳略
釋圓仁姓壬生氏，日本桓武天皇延曆十三年（唐德宗貞元十年，西元七九四）生於下野都賀郡。幼喪父，性聰"
C019,Culture,宗書三百余巻,1,助写宗書三百余巻訖、即復本職、拝別上京。
P118,Person,官孫興進,1,"次國宰。祗供如法。又勅曰。客等比在館中旅情愁鬱。所以聊設宴饗。加授位階。兼賜祿物。卿等宜知之。
庚申。右大臣饗唐客於第。勅賜綿三千屯。
辛酉。授女嬬正六位上賀茂朝臣御笠從五位下。
乙丑。唐使孫興進等辞見。中納言從三位物部朝臣宅嗣宣勅曰。卿等到此。未經多日。還國之期。忽然云"
P119,Person,官家人大和武藏共嶋,1,"十日平明。向東遙見對馬嶋。午時。前路見本國山。從東至西南。相連而分明。至初夜。到肥前國松浦郡北界鹿嶋泊船。
十一日平旦。筑前國丹判官家人大和武藏共嶋長來相見。粗知國中事宜。
十五日到橘浦。
十七日到博太西南能舉嶋下泊船。
十八日到鴻臚館前。
十九日入館住。
十月六日。借得官庫絹八十疋。綿二百"
P120,Person,定惠,1,"云云〉。此亦師安、廣忠、信俊、師遠、廣宗五人同所勘也。

同十年
十一月，唐務悰來，釋道旻從之。

天武天皇七年
釋定惠伴百濟使而至。
《唐録》曰：則天長安三年，日本國遣其大臣朝臣真人來貢方物。因言其國近日所出，故号曰日本國。

同十四年
沙門觀常、雲觀二比丘從國使歸。

持統皇帝元年
沙門智隆至自新羅。

同三年
四月，新羅王吊"
P121,Person,定惠伴百,1,"十一月，唐務悰來，釋道旻從之。

天武天皇七年
釋定惠伴百濟使而至。
《唐録》曰：則天長安三年，日本國遣其大臣朝臣真人來貢方物。因言其國近日所出，故号曰日本國。

同十四年
沙門觀常、雲觀二比丘從國使歸。

持統皇帝元年
沙門智隆至自新羅。

同三年
四月，新羅王吊先皇喪，献彌陀、觀音、勢至三銅像及珍物。於是，召新羅使，責其"
L152,Place,宜令五畿内七道諸國,2,"力而已。宜令五畿内七道諸國司轉讀般若走幣名神。』▼是日。大宰府馳驛。奏遣唐使第一第四兩船漂蕩却廻之状。兩船密封奏。同共到來。
甲申。勅符大使藤原朝臣常嗣。判官菅原朝臣善主等。得今月六日九日二道飛驛奏状。具知漂苦廻着肥前國也。使等忠貞之操。不敢告勞。蒙冒險難。廻渉蒼海。而事不諧偶。中路却廻。靖; 力而已。宜令五畿内七道諸國司轉讀般若走幣名神。』▼是日。大宰府馳驛。奏遣唐使第一第四兩船漂蕩却廻之状。兩船密封奏。同共到來。
甲申。勅符大使藤原朝臣常嗣。判官菅原朝臣善主等。得今月六日九日二道飛驛奏状。具知漂苦廻着肥前國也。使等忠貞之操。不敢告勞。蒙冒險難。廻渉蒼海。而事不諧偶。中路却廻。靖言念"
G016,Group,客等,2,"大唐。（唐）國號妹子臣曰蘇因高，即大唐使人裴世清，下客十二人，從妹子臣至於筑紫，遣於難波高麗館之上。六月壬寅朔丙辰，客等泊於難波津。是日，以飾船卅艘迎客等於江口，安置新館。於是，以中臣宫地連摩吕、大河内直糠手、（船）史王平爲掌客。爰妹子臣之曰：『臣参還之時，唐帝以書授臣，然經過百濟國之日，百濟人探以掠取，; 、下客十二人，從妹子臣至於筑紫。遣難波吉士雄成，召大唐客裴世清等，爲唐客更造新舘於難波高麗舘之上。
六月壬寅朔丙辰，客等泊于難波津。是日，以餝舩卅艘迎客等于江口，安置新舘。於是，以中臣宫地連摩呂、大河内直糠手、舩史王平爲掌客。爰妹子臣奏之曰：「臣參還之時，唐帝以書授臣。然經過百濟國之日，百濟人探以掠"
C020,Culture,宣宗大中初回國,2,"記
梁容若
圓仁，日本稱為慈覺大師，為天台宗名僧，唐文宗時來華留學，稽留十年，宣宗大中初回國，著有入唐求法巡禮記四卷，為外人所記唐代重要史料。今略考其生平，並論引其遊唐日記為本篇。
一、圓仁傳略
釋圓仁姓壬生氏，日本桓武天皇延曆十三年（唐德宗貞元十年，西元七九四）生於下野都賀郡。幼喪父，性聰敏，風貌溫雅。; 記
梁容若
圓仁，日本稱為慈覺大師，為天台宗名僧，唐文宗時來華留學，稽留十年，宣宗大中初回國，著有入唐求法巡禮記四卷，為外人所記唐代重要史料。今略考其生平，並論引其遊唐日記為本篇。
一、圓仁傳略
釋圓仁姓壬生氏，日本桓武天皇延曆十三年（唐德宗貞元十年，西元七九四）生於下野都賀郡。幼喪父，性聰"
P122,Person,將啓,1,亦悉往五臺覓靈仙。送金之時。靈仙遷化。不得付与。其金同陷沒。以此其後文矩入覲。啓中縷陳事由。冀達天皇。文矩不遂覲礼。將啓却歸。今再述失金事由。故遣賀福延輸申誠志。伏望體悉。』又中臺省牒曰。渤海國中臺省牒日本國太政官。應差入覲貴國使政堂省左允賀福延并行從一百五人。牒。奉處分。日域東遥。遼陽西阻。兩邦相去。万里
P123,Person,對馬,1,迎藤原河清使判官内藏忌寸全成。自渤海却廻。海中遭風。漂着對馬。
P124,Person,對馬、筑紫,2,七月二十八日、至于對馬。九月二十日、至于筑紫。二十二日、進表函焉。; 唐國遣朝散大夫沂州司馬上柱國劉德高等。...七月二十八日、至于對馬。九月二十日、至于筑紫。
L153,Place,對馬嶋上縣郡南浦,1,遣唐第三舶漂着對馬嶋上縣郡南浦舶上唯有三人。
L154,Place,對馬嶋下縣郡,1,遣唐使第一船到泊對馬嶋下縣郡。
L155,Place,對馬嶋南浦,2,"手等十六人駕編板漂着之状。
己亥。勅符遣唐大使藤原朝臣常嗣。省大宰府去月廿日飛驛奏言。第三舶水脚十六人。編板如桴。駕之漂着對馬嶋南浦。其水脚等申云。舶實依數解散者。翻水不收。悔而何及。言念災變。永用憫傷。又案又案同府別奏言。彫弊未復。旱疫相仍。使人等六百有餘不堪供給。伏望准寳字寳龜例。使人入京。水脚還郷。又留判官録事各一人。与府司; 水手等十六人駕編板漂着之状。
己亥。勅符遣唐大使藤原朝臣常嗣。省大宰府去月廿日飛驛奏言。第三舶水脚十六人。編板如桴。駕之漂着對馬嶋南浦。其水脚等申云。舶實依數解散者。翻水不收。悔而何及。言念災變。永用憫傷。又案又案同府別奏言。彫弊未復。旱疫相仍。使人等六百有餘不堪供給。伏望准寳字寳龜例。使人入京。水脚還郷。又留判官録事各一"
P125,Person,小野朝臣末嗣・長岑宿祢高名,1,理舶使長官。筑前權守從五位下小野朝臣末嗣。遣唐判官從五位下長岑宿祢高名並爲次官。
P126,Person,小野朝臣石根,1,以左中弁兼中衛中將鑄錢長官從五位上小野朝臣石根。備中守從五位下大神朝臣末足並爲副使。
P127,Person,小野朝臣篁,4,遣唐副使小野朝臣篁發自鴻臚。向大宰府。; 承和元年，為聘唐副使。; 從五位上小野朝臣篁爲備前權守。遣唐副使彈正少弼如故。; 依遣唐副使小野朝臣篁申也。
P128,Person,小野臣妹子,2,秋九月、小野臣妹子等至自大唐、唯通事福利不來。; 九月、小野臣妹子等至自大唐、唯通事福利不來。
L156,Place,山科陵,1,丙午。遣使奉唐國信物於山科陵。
L157,Place,山院過冬,1,"安。遊行得廿年。來此山院語話之次。常聞臺山聖跡甚有奇特。深喜近於聖境暫休向天台之議。更發入五臺之意。仍改先意便擬山院過冬到春遊行巡禮臺山。
廿八日。申時。縣使竇文至等兩人。將縣帖來。其狀偁。
縣　帖青寧鄉
得板頭竇文至狀報。日本國船上拋却人三人
右撿案內得前件板頭狀報。其船今月十五日發訖。拋却三人。"
P129,Person,崑崙國,1,六年十月事畢却歸。四船同發從蘇州入海。悪風忽起彼此相失。廣成之船一百一十五人漂着崑崙國。
C021,Culture,崔宗佐,1,渤海國人崔宗佐。門孫。宰孫等漂着肥後國天草郡。
L158,Place,嶋脚臣眞行（近江國人彈正大疏）,1,"先高麗人也。』賜左京人内竪從六位上上毛野公諸兄朝臣姓。近江國人彈正大疏嶋脚臣眞行賜姓高生朝臣。其先觀松彦香殖稻天皇之後也。左京人正六位上秦忌寸賜姓朝原宿祢。
己亥。勅。以新錢四万文。分之供施京城及平城有名之寺佛僧。毎寺内舍人爲使。』左京人道公安"
L159,Culture,川原女王・上道朝臣千若（從五位下）,1,"丁酉朔。山城国相樂郡白田十三町賜葛井親王。
癸卯。從五位下川原女王。上道朝臣千若授正五位下。"
L160,Place,巡礼臺山,2,"寸。太政官處分。以爲誓護朝庭之處。先是。内供奉十禪師傳灯大法師位雲申牒。昔者慈覺大師入唐求法之日。巡礼臺山之時。感遇文殊化現師子聖燈圓光。頼此大聖之感應。得遂求道之大願。欲使彼大聖之應化。感來於我本朝。鎭護國家。利益黎庶。由是祈乞於五臺現化之處。掘取五峯清淨之土。經歴一紀。跋渉万里。秘藏潔塊; 彼大聖之應化。感來於我本朝。鎭護國家。利益黎庶。由是祈乞於五臺現化之處。掘取五峯清淨之土。經歴一紀。跋渉万里。秘藏潔塊。將來此間。埋置五方之壇下。構造二重之高樓。專令雲勾當其事。成功未半。大師无常。雲師遺命。果師本願。重樓尊像。功夫甫就。請奉進公家。爲護王之處。至是聽其所請焉。

辛酉十六日。雷"
P130,Person,巨勢朝臣巨勢野,1,"申。以大宰少監正六位上下道朝臣長人爲遣新羅使。爲迎遣唐判官海上三狩等也。
戊子。授命婦從四位下巨勢朝臣巨勢野正四位下。
辛夘。授"
P131,Person,巨勢朝臣邑治,1,八月辛巳。入唐副使從五位下巨勢朝臣邑治等進位有差。
P132,Person,布勢朝臣人主,1,授入唐判官正六位上布勢朝臣人主從五位下。
P133,Person,布勢朝臣清直,2,以從五位下布勢朝臣清直爲送唐客使。正六位上甘南備眞人清野。從六位下多治比眞人濱成爲判官。; 辛亥。送唐客使從五位下布勢朝臣清直等自唐國至。進使節刀。
P134,Person,常曉,1,三論留學僧常曉。住彼寺。於琛法師房。受真言法。擬畫兩部曼荼羅。
P135,Person,常陸国人生部連廣成,1,"使之道。豈其然乎。宜加科責。以峻懲沮。
甲申。地震。
丁亥。常陸国人生部連廣成特授從八位下。以出私物。屡救貧民也。
己丑。能登国言。舶一艘漂著珠洲郡。遣使検船上雜物。
辛卯。賜親王已下參議已上及内侍唐国彩帛各有差。
壬辰。勅。如聞。疫癘之時。民庶相"
P136,Person,平郡朝臣廣成,3,"天平五年隨大使多治比眞人廣成入唐。; 請取渤海路歸朝。天子許之。給船粮發遣。十年三月。從登州入海。五月到渤海界。; 海客等入京。
十一月辛夘。平郡朝臣廣成拜朝。初廣成。天平五年隨大使多治比眞人廣成入唐。六年十月事畢却歸。"
P137,Person,年六月內,1,源。大聖之化處。西天高僧。踰險遠投。唐國名德。遊[A20]茲得道。圓仁等。舊有欽羨。涉海訪尋。未遂宿願。去開成四年六月內到文登縣青寧鄉赤山新羅院。隔生緣([□@考]緣下脫於字)滄溟。忘懷土於海岸。今欲往諸方禮謁聖跡。尋師學法。恐所在州縣關津口鋪。及
P138,Person,并前,1,摩國出水郡。又第一船海中中斷。舳艫各分。主神津守宿祢國麻呂。并唐判官等五十六人。乘其艫而着甑嶋郡。判官大伴宿祢繼人。并前入唐大使藤原朝臣河清之女喜娘等■一人。乘其舳而着肥後國天草郡。繼人等上奏言。繼人等去年六月廿四日。四船同入海。七月三日着泊揚州海陵縣。八月廿九日。到揚州大都督府。即節度使陳少遊且奏且放。六十五人入京。十月
G017,Group,廣成之船,1,六年十月事畢却歸。四船同發從蘇州入海。悪風忽起彼此相失。廣成之船一百一十五人漂着崑崙國。
L161,Place,延暦寺,2,延暦寺僧傳灯大法師位義眞奏言。天台一門。已立圓宗。; 五月於延暦寺。始修潅頂。官給一千僧供料。用内藏寮物。勅遣參議從四位下守右大弁伴宿祢善男検校。而飮誓水者一千餘人。同年七月詔以圓仁爲内供奉十禪師。三年三月天皇崩。四月皇太子即皇帝位。圓仁上奏言。除災致福。熾盛光華佛頂。是爲最
P139,Person,延暦末,1,"定、永伝聖朝。山林精進、遠勧塵劫。許之。
（『類聚国史』一七九諸宗・『日本紀略』）癸亥。伝灯大法師位最澄卒。云々。延暦末入唐請益。皇太子■事陸淳左降台州刺史。会屈天台宗道■和尚為"
L162,Place,廻日遭逆風漂著唐國,5,位藤原朝臣清河從二位。副使從五位上小野朝臣石根從四位下。清河贈太政大臣房前之第四子也。勝寳五年。爲大使入唐。廻日遭逆風漂著唐國南邊驩州。時遇土人。及合船被害。清河僅以身免。遂留唐國。不得歸朝。於後十餘年。薨於唐國。石根大宰大貳從四位下老之子也。寳龜八年。任副使入唐。事畢而歸。海中船斷。石根及唐送使趙寳英等六十三人。同時沒; 。贈故入唐大使從三位藤原朝臣清河從二位。副使從五位上小野朝臣石根從四位下。清河贈太政大臣房前之第四子也。勝寳五年。爲大使入唐。廻日遭逆風漂著唐國南邊驩州。時遇土人。及合船被害。清河僅以身免。遂留唐國。不得歸朝。於後十餘年。薨於唐國。石根大宰大貳從四位下老之子也。寳龜八年。任副使入唐。事畢而歸。海中船斷。石根及唐送使趙寳英等; 入唐大使從三位藤原朝臣清河從二位。副使從五位上小野朝臣石根從四位下。清河贈太政大臣房前之第四子也。勝寳五年。爲大使入唐。廻日遭逆風漂著唐國南邊驩州。時遇土人。及合船被害。清河僅以身免。遂留唐國。不得歸朝。於後十餘年。薨於唐國。石根大宰大貳從四位下老之子也。寳龜八年。任副使入唐。事畢而歸。海中船斷。石根及唐送使趙寳英等六十三; 大使從三位藤原朝臣清河從二位。副使從五位上小野朝臣石根從四位下。清河贈太政大臣房前之第四子也。勝寳五年。爲大使入唐。廻日遭逆風漂著唐國南邊驩州。時遇土人。及合船被害。清河僅以身免。遂留唐國。不得歸朝。於後十餘年。薨於唐國。石根大宰大貳從四位下老之子也。寳龜八年。任副使入唐。事畢而歸。海中船斷。石根及唐送使趙寳英等六十三人。同; 三位藤原朝臣清河從二位。副使從五位上小野朝臣石根從四位下。清河贈太政大臣房前之第四子也。勝寳五年。爲大使入唐。廻日遭逆風漂著唐國南邊驩州。時遇土人。及合船被害。清河僅以身免。遂留唐國。不得歸朝。於後十餘年。薨於唐國。石根大宰大貳從四位下老之子也。寳龜八年。任副使入唐。事畢而歸。海中船斷。石根及唐送使趙寳英等六十三人。同時沒
P140,Person,廿五被宛,2,）廿二年癸未二月己未日。大僧都行賀卒。春秋七十有五也。俗姓上毛野公、大和国広瀬郡人也。生年十五出家、廿受具足戒、廿五被宛入唐留学、学唯識法花両宗。住唐卅一年、帰来之日、歴試身才。東大寺僧明一、難問宗義、; 也。生年十五出家、廿受具足戒、廿五被宛入唐留学、学唯識法花両宗。住唐卅一年、帰来之日、歴試身才。東大寺僧明一、難問宗義、頗有所塞。明一即罵云。費粮両国、学植膚浅。何違朝寄、不実帰乎。法師大愧、涕泣滂沱。久在他郷、頻忘言語。長途一躓、豈忘千里之
C022,Culture,弘景律師（爲和上）,1,岸律師受菩薩戒。景龍元年杖錫東都，因入長安。其二年三月二十八日，於西京實際寺登壇受具足戒。荊州南泉寺弘景律師爲和上巡遊二京，究學三藏。後歸淮南，教授戒律；江淮之間，獨爲化主。於是興建佛
P141,Person,張大使,1,張大使。從去年冬造船。至今年二月功畢。專擬載圓仁等。發送歸國。
P142,Person,彩帛,1,乙丑。賜遣唐使彩帛、各有差。
L163,Place,彼兩人未知鎮,1,。即問國鄉。答云。此是大唐揚州海陵縣淮南鎮大江口。即召其商人兩人。上船向淮南鎮。從水路而到半途。彼兩人未知鎮家。更指江口却歸。日晚於江口宿。二日晚彼二人歸去。近側有鹽官。即差判官長岑宿禰高名准錄事高丘宿禰百興。令向鎮家。兼送文條([□@考]條恐牒字)即鹽官判官元行存。乘小船來慰問。使等筆上([□@考]上池本作言)國風。大使
P143,Person,後當,1,"，即分開元寺衆僧，仁又受一分。仁辭長安，中散大夫楊敬之、國子祭主李元佐及衆官皆曰：「我國教法随和尚東矣，斯方志道者，後當入日本國。」元佐送護四十里。

嘉祥三年
釋圓珍夢山王明神告曰：「入唐求法，勿爲留滯。」珍夢中曰：「此來入"
L164,Place,後當入日本國,1,"，即分開元寺衆僧，仁又受一分。仁辭長安，中散大夫楊敬之、國子祭主李元佐及衆官皆曰：「我國教法随和尚東矣，斯方志道者，後當入日本國。」元佐送護四十里。

嘉祥三年
釋圓珍夢山王明神告曰：「入唐求法，勿爲留滯。」珍夢中曰：「此來入"
P144,Person,從五位上小野朝臣石根,6,位藤原朝臣清河從二位。副使從五位上小野朝臣石根從四位下。清河贈太政大臣房前之第四子也。勝寳五年。爲大使入唐。廻日遭逆風漂著唐國南邊驩州。時遇土人。及合船被害。清河僅以身免。遂留唐國。不得歸朝。於後十餘年。薨於唐國。石根大宰大貳從四位下老之子也。寳龜八年。任副使入唐。事畢而歸。海中船斷。石根及唐送使趙寳英等六十三人。同時沒; 。贈故入唐大使從三位藤原朝臣清河從二位。副使從五位上小野朝臣石根從四位下。清河贈太政大臣房前之第四子也。勝寳五年。爲大使入唐。廻日遭逆風漂著唐國南邊驩州。時遇土人。及合船被害。清河僅以身免。遂留唐國。不得歸朝。於後十餘年。薨於唐國。石根大宰大貳從四位下老之子也。寳龜八年。任副使入唐。事畢而歸。海中船斷。石根及唐送使趙寳英等; 入唐大使從三位藤原朝臣清河從二位。副使從五位上小野朝臣石根從四位下。清河贈太政大臣房前之第四子也。勝寳五年。爲大使入唐。廻日遭逆風漂著唐國南邊驩州。時遇土人。及合船被害。清河僅以身免。遂留唐國。不得歸朝。於後十餘年。薨於唐國。石根大宰大貳從四位下老之子也。寳龜八年。任副使入唐。事畢而歸。海中船斷。石根及唐送使趙寳英等六十三; 大臣房前之第四子也。勝寳五年。爲大使入唐。廻日遭逆風漂著唐國南邊驩州。時遇土人。及合船被害。清河僅以身免。遂留唐國。不得歸朝。於後十餘年。薨於唐國。石根大宰大貳從四位下老之子也。寳龜八年。任副使入唐。事畢而歸。海中船斷。石根及唐送使趙寳英等六十三人。同時沒; 大使從三位藤原朝臣清河從二位。副使從五位上小野朝臣石根從四位下。清河贈太政大臣房前之第四子也。勝寳五年。爲大使入唐。廻日遭逆風漂著唐國南邊驩州。時遇土人。及合船被害。清河僅以身免。遂留唐國。不得歸朝。於後十餘年。薨於唐國。石根大宰大貳從四位下老之子也。寳龜八年。任副使入唐。事畢而歸。海中船斷。石根及唐送使趙寳英等六十三人。同
P145,Person,從五位下阿倍志斐連東人,1,"介。外從五位下阿倍志斐連東人爲備中介。
乙未。授正五位上掃守王從四位下。
九月甲辰。授從三位大野朝臣仲千正三位。
癸亥。送高麗使正六位上高麗朝臣殿嗣等來着越前國坂井郡三國湊。勅越前國。遣高麗使并彼國送使。宜安置便處。依例供給之。但殿嗣一人早令入京。
丁夘。詔賜橘宿祢綿裳"
L165,Place,從長安至揚州途中,1,五月廿九日。離長安。在城之時。城中僧尼還俗已盡。
P146,Person,從高麗國,1,"執事曰。検案内。被乾政官符稱。得大宰府解稱。得新羅國牒稱依韓内常侍請欲知僧戒融達不。府具状申上者。以去年十月。從高麗國。還歸聖朝。府宜承知即令報知。
八月戊辰。節部省北行東第二雙倉災。
己巳。以中納言從三位氷上眞人塩燒爲兼文部卿。從五位下中臣朝臣鷹主爲武部少輔。從五位下"
L166,Place,復於九州,1,"二、入唐始末
日本仁明天皇元年，派參議藤原常嗣為遣唐使。次年七月二日四舶同發，圓仁從行。遇險破舟，均折回。四年七月再發，遭逆風不果。至五年六月十三日，復於九州博多分登第一舶與第四舶，是為三次首"
G018,Group,德等驍將三千人助國,1,衙官、酋長等。及瑀回，可汗獻馬五百匹、貂裘、白疊。八月，迴紇使王子骨啜特勤及宰相帝德等驍將三千人助國討逆。肅宗嘉其遠至，賜宴，命隨朔方行營使僕固懷恩押之。九月甲申，迴紇使大首領蓋將等謝公主下降，兼奏破堅昆五萬人，
L167,Culture,念誦教法經論章疏等五百五十九卷。胎藏金剛界兩部大曼荼羅及諸尊曼荼羅壇樣高僧眞影舍利并道具等廿一種,1,凡住長安六年之間。求得念誦教法經論章疏等五百五十九卷。胎藏金剛界兩部大曼荼羅。及諸尊曼荼羅。壇樣。高僧眞影。舍利并道具等廿一種。
P147,Person,恵萼,1,後遣沙門惠萼泛海入唐，以繡文袈裟，奉施定聖者僧伽和上康僧等以寶幡及鏡奩之具，施入五臺山寺。
P148,Person,惠果,1,遇青龍寺惠果和尚。禀學眞言。其宗旨義味莫不該通。
P149,Person,惠果和尚,3,幸遇青龍寺灌頂阿闍梨法號惠果和尚。以爲師主。; 授我以發菩提心戒。許我以入灌頂道場。沐受明灌頂再三焉。受阿闍梨位一度也。; 遇青龍寺惠果和尚。禀學眞言。其宗旨義味莫不該通。
P150,Person,惠運,1,"元寺沙門契元勒事刻琬玦，題曰：「日本國首傳禪宗記」，附舶寄來。

仁明天皇
承和初，釋真濟奉勑入唐。

承和五年
釋惠運入唐。
六月二十二日，釋圓仁從大使尚書右丞藤常嗣上第一舶。七月二日，着唐國楊州海陵縣，則文宗開成三年也。仁出帝京，歷鄭、密二州，到登州押新羅使張詠宅。初，漂着登州時，詠以嘗來日本，受國恩，待仁甚厚，至此又"
P151,Person,意任,1,。尋而官補請益。承和五年發。七月二日著大唐楊州海陵縣。開成三年七月二日到楊州。同年十月。國使入京。圓仁苦請留住楊府。意任巡礼天台及五臺等諸聖跡。李相公徳裕聞奏。有勅不許巡礼。四年國使
P152,Person,慧雲,2,入唐求法僧慧雲献孔雀一。鸚鵡三。狗三。; 庚辰。入唐求法僧慧雲献孔雀一。鸚鵡三。狗三。
P153,Person,應差,1,。文矩不遂覲礼。將啓却歸。今再述失金事由。故遣賀福延輸申誠志。伏望體悉。』又中臺省牒曰。渤海國中臺省牒日本國太政官。應差入覲貴國使政堂省左允賀福延并行從一百五人。牒。奉處分。日域東遥。遼陽西阻。兩邦相去。万里
P154,Person,應差入覲貴國,1,。文矩不遂覲礼。將啓却歸。今再述失金事由。故遣賀福延輸申誠志。伏望體悉。』又中臺省牒曰。渤海國中臺省牒日本國太政官。應差入覲貴國使政堂省左允賀福延并行從一百五人。牒。奉處分。日域東遥。遼陽西阻。兩邦相去。万里
L168,Place,我使藤原朝臣河清,1,"人入朝者。待之如常。宜以此状。告汝國王知。但進唐國消息。并在唐我使藤原朝臣河清等書。嘉其勤勞。仰大宰府安置饗賜。宜知之。賜國王祿■廿五疋。絲一百■。綿二百五十屯。大使金初正已下各有差。」授從六位下津守宿祢夜須賣從五位下。
癸酉。以從五位下山口忌寸沙"
C023,Culture,戒融,1,送日本國僧戒融。令達本郷已畢。
L169,Place,招提寺,1,初寶龜中，大唐和尚鑑真，買得此地，施入寺家。
L170,Place,揚州,4,娘等■一人。乘其舳而着肥後國天草郡。繼人等上奏言。繼人等去年六月廿四日。四船同入海。七月三日着泊揚州海陵縣。八月廿九日。到揚州大都督府。即節度使陳少遊且奏且放。六十五人入京。十月十六日。發赴上都。至高武縣。有中書門下勅牒。爲路次乏車馬。減却人數。定廿人。正月十三日。到長安。即遣内使; 上兼下総權介小野朝臣滋野上奏言。臣滋野等。去寳龜八年六月廿四日。候風入海。七月三日。与第一船同到揚州海陵縣。八月廿九日。到揚州大都督府。即依式例安置供給。得觀察使兼長史陳少遊處分。属祿山亂。常館彫弊。入京使人。仰限六十人。以來十月十五日。臣等八十五人發州入京。行百餘里。忽據中書門下牒。■節人數。限以廿人。臣等請。更加廿三人。持節副使; 長安千福寺天台宗惠雲。禪門宗學人僧弘鑒...竝閑々無繫。雲遊山水。從此五峯下游楚泗。今到此郡。; 五月廿九日。離長安。在城之時。城中僧尼還俗已盡。
L171,Place,揚州、長安,1,邂逅屆大唐揚州海龍縣桑田鄉桑梓浦上，來朝長安。
L172,Place,揚州海陵縣,1,此是大唐揚州海陵縣淮南鎮大江口。即召其商人兩人。上船向淮南
L173,Place,揚州海陵縣、文登縣,1,日本國承和五年十三日隨朝貢使乘船離本國界大唐開成三年七月二日到揚州海陵縣白湖鎮
L174,Place,揚州海陵縣白潮鎮,2,涕淚難耐。即就其船遷國[A2]信物。錄事一人。知乘船事二人。學問僧圓載等已下廿七人。同遷乘之。指陸發去。午時到江口。未時到揚州海陵縣白潮鎮桑田鄉東梁豐村。日本國承和五年七月二日。即大唐開成三年七月二日。雖年號殊。而月日共同。留學僧等到守捉軍中季賓宅停宿。聞大使以六月廿九日未時。離船。以後漂流之間。風強濤猛。怕船將沈。捨矴擲物。口稱觀音妙; 。乍聞驚悲。涕淚難耐。即就其船遷國[A2]信物。錄事一人。知乘船事二人。學問僧圓載等已下廿七人。同遷乘之。指陸發去。午時到江口。未時到揚州海陵縣白潮鎮桑田鄉東梁豐村。日本國承和五年七月二日。即大唐開成三年七月二日。雖年號殊。而月日共同。留學僧等到守捉軍中季賓宅停宿。聞大使以六月廿九日未時。離船。以後漂流之間。風強濤猛。怕船將沈。捨矴擲物
L175,Place,摂津国俘囚・陸奥国俘囚,1,摂津国俘囚勲六等吉弥侯部子成等男女八人、陸奥国勲六等吉弥侯部押人等男女八人、賜姓雄谷。
P155,Person,播磨直弟兄,2,弟兄初齎甘子從唐國來。虫麻呂先殖其種結子。故有此授焉。; 弟兄初齎甘子從唐國來。虫麻呂先殖其種結子。
L176,Place,攝津国住吉郡,1,攝津国住吉郡住吉大神奉授從一位。以遣唐使祈也。
L177,Place,攝津國住吉神社,1,遣唐使者向攝津國住吉神社奉神寳。
L178,Place,故遣鴻臚寺,1,達脩朝貢。丹款之美，朕有嘉焉。稍暄，比如常也。故遣鴻臚寺掌客裴世清等，稍宣往意，并送物如別。」時，阿倍臣出進，以受其書而進行。大伴囓連迎出，承書置於大門前机上而奏之。事畢而退焉。是時，皇子、諸王、諸臣悉以金髻
P156,Person,文人・群臣,1,"祷。今以奉賽也。
己巳。天皇御紫宸殿。宴重陽節。命文人。同賦露重菊花鮮之題。宴了賜祿有差。
甲戌。攝津國人右衛門醫師辟秦眞身。武散位同姓仲主等三烟。改本姓賜秦勝。
辛巳。以從五位上藤原朝臣當道爲河内守。右少弁如故。散位從五位下丹・眞人石雄爲伯耆"
C024,Culture,文琛法師,1,三論留學僧常曉。住彼寺。於琛法師房。受真言法。擬畫兩部曼荼羅。
L179,Place,文登縣,1,大聖之化處。西天高僧。踰險遠投。唐國名德。遊[A20]茲得道。圓仁等。舊有欽羨。涉海訪尋。未遂宿願。去開成四年六月內到文登縣青寧鄉赤山新羅院。隔生緣([□@考]緣下脫於字)滄溟。忘懷土於海岸。今欲往諸方禮謁聖跡。尋師學法。恐所在州縣關津口鋪。及
L180,Place,文登縣赤山新羅院,1,"十三日隨朝貢使乘船。離本國界。大唐開成三年七月二日到揚州海陵縣白潮鎮。八月廿八日到揚州寄住開元寺。開成四年二月廿一日從揚州上船發。六月七日到文登縣青寧鄉寄住赤山新羅院。過一冬。今年二月十九日從赤山院發。今月二日黃昏到此開元寺宿。謹具事由如前。
開"
L181,Culture,新羅,3,華。朝章自遠。仍今遣使修聘巨唐。海晏當時。雖知利渉。風涛或變。猶慮非常。脱有使船漂着彼境。則扶之送過。不俾滯閼。』因以武藏權大掾紀三津爲使。齎牒發遣。賜三津御被。』▼是日。大安寺僧傳灯大法師位惠靈還俗。姓名紀朝臣春主。叙正六位上。爲遣唐譯語兼但; 年，渤海靺鞨越海入寇登州。時興光族人金思蘭先因入朝留京師，拜為太僕員外卿，至是遣歸國發兵以討靺鞨，仍加授興光為開府儀同三司、寧海軍使。二十五年，興光卒，詔贈太子太保，仍遣左贊善大夫邢璹攝鴻臚少卿，往新羅弔祭，并冊立其子承慶襲; 非實者。牒。得三津等状稱。奉本王命。專來通好。及開函覽牒。但云修聘巨唐。脱有使船漂着彼界。則扶之送過。無俾滯遏者。主司再發星使。設問丁寧。口与牒乖。虚實莫辨。既非交隣之使。必匪由衷之賂。事無■實。豈合虚受。且太政官印。篆跡分明。小野篁船帆飛已遠
L182,Place,新羅→筑紫,2,"大伴部博麻，從新羅送使大奈末金高訓等，還至筑紫。
戊戌，天皇至自紀伊。
冬十月甲辰朔戊申，天皇幸吉野宮。
癸丑，大唐學問僧智宗等，至于京師。
戊午，遣使者，詔筑紫大宰河內王等曰：「饗新羅送使大奈末金高訓; 學問僧智宗、義德、淨願，軍丁筑紫國上陽咩郡大伴部博麻，從新羅送使大奈末金高訓等，還至筑紫。
戊戌，天皇至自紀伊。
冬十月甲辰朔戊申，天皇幸吉野宮。
癸丑，大唐學問僧"
L183,Place,新羅之,1,"諸蕃朝貢，天子於蓬莱宫含元殿受朝。是日，以我次西畔第二吐蕃下，以新羅使次東畔第一大食國上。古麻吕論曰：『自古至今，新羅之朝貢日本國久矣，而今列東畔上，我反在其下，義不合得。』時，將軍吴懷實見知古麻呂不肯色，即引新羅次西畔第二吐蕃下，以日本使次東畔第一大食國上。」三善朝臣信貞元永元年四月廿五日所勘。

光仁天皇
寶亀之初，釋"
L184,Place,新羅之朝貢大日本國,1,"官諸蕃朝賀。天子於蓬莱宮含元殿受朝。是日。以我次西畔第二吐蕃下。以新羅使次東畔第一大食國上。古麻呂論曰。自古至今。新羅之朝貢大日本國久矣。而今列東畔上。我反在其下。義不合得。時將軍呉懷實見知古麻呂不肯色。即引新羅使。次西畔第二吐蕃下。以日本使次東畔第一大食國上。
二"
L185,Place,新羅之朝貢日本國,1,"諸蕃朝貢，天子於蓬莱宫含元殿受朝。是日，以我次西畔第二吐蕃下，以新羅使次東畔第一大食國上。古麻吕論曰：『自古至今，新羅之朝貢日本國久矣，而今列東畔上，我反在其下，義不合得。』時，將軍吴懷實見知古麻呂不肯色，即引新羅次西畔第二吐蕃下，以日本使次東畔第一大食國上。」三善朝臣信貞元永元年四月廿五日所勘。

光仁天皇
寶亀之初，釋"
L186,Place,新羅人王,1,"婆([□@考]婆上或脫占字占婆林邑也見唐書環王國下)國人捨二百貫。今國眾計少人數。仍募五十貫者。轉催感少。
八日新羅人王請來相看。是本國弘仁十年。流著出州國之唐人張覺濟等同船之人也。問漂流之由。申云為交易諸物。離此過海。忽遇惡風。南流三月。流著出州國。其張覺濟兄弟二人。臨將發時。同共逃留出州。從北出州。就北海而發。得好風十"
L187,Place,新羅國,1,"州牟平縣唐陽陶村之南邊。去縣百六十里。去州三百里。從此東有新羅國。得好風。兩三日得到(云々)。船舶上官人。賜酒及綿。便作帖報州縣。緣天未晴。望見山頭未得顯然。東風吹。日暮霧彌暗。
十八日。改食法。日每人糒一升。水一升。東風不變。又此州但有粟。其"
L188,Place,新羅王子,1,"聞是事。未詳是第幾之船。又聞大唐天子。為新羅王子賜王位。差使擬遣新羅排比其船。兼賜祿了。
廿五日。風吹不定。霧氣未晴。午時。昨日後岸歸去押衙之判官寄王教言。贈與於官人酒魚等。王教言。亦自獻酒餅等來。官人賜綿等。此舶([□@考]舶或泊字)多有潛磯"
L189,Place,新羅送使大奈末金高訓,1,"宰河內王等曰：「饗新羅送使大奈末金高訓等，准上送學生土師宿禰甥等送使之例。其慰勞賜物，一依詔書。」
乙丑，詔軍丁筑後國上陽咩郡人大伴部博麻曰：「於天豐財重日足姬天皇七年，救百濟之役，汝為唐軍見虜。洎天命開別天皇三年，土師連富杼、冰連老、筑紫君薩"
C025,Culture,方物,1,冬十月，日本國遣使貢方物。
L190,Place,於唐國,1,"從四位上藤原朝臣御楯第。宴飮。授御楯正四位上。其室從四位下。藤原惠美朝臣兒從正四位下。
甲子。迎藤原河清使高元度等至自唐國。初元度奉使之日。取渤海道。隨賀正使揚方慶等。往於唐國。事畢欲歸。兵仗樣。甲冑一具。伐刀一口。槍一竿。矢二隻分付元度。又有内使。宣勅曰。特進秘書監藤原河清。今依使奏。欲遣歸朝。唯恐殘賊未平。道路多難。"
L191,Place,於東大寺,1,。有請教止觀者，傳教輒令仁講授，己居傍聽證，率以為常。弘仁四年。歲二十，逢官試得第。次年正月，受度持沙彌戒。七年於東大寺受具足戒。最澄圓寂後，益勤學修鍊，張講席於各地。仁明帝承和三年(八三六)受詔入唐請益。五年六月，隨日本第十八次遣唐使藤原常嗣西渡，時年四十五。遊唐十年歸國，大弘佛法，受文德、清和諸帝寵遇，尊為傳燈大師，補天台
L192,Place,於難波津,1,大唐。（唐）國號妹子臣曰蘇因高，即大唐使人裴世清，下客十二人，從妹子臣至於筑紫，遣於難波高麗館之上。六月壬寅朔丙辰，客等泊於難波津。是日，以飾船卅艘迎客等於江口，安置新館。於是，以中臣宫地連摩吕、大河内直糠手、（船）史王平爲掌客。爰妹子臣之曰：『臣参還之時，唐帝以書授臣，然經過百濟國之日，百濟人探以掠取，
P157,Person,无位藤原朝臣今女,2,"本位外從五位下。
癸巳。授无位藤原朝臣今女從五位下。
乙未。遣唐使第三船到泊肥前國松浦郡橘浦。判官勅旨大丞正六位上兼下総權介小野朝臣滋野上奏言。臣滋野等。去寳龜八年六月廿四日。候風入海。七月三日。与第一船同到揚州海陵縣。八月廿九日。到揚州大都督府。即依式例安置供給。得觀察使兼長史陳少遊處分。; 位上高麗朝臣殿嗣從五位下。
辛夘。復陽侯忌寸令■本位外從五位下。
癸巳。授无位藤原朝臣今女從五位下。
乙未。遣唐使第三船到泊肥前國松浦郡橘浦。判官勅旨大丞正六位上"
P158,Person,日亥時漂,1,艫各去未知所到。■餘人累居方丈之舳舉軸欲沒。載纜枕柁。得少浮上。脱却衣裳。裸身懸坐。米水不入口。已經六日。以十三日亥時漂着肥後國天草
P159,Person,日授密印,1,隆興大成之者實為圓仁。清和帝貞觀六年(唐懿宗咸通五年，西元八六四)正月十四日，寂於京都延曆寺，得年七十一。寂前一日授密印灌頂於高足常濟。圓仁風神溫穆，而堅毅內斂。著述極多。據赤堀氏所輯「日本文學者年表」經疏私記凡九十四種，百五十三卷。「金剛頂
L193,Culture,日本,50,遣大唐押使大錦上高向史玄理。大使小錦下河邊臣麻呂。副使大山下藥師惠日。; 大使小錦下河邊臣麻呂。; 副使大山下藥師惠日。; 以左中弁兼中衛中將鑄錢長官從五位上小野朝臣石根。備中守從五位下大神朝臣末足並爲副使。; 授判官正六位上中臣朝臣鷹主從五位下爲使。賜節刀。正六位上高麗朝臣廣山爲副。
L194,Place,日本→唐,21,"海客等入京。
十一月辛夘。平郡朝臣廣成拜朝。初廣成。天平五年隨大使多治比眞人廣成入唐。六年十月事畢却歸。; 行善至自高麗。三蔵善無畏來遊。

聖武天皇五年
釋榮睿、普照等隨遣唐大使丹墀廣成入唐留学。

天平八年
七月，南天笁婆羅; 老二年
十月，沙門行善至自高麗。三蔵善無畏來遊。

聖武天皇五年
釋榮睿、普照等隨遣唐大使丹墀廣成入唐留学。

天平八年
七月，南天笁婆羅; ）桓武天皇延暦廿二年二月己未。大僧都伝灯大法師位行賀卒。云々。法師、生年廿五被充入唐留学、々唯識法花両宗。住唐卅一年、帰来之日、歴試其才。東大寺僧明一、難問宗義、頗有所塞。罵曰。費粮両国、学植庸浅。何違朝寄、不実帰乎。法師大愧、涕泣滂沱。久在他; 人大毘盧遮那経業為大比叡神分、一人一字頂輪王経業、為小比叡神分。先是、彼寺座主前入唐尋経釈法眼和尚位円珍上表言。国之為国、本依設礼、人之為人、亦由行礼。故書曰。人有礼則安、無礼則危。経曰。人能行礼、得生天上。是知、内経外書、以礼存"
L195,Place,日本→唐・台州天台山,1,山最澄法師。師大悦即落髪爲弟子。取自名一号爲圓澄。時年二十七焉。廿四年春。最澄師入唐以後。法師依詔於紫宸殿修念五佛頂法。即預得度。其夏四月就唐泰信大増都受具戒。六月大唐使歸朝。秋八月
L196,Place,日本→唐・揚州海陵縣白潮鎮→揚州開元寺,1,右圓仁等。日本國承和五年四月十三日隨朝貢使乘船。離本國界。大唐開成三年七月二日到揚州海陵縣白潮鎮。八月廿八日到揚州寄住開元寺。開成四年二月廿一日從揚州上船發。六月七日到文登縣青寧鄉寄住赤山新羅院。過一冬。今年二月十九日從赤山院發。今月二日黃昏到
L197,Place,日本→唐・明州望海鎮→大宰府,1,"，會李延考赴日本寮，共泛舶，凡三日夜，着大宰府，年丁亥也。

同四年
釋真如泛海入唐，遍詢名德，不充如意，遂杖錫西邁。元慶五年，在唐留學"
L198,Place,日本→唐・衡州→長安,1,"，釋空海從遣唐使金紫光禄大夫藤賀能。八月，著衡州界，乃德宗貞元二十年也。十二月，到長安。七月，釋最澄從遣唐使菅清公，著明州界。
《唐録》曰：貞元廿年，遣使來朝，留學生橘逸成、學問僧空海。

同二十四年
五月，最澄乗大使藤賀能舶，著長州。

平城天"
L199,Place,日本→唐・長安,4,"年
五月，釋道昭奉勑，從遣唐使小山長丹、副使小乙上掃守連泛海，緇侣同志者道嚴等十三人到長安，謁三蔵玄奘，即高宗永徽四年也。同年釋定惠随遣唐使浮海，乃到長安。

同五年
《唐録》曰：高宗永徽五年，倭國使献虎; 志者道嚴等十三人到長安，謁三蔵玄奘，即高宗永徽四年也。同年釋定惠随遣唐使浮海，乃到長安。

同五年
《唐録》曰：高宗永徽五年，倭國使献虎珀、馬瑙。高宗慰撫之，仍云：「王國與新羅、高麗、百濟接近，若有危急，宜遣使救之。」

齊明天皇四年
七月，智通; 漏汚被褥。和尚乃微笑曰。放蕩小子汚人之床。竟無復一言焉。初孝徳天皇白雉四年。隨使入唐。適遇玄弉三藏。師受業焉。三藏特愛。令住同房。謂曰。吾昔往西域。在路飢乏。無村可乞。忽有一沙門手持梨子。与吾食之。吾自啖後氣力日健。今汝是持梨沙門也。又謂曰。經; 第六子也。少耽愛音樂。好學鼓琴。尤善彈琵琶。承和二年爲美作掾兼遣唐使准判官。五年到大唐。達上都。逢能彈琵琶者劉二郎。貞敏贈砂金二百兩。劉二郎曰。礼貴往來。請欲相傅。即授兩三調。二三月間。盡了妙曲。劉二郎贈譜數十卷。因問曰。君師何人。素學妙曲乎。貞"
L200,Place,日本→唐（長安・南岳・五臺山）,1,曼荼。寧樂半紀而叨爲首顉之浮事。儻値大唐商客李處人等化來。和尚就他要望。乗公歸船入唐。巡禮薦福興善曼茶羅道場。得見靑龍寺義眞和尚。請益於祕宗。兼看南岳五臺之聖迹。船主許諾云。東西任命。駈馳隨力。遂則承和九年。卽大唐會昌二年〈歳次壬戌〉夏五月端午
L201,Place,日本→新羅,3,"華。朝章自遠。仍今遣使修聘巨唐。海晏當時。雖知利渉。風涛或變。猶慮非常。脱有使船漂着彼境。則扶之送過。不俾滯閼。』因以武藏權大掾紀三津爲使。齎牒發遣。賜三津御被。』▼是日。大安寺僧傳灯大法師位惠靈還俗。姓名紀朝臣春主。叙正六位上。爲遣唐譯語兼但; 非實者。牒。得三津等状稱。奉本王命。專來通好。及開函覽牒。但云修聘巨唐。脱有使船漂着彼界。則扶之送過。無俾滯遏者。主司再發星使。設問丁寧。口与牒乖。虚實莫辨。既非交隣之使。必匪由衷之賂。事無■實。豈合虚受。且太政官印。篆跡分明。小野篁船帆飛已遠; 壬午。授外從五位下吉田連古麻呂外正五位下。
甲申。以大宰少監正六位上下道朝臣長人爲遣新羅使。爲迎遣唐判官海上三狩等也。
戊子。授命婦從四位下巨勢朝臣巨勢野正四位下。
辛夘。授"
L202,Place,日本・京師,1,乃屬律師-玄叡。玄叡察其法器，摩頂誨誘。更從入唐大僧都-永忠，學經論所。滯二年，受具足戒。弘仁十年，興福寺維摩會預席論難。時諸寺學業之輩，聽其豎義，莫不驚聳。承和九年，於大極殿講最勝王經，皇帝臨聽。實敏問答警策，脣舌紛紜，分決疑滯，毫毛必剖。帝稱歎
L203,Place,日本・大山寺→唐,1,"。於大納言宅。奉啟伴右中辨小野宰相宅。皆有狀。竝付小野少貳訖。
廿八日於大山寺始入唐時所祈金剛般若五仟卷。皆先馳使。奉送綵帛。同日。早朝一時發遣綵帛使訖。便轉經。同日。為竈門大神轉一千卷。
廿九日午前"
L204,Place,日本入唐求法僧,1,"卷二

入唐求法巡禮行記卷三

卷四

→

〈入唐求法巡禮行記卷第三〉
([□@考]開成五年四月)
廿八日([□@考]廿八日至十六日記事重出而互有具略。兩文相異以線示之)"
L205,Place,日本國,2,"，日本國貢真珠、絹。」

同六年
《唐會要》曰：「開成四年四月，遣使藤原常嗣等來朝貢。」

清和天皇貞觀三年
釋宗睿入唐請益，乃懿宗咸通三年也。而返明州望海鎮，會李延考赴日本寮，共泛舶，凡三日夜，着大宰府，年丁亥也。

同四年
釋真如泛海入唐，; 冬十月，日本國遣使貢方物。"
L206,Place,日本國使,1,。本國使賜留學僧。東絁卅五疋。帖綿十疊。長綿六十五屯。砂金二十五大兩。充學問䉼。朝貢使賜勾當王友真酒飲惜別。齋後。本國相公。喚留學僧。賜砂金。流淚慰別。圓澄偁。去月四日從長安發歸。十三日。至填州甘堂驛。擬留楚州。更不向揚州。官人等從在京之日。沈
L207,Place,日本國朝貢使,1,看。明日專詣於舶上。更令新羅人。留於岸上。傳語於道玄。轉為官人令申來由。便聞本國朝貢使。駕新羅船五隻。流著萊明([□@考]明恐州字)廬山之邊。餘之四隻。不知所去。雖聞是事。未詳是第幾之船。又聞大唐天子。為新羅王子賜王位。差使擬遣新羅排比其船。兼
L208,Place,日本國（遣唐使）,1,"得達本國(云々)。又楚州新羅譯語[A55]劉慎言。今年二月一日。寄仁濟送書云。送朝貢使。梢工水手。前年秋[A56]廻彼國。
玄濟闍梨。附書狀。"
L209,Place,日本大宰府,2,造東海。南海。西海等道節度使料綿襖冑各二万二百五十具於大宰府。其製一如唐國新樣。; 國天草郡。遣大唐通事張建忠覆問事由。審實情状。是渤海國入唐之使。去三月着薩摩國。逃去之一艦也。仍奉進宗佐等日記。并所蝋封函子。雜封書。弓劔等。▼是日。勅討覈宗佐等申状。知是渤海人。亦其表函牒書。印封官等。讎校先來入覲在
L210,Place,日本朝廷,6,"對馬，以道人等十一皆請之欲留，乃上表而留之，因令住元興寺。
秋九月，小野臣妹子等至自大唐，唯通事福利不來。

十八年; 冬十月乙丑朔乙亥，大唐學問僧清安、學生高向漢人玄理，傳新羅而至之。仍百濟、新羅朝貢之使共從來之。則各賜爵一級。
是月，徙於百濟宮。

十三年
冬十月己丑朔丁酉，天皇崩于百濟宮。
丙午，殯於宮北。是謂百濟大殯。是時東宮開別皇子，年十六而誄之。; 八十匹。綿二百屯。
庚寅。玄蕃頭從五位上袁晋卿賜姓清村宿祢。晋卿唐人也。天平七年隨我朝使歸朝。時年十八九。學得文選爾雅音。爲大學音博士。於後。歴大學頭安房守。
戊戌。仰陸奥出羽。追蝦夷廿人。爲擬唐客拜朝儀衛也。
庚子。以從五位上藤原朝臣鷹取爲左中弁。從; 六位下中臣朝臣人足。平羣朝臣安麻呂。正六位上高志連村君。國覓忌寸八嶋。幡文造通並授從五位下。
三月庚子。遣唐副使從五位下巨勢朝臣邑治等自唐國至。
庚申。從四位上下毛野朝臣古麻呂。請改下毛野朝臣石代姓爲下毛野川内朝臣。許之。
甲子。給鐵印于攝津伊勢等; 氏。靈龜二年入唐學問。唐天子尊■。准三品令着紫袈裟。天平七年隨大使多治比眞人廣成還歸。齎經論五千餘卷及諸佛像來。皇朝亦施紫袈裟着之。尊爲僧正。安置内道塲。自是之後。榮寵日盛。稍乖沙門之行。時人惡之。至是死於徙所。世相傳云。爲藤原廣嗣"
L211,Place,日本求法僧,1,"。於大納言宅。奉啟伴右中辨小野宰相宅。皆有狀。竝付小野少貳訖。
廿八日於大山寺始入唐時所祈金剛般若五仟卷。皆先馳使。奉送綵帛。同日。早朝一時發遣綵帛使訖。便轉經。同日。為竈門大神轉一千卷。
廿九日午前"
L212,Place,日本海（漂至日本邊境）,1,"來也？」對曰：「百濟王命以遣於呉國，其國有亂，不（得）入，更返於本郷。忽逢暴風，漂蕩海中，然有大幸而泊于聖帝之邊境，以歡喜。」
五月丁卯朔壬午，德摩呂等復奏之，則返德摩呂、龍二人，而副百濟人等送本國。至于對馬，以道人等十一皆請之欲留，乃上表而留"
L213,Place,日本近海,1,朝臣篁。得今月八日飛驛奏状。知歸着肥前國松浦郡別島也。近聞。第一第四兩隻舶。半路漂廻。疾懐未弭。尋省茲奏。轉以驚嗟。本謂忠貞必蒙利往。不知此行何負幽明。雖無巨災。艱虞足患。今案來奏。舶船有損。・艇亦失。還大宰府。繕補其不完不足者。然後与持節使等
L214,Place,日本近海→大宰府,1,宜令五畿内七道諸國司轉讀般若走幣名神。』▼是日。大宰府馳驛。奏遣唐使第一第四兩船漂蕩却廻之状。兩船密封奏。同
L215,Place,日本近海・大宰府,1,"勘發之。』▼是日。天皇遷御常寧殿。以避暑也。
五月丁巳朔己未。遣唐使上奏言。使等漂廻。嚴綸未允。雖風信之愆。乃是天時。而重行之累。類有冥妨。况巨海之"
L216,Place,日本遣使,1,開元初，又遣使來朝，因請儒士授經。詔四門助教趙玄默就鴻臚寺教之
L217,Place,日本遣唐使船,1,非實者。牒。得三津等状稱。奉本王命。專來通好。及開函覽牒。但云修聘巨唐。脱有使船漂着彼界。則扶之送過。無俾滯遏者。主司再發星使。設問丁寧。口与牒乖。虚實莫辨。既非交隣之使。必匪由衷之賂。事無■實。豈合虚受。且太政官印。篆跡分明。小野篁船帆飛已遠
L218,Place,日本（叡山）,1,"里。

嘉祥三年
釋圓珍夢山王明神告曰：「入唐求法，勿爲留滯。」珍夢中曰：「此來入唐，請益闍梨仁公，精研顯密，已歸本山。我何汲汲於航海乎？」神曰：「世人薙發爲僧者多矣，子昔日何汲汲於薙發乎？」蓋珍躁甚於度世。
四年春，又夢山王語曰：「求法忘身，"
L219,Place,日本（叡山）→唐,1,"方志道者，後當入日本國。」元佐送護四十里。

嘉祥三年
釋圓珍夢山王明神告曰：「入唐求法，勿爲留滯。」珍夢中曰：「此來入唐，請益闍梨仁公，精研顯密，已歸本山。我何汲汲於航海乎？」神曰：「世人薙發爲僧者多矣，子昔日何汲汲於薙發乎？」蓋珍躁甚於度世"
L220,Place,日本（裴世清來日）,1,，愛育之情，無隔遐邇。知皇介居海表，撫寧民庶，境内安樂，風俗融和，深氣至誠，遠脩朝貢，丹款之美，朕有嘉焉。稍暄，比如常。世一作「也」故遣鴻臚寺掌客裴世清等，指一作「稍」宣往意，并送物如别。』時，阿倍臣出進以受其書而進行，大伴嚙連迎出承書，置於大
L221,Place,日本（隋使來訪）,1,，愛育之情，無隔遐迩。知皇介居海表，撫寧民庶，境内安樂，風俗融和，深氣至誠，達脩朝貢。丹款之美，朕有嘉焉。稍暄，比如常也。故遣鴻臚寺掌客裴世清等，稍宣往意，并送物如別。」時，阿倍臣出進，以受其書而進
G019,Group,日置造蓑麻呂等八人（從五位上）,1,"雲守。
是月。陸奥夷俘來降者。相望於道。
夏四月甲申。從五位上日置造蓑麻呂等八人賜姓榮井宿祢。從六位上日置造雄三成等四人鳥井宿祢。正八位下日置造飯麻呂等二人吉井宿祢。
丙戌。雨雹。
庚寅。渤海使史都蒙等入京。
辛夘。太政官遣使慰問史都蒙等。
甲"
L222,Place,明州,7,。阿闍梨以金剛杵并儀軌法門等、付属宗叡、用充印信。更尋慈恩寺造玄、興善寺智慧輪等阿闍梨、承受秘奥、詢求幽■、廻至洛陽、便入聖善寺善無畏三蔵旧院。其門徒、以三蔵所持金剛杵并経論梵夾諸尊儀軌等授之。八年到明州望海鎮。適遇李延孝、遥指扶桑、将泛一葉。宗叡同舟、順風解纜、三日夜間、帰着本朝。主上大悦、遇以殊礼。当時法侶皆望和尚之伝金剛; 等阿闍梨、承受秘奥、詢求幽■、廻至洛陽、便入聖善寺善無畏三蔵旧院。其門徒、以三蔵所持金剛杵并経論梵夾諸尊儀軌等授之。八年到明州望海鎮。適遇李延孝、遥指扶桑、将泛一葉。宗叡同舟、順風解纜、三日夜間、帰着本朝。主上大悦、遇以殊礼。当時法侶皆望和尚之伝金剛界法胎蔵界法密教。和尚於東寺、教授之。学徒有数、傾懐而説。十一年春為権律師、十六年; 故書曰。人有礼則安、無礼則危。経曰。人能行礼、得生天上。是知、内経外書、以礼存立。故祖師法印大和尚位最澄、延暦末年、奉使入唐、求法事訖、臨廻請於当州公憑、且明州朝議郎使持節明州諸軍事守明州刺史上国柱■陽鄭審判則批判求法目録稱。最澄闍梨、性稟生知之才、来自礼儀之国。南登五台之嶺、窮智者之法門、西泛鏡湖之水、探潅頂之神秘。可謂; 礼。故書曰。人有礼則安、無礼則危。経曰。人能行礼、得生天上。是知、内経外書、以礼存立。故祖師法印大和尚位最澄、延暦末年、奉使入唐、求法事訖、臨廻請於当州公憑、且明州朝議郎使持節明州諸軍事守明州刺史上国柱■陽鄭審判則批判求法目録稱。最澄闍梨、性稟生知之才、来自礼儀之国。南登五台之嶺、窮智者之法門、西泛鏡湖之水、探潅頂之神秘。可謂; 刺史上国柱■陽鄭審判則批判求法目録稱。最澄闍梨、性稟生知之才、来自礼儀之国。南登五台之嶺、窮智者之法門、西泛鏡湖之水、探潅頂之神秘。可謂法門龍象、青蓮出池者。然則、西朝重我国家、稱為礼儀之郷。当寺法主大比叡小比叡両明神、陰陽不測、造化
L223,Place,明州望海鎮,1,三蔵所持金剛杵并経論梵夾諸尊儀軌等授之。八年到明州望海鎮。適遇李延孝、遥指扶桑、将泛一葉。宗叡同舟、順風解纜、三日夜間、帰着本朝。主上大悦、遇以殊礼。当時法侶皆望和尚之伝金剛界法胎蔵界法密教。和尚於東寺、教授之。学徒有数、傾懐而説。十一年春為権律師、十六年冬転権少僧都、奉授天皇金
C026,Culture,明經博士得業生,1,"勅。宜准歸化例安置供給。

戊申四日。明經博士得業生等依例奉參内裏。不引見而罷。賜祿有差。

庚戌六日。日入之時。赤雲八條起自東方。直指西方。廣殆及竟天。瑞祥志曰。天氣峙時。山川出雲。占云。赤氣如大道一條。若至三四五條者大赦。人民安樂。

丁巳"
L224,Place,春日山,1,二月戊子。遣唐使拜天神地祇於春日山下。去年風波不調。不得渡海。使人亦復頻以相替。至是副使小野朝臣石根重脩祭祀也。
L225,Place,春男王（右京人正六位上）,1,"擇窮貧者。給復一年。
辛丑。太宰管内諸國飢。賑給之。
壬寅。右京人正六位上春男王賜姓宗高眞人。
戊申。備前國飢。賑給。
乙夘。勅遣唐大使藤原朝臣常嗣。副使小野朝臣篁。使等本期鳳擧用渉鼇波。心事多■。滯留逆旅。朕眷言艱節。憂念于懷。方今信風甫臻。"
P160,Person,春苑宿祢玉成,1,遣唐陰陽師兼陰陽請益正八位上春苑宿祢玉成。在唐間得難義一卷。令陰陽寮諸生傳學。
P161,Person,是亦不空三藏為國,1,向南立。佛[A32]菩薩手印容貌。與第二層像各異。粉壁內面。畫諸尊曼茶羅。填色未了。是亦不空三藏為國所造。瞻禮已畢。下閣到普賢道場。見經藏閣。大藏經六千餘卷。惣是紺碧紙金銀字。白檀玉牙之軸。看願主題。云鄭道覺。長安人也。大曆十四年五月十四日。巡五臺。親見大聖一萬[A33]菩薩及金色世界。遂發心。寫金銀字大藏經六千卷(云々)。亦有畫脚迹千輻輪相。并書跡之根申云。貞觀年中。太宗皇帝送
P162,Person,普照,1,"又與日本國同學僧玄朗、玄法二人，俱下至揚州。是歲，唐天寶元載冬十月。

時，大和上在揚州大明寺爲衆［僧］講律，榮叡、普照至大明寺，頂禮大和上足下，具述本意曰︰「佛法東流至日本國，雖有其法，而無傳法人。日本國昔有聖德太子曰︰『二百年後，聖"
L226,Place,普照至大明寺,1,"又與日本國同學僧玄朗、玄法二人，俱下至揚州。是歲，唐天寶元載冬十月。

時，大和上在揚州大明寺爲衆［僧］講律，榮叡、普照至大明寺，頂禮大和上足下，具述本意曰︰「佛法東流至日本國，雖有其法，而無傳法人。日本國昔有聖德太子曰︰『二百年後，聖"
C027,Culture,智滿禪師,1,"真，揚州江陽縣人也，俗姓淳于，齊［大夫］髡之後也。

其父先就揚州大雲寺智滿禪師受戒，學禪門。大和上年十四，隨父入寺，見佛像感動心，因請父求出家；父奇其志，許焉。是時，大周則天長安元年有詔于天下諸州度僧，便［就］智滿禪師出家爲沙彌，配住大雲寺。"
G020,Group,智等,1,"吊先皇喪，献彌陀、觀音、勢至三銅像及珍物。於是，召新羅使，責其緩而違禮也，乃以献物還之。新羅使大懼，求法聰、智等從新羅使而歸。新羅使乞救於聰、智二比丘，奏恕。六月，詔大宰府賜布帛於二比丘，而勞新羅使。君子曰：「有威、有恩、有禮乎？」因此留新羅献物。

同七年
三月，辨通、神睿二比丘赴新羅。

文武皇帝四年
二月，道慈赴唐。"
P163,Person,智證大師,1,"力。」傳聞熊野權現之神，就六萬餘言中，特舉此偈告解脫上人，其意不待言而可知也。况八幡神請佛光禪師來此國，日吉神勸智證大師入唐，皆爲佛法流通也。神能如此歸佛，非佛國而何耶？慈覺大師云：「雖神明應迹國，而大日本國，故號日本，亦有旨哉。」
吾國第三十代欽明天皇御宇，佛教始來。既而聖德太子始講《法華》《勝鬘》二經，雨華放光，聳動"
P164,Person,智通、智達,2,沙門智通、智達奉敕乘新羅船往大唐國，受無性眾生義於玄奘法師所。; 受無性眾生義於玄奘法師所。
P165,Person,智通・智達二師,1,"近，若有危急，宜遣使救之。」

齊明天皇四年
七月，智通、智達二師奉勑，乗新羅船入唐，受相宗於玄奘三藏。

天智天皇元年
三月，唐人、新羅人伐高麗，高麗乞救于我。

同三年
《海外國記》曰：天智天皇三年四月，大唐客來朝。大使朝散大夫上柱國郭務悰"
P166,Person,智鳳,1,"禮乎？」因此留新羅献物。

同七年
三月，辨通、神睿二比丘赴新羅。

文武皇帝四年
二月，道慈赴唐。

大寶三年
釋智鳳入唐。

慶雲元年
秋七月，正四位下粟田朝臣真人自唐國至。初至唐時，有人來問曰：「何處使人？」答曰：「日本國使。」唐人謂使曰：「承聞海東有大倭國，謂之君子國，人民豊樂，禮敦"
P167,Person,智鳳入唐,1,"神睿二比丘赴新羅。

文武皇帝四年
二月，道慈赴唐。

大寶三年
釋智鳳入唐。

慶雲元年
秋七月，正四位下粟田朝臣真人自唐國至。初至唐時，有人來問曰：「何處使人？」答曰：「日本國使。」唐人謂使曰：「承聞海東有大倭國，謂之君子國，人民豊樂，禮敦"
L227,Place,更指江口,1,。即問國鄉。答云。此是大唐揚州海陵縣淮南鎮大江口。即召其商人兩人。上船向淮南鎮。從水路而到半途。彼兩人未知鎮家。更指江口却歸。日晚於江口宿。二日晚彼二人歸去。近側有鹽官。即差判官長岑宿禰高名准錄事高丘宿禰百興。令向鎮家。兼送文條([□@考]條恐牒字)即鹽官判官元行存。乘小船來慰問。使等筆上([□@考]上池本作言)國風。大使
L228,Place,更流著於廬山,1,"定。
十四日。州押衙來於舶上問舶上之人數。旦歸村家。邵村勾當王訓等來相看。便聞本國相公等九隻船。先從廬山過海。遇逆風。更流著於廬山。以來之泊。入夜雷鳴洪雨。
十五日朝。雲色騷亂。雲雨"
C028,Culture,書卷三,2,"覺大師」云。事詳「慈覺大師傳」、「三國佛法傳通起緣卷三」、「元亨釋書卷三」、「日本高僧傳卷六」及「華芳餘輝」等書。
二、入唐始末
日本仁明天皇元年，派參議藤原常嗣為遣唐使。次年七月二日四舶同發，圓仁從行。遇險破舟，均折回。四年七月再發，遭逆風不果。至五年六月十三日，復於九州博多分登第一舶與第四舶，是為三次首; 二、入唐始末
日本仁明天皇元年，派參議藤原常嗣為遣唐使。次年七月二日四舶同發，圓仁從行。遇險破舟，均折回。四年七月再發，遭逆風不果。至五年六月十三日，復於九州博多分登第一舶與第四舶，是為三次首"
P168,Person,最澄,20,最澄師入唐以後。; 秋八月宣勅令最澄師修入唐所受潅頂秘法。是大法師修圓勤操等七人爲受法弟子。於清瀧峯高雄寺。; 法師亦在其中。共禀潅頂三摩耶戒。是則本朝潅頂始興之日也。; 請入唐求法僧最澄於殿上。悔過讀經。最澄獻唐国佛像。; 唐鑑真和尚三傳弟子，德行該博，鞠為法嗣，遂專修內典。年十五，登京都比叡山謁傳教大師最澄，教以止觀大定妙慧，嶄然出儕輩上。有請教止觀者，傳教輒令仁講授，己居傍聽證，率以為常。弘仁四年。歲二十，逢官試得第。次年正月，受度持沙彌戒。七年於東大寺受具足戒。最澄圓寂後，益勤學修鍊，
P169,Person,月內到文,1,大聖之化處。西天高僧。踰險遠投。唐國名德。遊[A20]茲得道。圓仁等。舊有欽羨。涉海訪尋。未遂宿願。去開成四年六月內到文登縣青寧鄉赤山新羅院。隔生緣([□@考]緣下脫於字)滄溟。忘懷土於海岸。今欲往諸方禮謁聖跡。尋師學法。恐所在州縣關津口鋪。及
P170,Person,朝唐使人,1,睿意。轉附朝唐賀正之使。令尋靈仙所在將送其金。待使復佇付金否。而隔海程途。過期不返。後年朝唐使人却廻之日。方知前年使等從海却歸。到塗里浦。疾風暴起。皆悉陷沒。亦悉往五臺覓靈仙。送金之時。靈仙遷化。不得付与。其金同陷沒。以此其後文矩入覲。啓中縷陳事由。冀達天皇。文矩不遂覲礼。將啓却歸。今再述失金事由。
L229,Place,朝堂院,1,己巳。遣唐使等、於朝堂院、拝朝。
P171,Person,朝廷,9,"、是即行賀法師之筆削也。又写得持来聖教要文五百余巻、聖朝綵壽、授位僧綱。
乙丑。賜遣唐使彩帛、各有差。
己巳。遣; 蝕之。
冬十月甲子。從四位下小野朝臣牛養卒。
丙子。少僧都行達爲大僧都。
丙戌。入唐使判官外從五位下平郡朝臣廣成。并渤海客等入京。
十一月辛夘。平郡朝臣廣成拜朝。初廣成。天平五年隨大使多治比眞人廣成入唐。六年十月事畢却歸。; 中遇造風。漂着南海賊地。相戰之時。所得兵器。五尺鉾一枚。片盖鞘横佩一柄。箭一隻。齎來献之。並不以中國兵仗。
辛亥。設百高座於宮中。令講仁王經。爲攘中外妖祥也。晩頭講畢。布施法有差。〈外記日記云。不行衆僧布施。所謂无所得者也〉。
癸丑。勅。比來亢; 三行爲隼人正。
壬申。授川部酒麻呂外從五位下。酒麻呂肥前國松浦郡人也。勝寳四年。爲入唐使第四船柁師。歸日海中順風盛扇。忽於船尾失火。其炎覆艫而飛。人皆惶遽不知爲計。時酒麻呂廻柁。火乃傍出。手雖燒爛。把柁不動。因遂撲滅。以存人物。以功; 兵部曹司。問新羅使入朝之旨。而新羅國輙改本號曰王城國。因茲返却其使。
三月丙寅。入唐大使從四位上多治比眞人廣成等。自唐國至進節刀。
辛巳。朝拜。
夏四月戊申。授无位長田王。池田王並從四位下。正四位下百濟王南典。從四位上多治比眞人廣成並正四位上。"
G021,Group,朝廷（知太政官事一品舍人親王等）,1,去天平五年。故知太政官事一品舍人親王。大將軍一品新田部親王宣勅曰。聞道。諸王等願賜臣連姓。供奉朝廷。是故召王等令問其状者。臣葛城等
L230,Place,朝廷（附驛上奏）,1,"二船判官正六位上菅原朝臣清公。來到肥前国松浦郡鹿嶋。附驛上奏。事多不載。
丙辰。授從五位下紀朝臣廣濱從五位上。正六位上犬上朝臣望成外從五位下。
庚申。近衛中將從三位勳二等坂上大宿禰田村麻呂爲參議。
辛酉。傳燈大法師位常騰爲律師。"
L231,Place,朝臣眞人等發從楚州,1,使之行。左右建旗。亦有帶仗。行官立旗前後。臣等稽之古例。未見斯儀。禁不之旨。伏請處分者。唯聽帶仗。勿令建旗。又奏曰。往時遣唐使粟田朝臣眞人等發從楚州。到長樂驛。五品舍人宣勅勞問。此時未見拜謝之禮。又新羅朝貢使王子泰廉入京之日。官使宣命。賜以迎馬。客徒斂轡。馬上答謝。但渤海國使。皆悉下馬。再拜舞踏。今領唐客。准據何例者。進退之
P172,Person,朝臣真人,3,故唐長安中，遣其大臣真人來貢，皆讀經史，善屬文。; 長安三年，其大臣朝臣真人來貢方物; 則天宴之於麟德殿，授司膳卿，放還本國。
P173,Person,朝臣真人粟田,1,長安元年，其王文武立，改元曰太寶，遣朝臣真人粟田貢方物。
P174,Person,朝貢使,1,使賜留學僧。東絁卅五疋。帖綿十疊。長綿六十五屯。砂金二十五大兩。充學問䉼。朝貢使賜勾當王友真酒飲惜別。齋後。本國相公。喚留學僧。賜砂金。流淚慰別。圓澄偁。去月四日從長安發歸。十三日。至填州甘堂驛。擬留楚州。更不向揚州。官人等從在京之日。沈病辛苦。然去月十
P175,Person,朝野朝臣鹿取,1,自此累遷遣唐准録事。
P176,Person,末伊彌買,1,"聖，慧慈亦聖也。」
是歳，新羅遣奈末伊彌買朝貢，仍以表書奏使旨。凡新羅上表，盖始起于此時歟。

卅一年
秋七月，新羅遣大使奈末智洗爾、任那遣達率奈末智，並來朝，仍貢佛像一具，及金塔并舍利，且大觀頂幡一具、小幡十二條。即佛像居於葛野秦寺，以餘舍利、"
P177,Person,末足,1,"末足等自唐國至。
丁巳。授无位久米連形名女從五位下。
戊午。從三位高麗朝臣福信賜姓高倉朝臣。
夏四月己丑。夜暴風雨。折木發屋。
辛夘。領唐客使等奏言。唐使之行。左右建旗。亦有帶仗。行官立旗前後。臣等稽之古例。未見斯"
L232,Place,末足等自唐國,2,"末足等自唐國至。
丁巳。授无位久米連形名女從五位下。
戊午。從三位高麗朝臣福信賜姓高倉朝臣。
夏四月己丑。夜暴風雨。折木發屋。
辛夘。領唐客使等奏言。唐使之行。左右建旗。亦有帶仗。行官立旗前後。臣等稽之古例。未見斯; 末足等自唐國至。
丁巳。授无位久米連形名女從五位下。
戊午。從三位高麗朝臣福信賜姓高倉朝臣。
夏四月己丑。夜暴風雨。折木發屋。
辛夘。領唐客使等奏言。唐使之行。左右建旗。亦有帶仗。行官立旗前後。臣等稽之古例。未見斯儀。禁不之旨。伏請處分者。唯聽帶仗。"
P178,Person,本又遣使,1,"中國，求内外教典。

同五年
正月十二日，鑑真乗副使古舶，着大宰府。四月，入京。
《唐録》曰：玄宗天寶十二年，日本又遣使朝貢。

同六年
正月，遣唐使大伴宿祢古麻吕自唐國至，奏曰：「大唐天寶十二載正月癸卯，百官諸蕃朝貢，天子於蓬莱宫含元殿受朝。是日，以我次西"
P179,Person,李元環,1,丙寅。唐人外從五位下李元環賜姓李忌寸。
P180,Person,李自然,1,唐女李自然授従五位下。大春日朝臣清足之妻也。入唐娶自然為妻。帰朝之日、相随而来。
L233,Place,杭州靈池院,2,"城天皇大同元年
八月，空海歸。

嵯峨天皇
唐國釋義空共惠蕚法師泛海，著大宰府。初，蕚跨海覓法，皇太后橘氏欽唐地之禪化，委金幣於蕚，聘有道尊宿。蕚到杭州靈池院，參國師，且通大后之幣。國師感納之。蕚曰：「我國信根純熟，教法甚盛，然最上禪宗未有傳也。願得師之一枝佛法，爲吾土宗門之根; 歸。

嵯峨天皇
唐國釋義空共惠蕚法師泛海，著大宰府。初，蕚跨海覓法，皇太后橘氏欽唐地之禪化，委金幣於蕚，聘有道尊宿。蕚到杭州靈池院，參國師，且通大后之幣。國師感納之。蕚曰：「我國信根純熟，教法甚盛，然最上禪宗未有傳也。願得師之一枝佛法，爲吾土宗門之根抵，不亦宜乎？」國師令室中上首義空充其請。空便共蕚泛海，著大宰府。蕚先馳奏，勑迎"
L234,Place,東大寺,5,。有請教止觀者，傳教輒令仁講授，己居傍聽證，率以為常。弘仁四年。歲二十，逢官試得第。次年正月，受度持沙彌戒。七年於東大寺受具足戒。最澄圓寂後，益勤學修鍊，張講席於各地。仁明帝承和三年(八三六)受詔入唐請益。五年六月，隨日本第十八次遣唐使藤原常嗣西渡，時年四十五。遊唐十年歸國，大弘佛法，受文德、清和諸帝寵遇，尊為傳燈大師，補天台; 春秋七十有五也。俗姓上毛野公、大和国広瀬郡人也。生年十五出家、廿受具足戒、廿五被宛入唐留学、学唯識法花両宗。住唐卅一年、帰来之日、歴試身才。東大寺僧明一、難問宗義、; 也。生年十五出家、廿受具足戒、廿五被宛入唐留学、学唯識法花両宗。住唐卅一年、帰来之日、歴試身才。東大寺僧明一、難問宗義、頗有所塞。明一即罵云。費粮両国、学植膚浅。何違朝寄、不実帰乎。法師大愧、涕泣滂沱。久在他郷、頻忘言語。長途一躓、豈忘千里之; 也。生年十五出家、廿受具足戒、廿五被宛入唐留学、学唯識法花両宗。住唐卅一年、帰来之日、歴試身才。東大寺僧明一、難問宗義、頗有所塞。明一即罵云。費粮両国、学植膚浅。何違朝寄、不実帰乎。法師大愧、涕泣滂沱。久在他郷、頻忘言語。長途一躓、豈忘千里之行。深林枯枝、何薄万畝之影。有法華経疏; 也。生年十五出家、廿受具足戒、廿五被宛入唐留学、学唯識法花両宗。住唐卅一年、帰来之日、歴試身才。東大寺僧明一、難問宗義、頗有所塞。明一即罵云。費粮両国、学植膚浅。何違朝寄、不実帰乎。法師大愧、涕泣滂沱。久在他郷、頻忘言語。長途一
P181,Person,板振鎌束,1,海中遭風所向迷方。柁師水手爲波所沒。
G022,Group,板振鎌束船,2,風勢猶猛。漂流十餘日。着隱岐國。; 漂流十餘日。着隱岐國。
L235,Place,栖靈寺,1,三論留學僧常曉。住彼寺。於琛法師房。受真言法。擬畫兩部曼荼羅。
P182,Person,桓武天皇,1,桓武天皇朝屢有遣唐使，如弘法、傳教，皆隨國使入唐
G023,Group,桓武天皇朝遣唐使（弘法・傳教等）,1,臣服，又不欲絶好，其意可觀也。厥後，桓武天皇朝屢有遣唐使，如弘法、傳教，皆隨國使入大唐。此時恐無天子書，而惟使者以通事諭來意乎？至於烏羽院代，大宋國附商客孫俊明、鄭清等通書，因周命諸儒議之，終無報書矣。然則平氏重盛施黄金於育王，源氏實朝求佛牙於能
L236,Place,楚州,1,分者。唯聽帶仗。勿令建旗。又奏曰。往時遣唐使粟田朝臣眞人等發從楚州。到長樂驛。五品舍人宣勅勞問。此時未見拜謝之禮。又新羅朝貢使王子泰廉入京之日。官使宣命。賜以迎馬。客徒斂轡。馬上答謝。但渤海國使。皆悉下馬。再拜舞踏。今領唐客。准據何例者。進退之
L237,Place,楚州塩城縣,1,正四位下粟田朝臣眞人自唐國至。初至唐時...荅曰。是大周楚州塩城縣界也。
P183,Person,榮睿,1,"門行善至自高麗。三蔵善無畏來遊。

聖武天皇五年
釋榮睿、普照等隨遣唐大使丹墀廣成入唐留学。

天平八年
七月，南天笁婆羅門種菩提來。釈佛哲，林邑國人，伴菩提同來。

孝謙天皇天平勝寶四年
《佛祖統紀》曰：日本國孝明天皇天平勝寶四年，遣使入中國，求内外教典。

同五年
正月十二日，鑑真"
L238,Place,槻本村主勝麻呂,1,"舍人等，掃清諸寺堂塔。則大赦天下，囚獄已空。
六月己巳朔，槻本村主勝麻呂賜姓曰連。仍加勤大壹位，封二十戶。
庚午，工匠、陰陽師、侍醫、大唐學生及一二宮人并三十四人，授爵位。
乙亥，選諸司人等有功二十八人，增加爵位。
戊寅，卜天皇病，祟草"
P184,Person,橘逸勢,2,入居之子也。為性放誕，不拘細節。尤妙隸書，宮門榜題，手跡見在。延曆之季，隨聘唐使入唐。唐中文人，呼為橘秀才。歸來之日，歷事數官。以年老羸病，靜居不仕。承和九年，連染伴-健岑謀反事，拷掠不服，減死配流伊豆國。初逸勢之赴配所也，有一女，悲泣步從。官; 四位下-入居之子也。為性放誕，不拘細節。尤妙隸書，宮門榜題，手跡見在。延曆之季，隨聘唐使入唐。唐中文人，呼為橘秀才。歸來之日，歷事數官。以年老羸病，靜居不仕。承和九年，連染伴-健岑謀反事，拷掠不服，減死配流伊豆國。初逸勢之赴配所也，有一女，悲泣步從。官
P185,Person,權介小野朝臣滋野上奏,2,郡橘浦。判官勅旨大丞正六位上兼下総權介小野朝臣滋野上奏言。臣滋野等。去寳龜八年六月廿四日。候風入海。七月三日。与第一船同到揚州海陵縣。八月廿九日。到揚州大都督府。即依式例安置供給。得觀察使兼長史陳少遊處分。属祿山亂。常館彫弊。入京使人。仰限六十人。以來十月十五日。臣等八十五人發州入京。行百餘里。忽據中書門下牒。■節人數。限以廿人。; 上兼下総權介小野朝臣滋野上奏言。臣滋野等。去寳龜八年六月廿四日。候風入海。七月三日。与第一船同到揚州海陵縣。八月廿九日。到揚州大都督府。即依式例安置供給。得觀察使兼長史陳少遊處分。属祿山亂。常館彫弊。入京使人。仰限六十人。以來十月十五日。臣等八十五人發州入京。行百餘里。忽據中書門下牒。■節人數。限以廿人。臣等請。更加廿三人。持節副使
L239,Place,歸途海上,2,"行爲隼人正。
壬申。授川部酒麻呂外從五位下。酒麻呂肥前國松浦郡人也。勝寳四年。爲入唐使第四船柁師。歸日海中順風盛扇。忽於船尾失火。其炎覆艫而飛。人皆惶遽不知爲計。時酒麻呂廻柁。火乃傍出。手雖燒爛。把柁不動。因遂撲滅。以存人物。以功; 唐國。石根大宰大貳從四位下老之子也。寳龜八年。任副使入唐。事畢而歸。海中船斷。石根及唐送使趙寳英等六十三人。同時沒死。故並有此贈也。」授正六位上大原眞人黒麻呂從五位下。
丁丑。散位從四位下佐伯宿祢三野卒。
庚辰。授外"
P186,Person,比知嶋,1,唐國使人郭務悰等六百人，送使沙宅孫登等一千四百人，總合二千人，乘船四十七隻，俱泊於比知嶋。
L240,Place,民首氏住（左京人從六位下）,1,"。以新錢四万文。分之供施京城及平城有名之寺佛僧。毎寺内舍人爲使。』左京人道公安野賜姓當道朝臣。
庚子。勅旨曰。左京人從六位下民首氏住。賜姓長岑宿祢焉。氏主等与白鳥村主同祖。出自魯公伯禽云。
辛丑。河内"
P187,Person,永原朝臣貞主,1,"下道君首名。治迹有聲。永存遺愛。廣持是首名之孫也。
甲寅。女叙位并外任。
乙夘。授正六位上永原朝臣貞主從五位下。
丁巳。正三位源朝臣信爲近江守。左兵衛督"
P188,Person,永忠,1,"引新羅次西畔第二吐蕃下，以日本使次東畔第一大食國上。」三善朝臣信貞元永元年四月廿五日所勘。

光仁天皇
寶亀之初，釋永忠入唐。延曆之季，隨使歸。

桓武天皇延曆二十一年
釋最澄賜入唐求法詔。

同二"
L241,Place,沙門道久、筑紫君薩野馬、韓嶋勝娑婆、布師首磐,1,沙門道久、筑紫君薩野馬、韓嶋勝娑婆、布師首磐四人從唐來
P189,Person,河邊臣麻呂,2,大使小錦下河邊臣麻呂。; 八月戊戌朔、河邊臣麻呂等自大唐還。
L242,Place,泉寺弘景律師,1,"戒律；江淮之間，獨爲化主。於是興建佛事，濟化羣生，其事繁多，不可具載。

日本［國］天平五年，歲次癸酉，沙門榮叡、普照等隨遣唐大使丹墀真人廣成，至唐國留學。是［歲］，唐開元二十一年也。唐國諸寺三藏、大德，皆以戒律爲入道之正門；若有不持戒者，不齒於僧中。於是，方知本國無傳戒人。仍請東都大福［先］寺沙門道璿律師，附副使中臣朝臣名代之［舶］，先向本國去，擬爲"
L243,Place,泊肥前國松浦郡橘浦,2,"本位外從五位下。
癸巳。授无位藤原朝臣今女從五位下。
乙未。遣唐使第三船到泊肥前國松浦郡橘浦。判官勅旨大丞正六位上兼下総權介小野朝臣滋野上奏言。臣滋野等。去寳龜八年六月廿四日。候風入海。七月三日。与第一船同到揚州海陵縣。八月廿九日。到揚州大都督府。即依式例安置供給。得觀察使兼長史陳少遊處分。; 本位外從五位下。
癸巳。授无位藤原朝臣今女從五位下。
乙未。遣唐使第三船到泊肥前國松浦郡橘浦。判官勅旨大丞正六位上兼下総權介小野朝臣滋野上奏言。臣滋野等。去寳龜八年六月廿四日。候風入海。七月三日。与第一船同到揚州海陵縣。八月廿九日。到揚州大都督府。即"
C029,Culture,法寳,1,遂懷法寳。歸來本朝。啓秘密之門。弘大日之化。
C030,Culture,法師,1,大同元年冬十一月於叡山止觀院法師爲上首。與百餘人。受圓頓菩薩大戒。
L244,Place,洛陽之京,1,"人所滅。便東漢長直阿利麻、坂合部連稻積等五人，盜乘嶋人之船，逃到括州。州縣官人送到洛陽之京。
十六日，夜半之時，吉祥連船，行到越州會稽縣須岸山。東北風，風太急。
二十三日，行到餘姚縣。所乘大船及諸調度之物留著彼處。
潤十月一日，行到越州之底。
十"
P190,Person,津守連吉祥,1,遣小錦下坂合部連石布、大仙下津守連吉祥，使於唐國。
L245,Place,流著出州國,2,來相看。是本國弘仁十年。流著出州國之唐人張覺濟等同船之人也。問漂流之由。申云為交易諸物。離此過海。忽遇惡風。南流三月。流著出州國。其張覺濟兄弟二人。臨將發時。同共逃留出州。從北出州。就北海而發。得好風十五箇日。流著長門國。頗解本國語([□@考]出州之州恐羽字。日本紀略弘仁十一年四月戊戌唐人李少貞等二十人漂著出羽國。是或; 請來相看。是本國弘仁十年。流著出州國之唐人張覺濟等同船之人也。問漂流之由。申云為交易諸物。離此過海。忽遇惡風。南流三月。流著出州國。其張覺濟兄弟二人。臨將發時。同共逃留出州。從北出州。就北海而發。得好風十五箇日。流著長門國。頗解本國語([□@考]出州之州恐羽字。日本紀略弘仁十一年四月戊戌唐人李少貞等二十人漂著出羽國。是或
L246,Place,流著長門國,2,過海。忽遇惡風。南流三月。流著出州國。其張覺濟兄弟二人。臨將發時。同共逃留出州。從北出州。就北海而發。得好風十五箇日。流著長門國。頗解本國語([□@考]出州之州恐羽字。日本紀略弘仁十一年四月戊戌唐人李少貞等二十人漂著出羽國。是或; 此過海。忽遇惡風。南流三月。流著出州國。其張覺濟兄弟二人。臨將發時。同共逃留出州。從北出州。就北海而發。得好風十五箇日。流著長門國。頗解本國語([□@考]出州之州恐羽字。日本紀略弘仁十一年四月戊戌唐人李少貞等二十人漂著出羽國。是或
L247,Place,海上,8,海中遭風所向迷方。柁師水手爲波所沒。; 風勢猶猛。漂流十餘日。着隱岐國。; 大宰府奏遣唐使三ケ舶漂廻之状。; 第一船擧帆指奄美嶋發去。未知其着處。; 柁折棚落。潮溢人溺。船頭已下百・餘人任波漂蕩。
L248,Place,海中,1,河僅以身免。遂留唐國。不得歸朝。於後十餘年。薨於唐國。石根大宰大貳從四位下老之子也。寳龜八年。任副使入唐。事畢而歸。海中船斷。石根及唐送使趙寳英等六十三人。同時沒
L249,Place,海國中臺省牒日本國,1,亦悉往五臺覓靈仙。送金之時。靈仙遷化。不得付与。其金同陷沒。以此其後文矩入覲。啓中縷陳事由。冀達天皇。文矩不遂覲礼。將啓却歸。今再述失金事由。故遣賀福延輸申誠志。伏望體悉。』又中臺省牒曰。渤海國中臺省牒日本國太政官。應差入覲貴國使政堂省左允賀福延并行從一百五人。牒。奉處分。日域東遥。遼陽西阻。兩邦相去。万里
P191,Person,清上,2,清上從聘唐使。入於大唐。; 歸朝之日。舶遭造風。漂墮南海賊地。爲賊所殺。
L250,Place,清河忌寸斯麻呂,1,丁卯。授唐人正六位上清河忌寸斯麻呂外從五位下。
L251,Place,渤海一,1,"歸朝。天子許之。給船粮發遣。十年三月。從登州入海。五月到渤海界。適遇其王大欽茂差使。欲聘我朝。即時同發。及渡沸海。渤海一船遇浪傾覆。大使胥要徳等■人沒死。廣成等率遣衆。到著出羽國。
十二月戊辰。渤海使己珎蒙等拜朝。上其王啓并方物。其詞曰。欽茂啓。山河杳絶。國土夐遥。佇望風猷。唯増傾仰。伏惟。天皇聖叡。至徳遐暢。奕葉重光。澤流萬姓"
L252,Place,渤海人宗佐等五十六人,1,"月丁巳朔。日有蝕之。

庚申四日。先是渤海人宗「宇」佐等五十六人漂着石見國。給資粮。放還本。

辛酉五日。右近衛清井冬行。病後狂發。騎馬馳入郁芳門。

庚午十四日。月次神今食祭。天皇不御神嘉殿。親王公卿。奉勅行事。去十一日大膳犬"
L253,Place,渤海使還國,1,"二月癸酉。授正六位上佐伯宿祢瓜作從五位下。正六位上久米連眞上外從五位下。」渤海使還國。賜其王璽書。并附信物。
乙亥。贈故入唐大使從三位藤原朝臣清河從二位。副使從五位上小野朝臣石根從四位下。清河贈太政大臣房前之第四子也。勝寳五年。爲大使入唐。廻日遭逆風漂著唐國南邊驩州。時遇土人。及合船被害。清河僅以身免。遂留唐國。不得歸朝。"
L254,Place,渤海國入唐之使,1,國天草郡。遣大唐通事張建忠覆問事由。審實情状。是渤海國入唐之使。去三月着薩摩國。逃去之一艦也。仍奉進宗佐等日記。并所蝋封函子。雜封書。弓劔等。▼是日。勅討覈宗佐等申状。知是渤海人。亦其表函牒書。印封官等。讎校先來入覲在
L255,Place,渤海武藝,1,夏代門藝統兵，徵門藝，欲殺之。門藝遂棄其眾，間道來奔，詔授左驍衛將軍。武藝尋遣使朝貢，仍上表極言門藝罪狀，請殺之。上密遣門藝往
L256,Place,渤海路,1,請取渤海路歸朝。天子許之。給船粮發遣。十年三月。從登州入海。五月到渤海界。
L257,Place,漂着登州,1,尚書右丞藤常嗣上第一舶。七月二日，着唐國楊州海陵縣，則文宗開成三年也。仁出帝京，歷鄭、密二州，到登州押新羅使張詠宅。初，漂着登州時，詠以嘗來日本，受國恩，待仁甚厚，至此又能慰勞。其年春，唐商船從越州赴日本，風濤漂逸，返登州界。至秋又發，適聞仁歸，歸
P192,Person,漂蕩,1,"唐副使從四位上吉備朝臣眞備船。以去年十二月七日。來着益久嶋。自是之後。自益久嶋進發。漂蕩着紀伊國牟漏埼。
丙寅。副使大伴宿祢古麻呂自唐國至。古麻呂奏曰。大唐天寳十二載。歳在癸巳正月朔癸夘。百官諸蕃朝賀。天子於蓬莱宮含元殿受朝。是日。以我次西畔第二吐蕃下。以新羅使次東畔第一大食國上。古麻呂論曰。自"
L258,Place,潼關,1,廿二日過潼關。是國城之咽喉也。
C031,Culture,爲法早可,1,月。最澄大師遷化。圓仁齢始滿卅。身羸眼暗。知命不久。因而尋叡山北極幽谷。結草爲庵。消三四年。闔山僧衆苦勸云。吾師爲法早可入唐。尋而官補請益。承和五年發。七月二日著大唐楊州海陵縣。開成三年七月二日到楊州。同年十月。國使入京。圓仁苦請留住楊府。意任巡礼天台及五臺等諸聖跡。李相公徳裕聞奏。有勅不許巡礼。四年國使
L259,Place,牒諸寺澈查外國,1,"眾人，學兼內外，乃上書功德使請歸國，不許。自武宗當國，排佛虐僧之舉，與日俱甚。會昌三年五月二十五日，牒諸寺澈查外國僧侶，仁具牒說明。巡禮記第三卷記事止此。
會昌三年七月二十四日，弟子惟曉卒，時痼疾已七月。仁為籌殯葬，益感愴作速歸計。武"
P193,Person,犬上君御田鍬、矢田部造,2,遣犬上君御田鍬、矢田部造於大唐。; 秋九月、犬上君御田鍬、矢田部造至自大唐。
P194,Person,玄奘三藏,3,"近，若有危急，宜遣使救之。」

齊明天皇四年
七月，智通、智達二師奉勑，乗新羅船入唐，受相宗於玄奘三藏。

天智天皇元年
三月，唐人、新羅人伐高麗，高麗乞救于我。

同三年
《海外國記》曰：天智天皇三年四月，大唐客來朝。大使朝散大夫上柱國郭務悰; 器。漏汚被褥。和尚乃微笑曰。放蕩小子汚人之床。竟無復一言焉。初孝徳天皇白雉四年。隨使入唐。適遇玄弉三藏。師受業焉。三藏特愛。令住同房。謂曰。吾昔往西域。在路飢乏。無村可乞。忽有一沙門手持梨子。与吾食之。吾自啖後氣力日健。今汝是持梨沙門也。又謂曰。經; 。放蕩小子汚人之床。竟無復一言焉。初孝徳天皇白雉四年。隨使入唐。適遇玄弉三藏。師受業焉。三藏特愛。令住同房。謂曰。吾昔往西域。在路飢乏。無村可乞。忽有一沙門手持梨子。与吾食之。吾自啖後氣力日健。今汝是持梨沙門也。又謂曰。經論深妙不能究竟。不如學"
P195,Person,玄奘法師,2,沙門智通、智達奉敕乘新羅船往大唐國，受無性眾生義於玄奘法師所。; 受無性眾生義於玄奘法師所。
P196,Person,王希逸,1,乙亥。唐人正六位上王希逸賜姓江田忌寸。
P197,Person,甑嶋郡,1,"餘人而來歸。
乙夘。第二船到泊薩摩國出水郡。又第一船海中中斷。舳艫各分。主神津守宿祢國麻呂。并唐判官等五十六人。乘其艫而着甑嶋郡。判官大伴宿祢繼人。并前入唐大使藤原朝臣河清之女喜娘等■一人。乘其舳而着肥後國天草郡。繼人等上奏言。繼人等去年六月廿四日。四船同入海"
P198,Person,甘南備眞人清野,1,寳龜年中。遣唐判官。
P199,Person,甘子,2,弟兄初齎甘子從唐國來。虫麻呂先殖其種結子。故有此授焉。; 弟兄初齎甘子從唐國來。虫麻呂先殖其種結子。
G024,Group,生等各上,1,"今其寺内東南隅數十片破石是也。
庚申。車駕行幸由義宮。
三月丙寅。車駕臨博多川。以宴遊焉。▼是日。百官文人及大學生等各上曲水之詩。
丁夘。初問新羅使來由之日。金初正等言。在唐大使藤原河清。學生朝衡等。属宿衛王子金隱居歸郷。附書送於郷親。是以。國王差初正等。令送河清等書。又因使次。便貢土毛。又問。新羅貢調。其來久矣。改稱土毛。其"
L260,Place,田村第,1,當代文士賦詩送別。副使揚泰師作詩和之。
L261,Place,田村舊宮,1,"課役田租。
己未。置酒田村舊宮。群臣奉觴上壽。極日盡歡。賜祿有差。
夏四月戊辰。正七位上飯高公若舍人等十一人賜姓宿祢。
己巳。河内。攝津兩國有鼠食五穀及草木。」遣使奉幣於諸國群神。
辛未。授正五位下佐伯宿祢助從四位下。"
P200,Person,田邊史淨足,1,"衛也。
庚子。以從五位上藤原朝臣鷹取爲左中弁。從五位下賀茂朝臣人麻呂爲左少弁。」授正六位上田邊史淨足外從五位下。
春正月壬寅朔。天皇御大極殿受朝。渤海國遣獻可大夫司賓少令張仙壽等朝賀。其儀如常。」以忠臣從二位藤原朝臣魚名爲内大臣。近衛大將大宰"
P201,Person,男生,1,於是城內二弟聞側助士大夫之惡言，拒而勿入。由是男生奔入大唐，謀滅其國。
P202,Person,留學僧,3,風強濤猛。怕船將沈。捨矴擲物。口稱觀音妙見。意求活路。猛風時止。子時流着大江口南蘆原之邊。七月一日曉。潮落不得進行。令人登桅頭看山閭。南方遙有三山。未識; 宅停宿。聞大使以六月廿九日未時。離船。以後漂流之間。風強濤猛。怕船將沈。捨矴擲物。口稱觀音妙見。意求活路。猛風時止。子時流着大江口南蘆原之邊。七月一日曉。潮落不得進行。令人登桅頭看山閭。南方遙有三山。未識; 。本國使賜留學僧。東絁卅五疋。帖綿十疊。長綿六十五屯。砂金二十五大兩。充學問䉼。朝貢使賜勾當王友真酒飲惜別。齋後。本國相公。喚留學僧。賜砂金。流淚慰別。圓澄偁。去月四日從長安發歸。十三日。至填州甘堂驛。擬留楚州。更不向揚州。官人等從在京之日。沈
L262,Place,登京都比叡山,2,唐鑑真和尚三傳弟子，德行該博，鞠為法嗣，遂專修內典。年十五，登京都比叡山謁傳教大師最澄，教以止觀大定妙慧，嶄然出儕輩上。有請教止觀者，傳教輒令仁講授，己居傍聽證，率以為常。弘仁四年。歲二十，逢官試得第。次年正月，受度持沙彌戒。七年於東大寺受具足戒。最澄圓寂後，益勤學修鍊，; 聰敏，風貌溫雅。年九歲其兄授以經史。同郡大慈寺有僧曰廣智，乃唐鑑真和尚三傳弟子，德行該博，鞠為法嗣，遂專修內典。年十五，登京都比叡山謁傳教大師最澄，教以止觀大定妙慧，嶄然出儕
L263,Place,登州,7,"歸唐國。逢本朝學生阿倍仲滿。便奏得入朝。請取渤海路歸朝。天子許之。給船粮發遣。十年三月。從登州入海。五月到渤海界。適遇其王大欽茂差使。欲聘我朝。即時同發。及渡沸海。渤海一船遇浪傾覆。大使胥要徳等■人沒死。廣成等率遣衆。到著出羽國。
十二月戊辰。渤海使己珎; 行十里立二候子。築土堆四角。上狹下闊。高四尺或五尺六尺不定。曰喚之為里隔柱。二日平明發。行廿里到安香村庭彥宅齋。行廿里到登州入開元寺宿。登州去赤山浦四百里。乍行山阪蹈破脚。策杖膝步而行矣。城南地界所由喬改來請行由。仍書行曆與之如左。
日本國求法僧圓仁弟子僧惟正惟曉行者丁雄滿
右圓仁等。日; 築土堆四角。上狹下闊。高四尺或五尺六尺不定。曰喚之為里隔柱。二日平明發。行廿里到安香村庭彥宅齋。行廿里到登州入開元寺宿。登州去赤山浦四百里。乍行山阪蹈破脚。策杖膝步而行矣。城南地界所由喬改來請行由。仍書行曆與之如左。
日本國求法僧圓仁弟子僧惟正惟曉行者丁雄滿
右圓仁等。日; 六月二十二日，釋圓仁從大使尚書右丞藤常嗣上第一舶。七月二日，着唐國楊州海陵縣，則文宗開成三年也。仁出帝京，歷鄭、密二州，到登州押新羅使張詠宅。初，漂着登州時，詠以嘗來日本，受國恩，待仁甚厚，至此又能慰勞。其年春，唐商船從越州赴日本，風濤漂逸，返登州界。至秋又發，適聞仁歸，歸; 行廿里到登州入開元寺宿"
L264,Place,登州入開元寺,1,"里立二候子。築土堆四角。上狹下闊。高四尺或五尺六尺不定。曰喚之為里隔柱。二日平明發。行廿里到安香村庭彥宅齋。行廿里到登州入開元寺宿。登州去赤山浦四百里。乍行山阪蹈破脚。策杖膝步而行矣。城南地界所由喬改來請行由。仍書行曆與之如左。
日本國求法僧圓仁弟子僧惟正惟曉行者丁雄滿
右圓仁等。日"
L265,Place,登州牟平縣,1,四月十八日抵登州牟平縣海岸
P203,Person,百官諸蕃,2,"玄宗天寶十二年，日本又遣使朝貢。

同六年
正月，遣唐使大伴宿祢古麻吕自唐國至，奏曰：「大唐天寶十二載正月癸卯，百官諸蕃朝貢，天子於蓬莱宫含元殿受朝。是日，以我次西; 遣唐使大伴宿祢古麻吕自唐國至，奏曰：「大唐天寶十二載正月癸卯，百官諸蕃朝貢，天子於蓬莱宫含元殿受朝。是日，以我次西畔第二吐蕃下，以新羅使次東畔第一大食國上。古麻吕論曰：『自古至今，新羅之朝貢日本國久矣，而今列東畔上，我反在其下，義不合得。』時，將軍吴懷實見知古麻呂不肯色，即"
L266,Place,百濟使（百濟王派遣赴吳國使）,1,"來也？」對曰：「百濟王命以遣於呉國，其國有亂，不（得）入，更返於本郷。忽逢暴風，漂蕩海中，然有大幸而泊于聖帝之邊境，以歡喜。」
五月丁卯朔壬午，德摩呂等復奏之，則返德摩呂、龍二人，而副百濟人等送本國。至于對馬，以道人等十一皆請之欲留，乃上表而留"
L267,Place,皆着唐國,1,"十艘。充大宰府。
辛夘。天皇御大極殿。受朝。從四位上藤原朝臣武智麻呂。從四位下多治比眞人縣守二人。賛引皇太子也。
己亥。入唐使等拜見。皆着唐國所授朝服。
壬寅。授從四位上路"
P204,Person,眞濟,3,眞言請益僧眞濟等。僅作書答云。柁折棚落。潮溢人溺。; 承和之初。遣使聘唐。眞濟奉朝命。隨使渡海。; 中途漂蕩。船舶破裂。眞濟纔駕一筏。随波而去...凡在海上廿三日。
P205,Person,眞野麻呂,2,貞觀元年。渤海國大使烏孝愼新貢長慶宣明暦經云。是大唐新用經也。; 請停舊用新。欽若天歩。詔從之。
P206,Person,真如,3,"々〉。」去大同五年、廃皇太子。親王帰命覚路、混形沙門、名曰真如、住東大寺。親王、機識明敏、学渉内外、聴受領悟、罕見其人。稟受三論宗義於律師道詮、稍通大義。又真言密教、究竟秘奥。門弟子之成熟者聚、僧正壱演為其上首。詔授伝灯修行賢大法師位。親王、心自為、真言宗義、師資相伝、猶有不通。凡在此間、難可質疑。況復、観電露之遂空、顧形骸之早弃、苦求入唐; 赴日本寮，共泛舶，凡三日夜，着大宰府，年丁亥也。

同四年
釋真如泛海入唐，遍詢名德，不充如意，遂杖錫西邁。元慶五年，在唐留學沙門中瓘寄書來曰：「如皇子過流沙，傳聞到羅越國，逆旅迁化。」

村上天皇天德三年
《楚帖》曰：「五代後周世祖顯; 也。

同四年
釋真如泛海入唐，遍詢名德，不充如意，遂杖錫西邁。元慶五年，在唐留學沙門中瓘寄書來曰：「如皇子過流沙，傳聞到羅越國，逆旅迁化。」

村上天皇天德三年
《楚帖》曰：「五代後周世祖顯德五年，歲在戊午，有日本國傳瑜伽大教弘順大師，賜紫寛輔。又云：本國都城南五百餘里有金峰山，頂上有金剛藏王菩薩，第一靈異。山有松檜、名花、"
P207,Person,真濟奉勑,1,"問道。蕚再入支那，乞蘇州開元寺沙門契元勒事刻琬玦，題曰：「日本國首傳禪宗記」，附舶寄來。

仁明天皇
承和初，釋真濟奉勑入唐。

承和五年
釋惠運入唐。
六月二十二日，釋圓仁從大使尚書右丞藤常嗣上第一舶。七月二日，着唐國楊州海陵縣，則文宗開成三年也。仁出帝京，歷鄭、密二州，到登州押新羅使張詠宅。初，漂着登州時，詠以嘗來日本"
C032,Culture,真言密法,1,、惣経官家。制餝甫就、設斎供養。天皇命王公百寮行事。真雅遷化、復有僧正宗叡法師。入唐求法、受得真言。奉勧天皇、結香火之因。自遜皇位、御清和院、帰念苦空（仏道）、発心菩提。朝夕之膳、菜蔬在御。妍状豊姿、不賜顔色。■私寵引、自斯而断。遂御山庄、落飾
P208,Person,真野麻呂,1,依五紀暦經造之。望也依件經術將造進。
P209,Person,石川朝臣豊人,1,"姓臣。
戊辰。大風。
庚午。天下諸國蝗。畿内者遣使巡視。餘者令國司行事。
壬午。授正五位上石川朝臣豊人從四位下。
閏八月庚寅。先是。遣唐使船到肥前國松浦郡合蚕田浦。積月餘日。不得信風。既入秋節。弥違水候。乃引還於博多大津。奏上曰。今既入於秋節。逆風"
L268,Place,石川朝臣道益,3,延暦年中入唐副使。石川朝臣道益。明州身已亡。今有勅敘四品位。付此使送贈賜彼隴前。; 故入唐使贈從四品下石川朝臣道益可贈從四品上。忘躯徇節。奉使先朝。履義資忠。修聘唐國。; 路甞艱苦。泊遘沈痾。未達於中京。奄淪於下・
P210,Person,石見國,1,"月丁巳朔。日有蝕之。

庚申四日。先是渤海人宗「宇」佐等五十六人漂着石見國。給資粮。放還本。

辛酉五日。右近衛清井冬行。病後狂發。騎馬馳入郁芳門。

庚午十四日。月次神今食祭。天皇不御神嘉殿。親王公卿。奉勅行事。去十一日大膳犬"
G025,Group,礒原朝臣諸宗等廿八人,1,"御榻。
庚子。攝津國飢。賑給之。
六月乙巳朔。右京人正六位上礒原朝臣諸宗等廿八人賜姓文室眞人。
丁未。入唐請益僧傳灯大法師位常曉言。山城國宇治郡法琳寺。地勢閑燥。足修大法。望請。今般自大唐奉請太元帥靈像秘法安置此處。爲修法院。保護國家。不關講讀"
L269,Culture,礒原朝臣諸宗等廿八人（右京人正六位上）,1,"。賑給之。
六月乙巳朔。右京人正六位上礒原朝臣諸宗等廿八人賜姓文室眞人。
丁未。入唐請益僧傳灯大法師位常曉言。山城國宇治郡法琳寺。地勢閑燥。足修大法。望請。今般自大唐奉請太元帥靈像秘法安置此處。爲修法院。保護國家。不關講讀師之攝。許之。
己酉。"
C033,Culture,神請佛光禪師來此國,1,"力。」傳聞熊野權現之神，就六萬餘言中，特舉此偈告解脫上人，其意不待言而可知也。况八幡神請佛光禪師來此國，日吉神勸智證大師入唐，皆爲佛法流通也。神能如此歸佛，非佛國而何耶？慈覺大師云：「雖神明應迹國，而大日本國，故號日本，亦有旨哉。」
吾國第三十代欽明天皇御宇，佛教始來。既而聖德太子始講《法華》《勝鬘》二經，雨華放光，聳動"
P211,Person,祢古麻吕,2,"真乗副使古舶，着大宰府。四月，入京。
《唐録》曰：玄宗天寶十二年，日本又遣使朝貢。

同六年
正月，遣唐使大伴宿祢古麻吕自唐國至，奏曰：「大唐天寶十二載正月癸卯，百官諸蕃朝貢，天子於蓬莱宫含元殿受朝。是日，以我次西; 遣唐使大伴宿祢古麻吕自唐國至，奏曰：「大唐天寶十二載正月癸卯，百官諸蕃朝貢，天子於蓬莱宫含元殿受朝。是日，以我次西畔第二吐蕃下，以新羅使次東畔第一大食國上。古麻吕論曰：『自古至今，新羅之朝貢日本國久矣，而今列東畔上，我反在其下，"
P212,Person,祢古麻呂,1,"位上吉備朝臣眞備船。以去年十二月七日。來着益久嶋。自是之後。自益久嶋進發。漂蕩着紀伊國牟漏埼。
丙寅。副使大伴宿祢古麻呂自唐國至。古麻呂奏曰。大唐天寳十二載。歳在癸巳正月朔癸夘。百官諸蕃朝賀。天子於蓬莱宮含元殿受朝。是日。以我次西畔第二吐蕃下。以新羅使次東畔第一大食國上。古麻呂論曰。自古至今。新羅之朝貢大日本國久矣。而今列東畔"
L270,Place,福州長溪縣赤岸鎭,1,八月十日到福州長溪縣赤岸鎭已南海口。
L271,Place,秦忌寸安麻呂（右京少属）・秦忌寸家繼（造檀林寺使主典）,1,"上。爲遣唐譯語兼但馬權掾。
壬午。右京少属秦忌寸安麻呂。造檀林寺使主典同姓家繼等賜姓朝原宿祢。』▲壬午染作遣唐料雜物處。〈權用皇后宮職。〉帛一匹。忽随飆風飛揚・許丈。須臾墮侍從所。
乙酉。美濃國人主殿"
L272,Place,秦忌寸（左京人正六位上）,1,"彈正大疏嶋脚臣眞行賜姓高生朝臣。其先觀松彦香殖稻天皇之後也。左京人正六位上秦忌寸賜姓朝原宿祢。
己亥。勅。以新錢四万文。分之供施京城及平城有名之寺佛僧。毎寺内舍人爲使。』左京人道公安野賜姓當道朝臣。
庚子。勅旨曰。左京人從六位下民首氏住。賜姓長"
P213,Person,空海,13,空海以去延暦二十三年。銜命留學之末。問津萬里之外。其年臘月得到長安。; 二十四年二月十日。准勅配住西明寺。; 幸遇青龍寺灌頂阿闍梨法號惠果和尚。以爲師主。; 授我以發菩提心戒。許我以入灌頂道場。沐受明灌頂再三焉。受阿闍梨位一度也。; 延暦廿三年入唐留學。遇青龍寺惠果和尚。禀學眞言。
P214,Person,突厥始畢可汗,1,畢遣其特勤康稍利等獻馬千匹，會于絳郡，又遣二千騎助軍，從平京城。及高祖即位，前後賞賜，不可勝紀。始畢自恃其功，益驕踞，每遣使者至長安，頗多橫恣，高祖以中原未定，每優容之。武德元年，始畢使骨咄祿特勤來朝，宴于太極殿，奏九部樂，賚錦
P215,Person,竪泰,1,"縣館。西北行廿里。到竪泰([□@考]泰東本作紊)孫花茂宅斷中。不報直入宅裏。得主人恠。但主心慇懃。齋後望西北行卅里。到蓬萊縣管內望仙鄉王庭村寺宿。入夜雷雨。唐國行五里立一候子。行十里立二候子。築土堆四角。上狹下闊。高四尺或五尺六尺不定。曰喚之為里隔柱。二日平明發。行廿里到安香村庭彥宅齋。行廿里到登州入開元寺宿。登州去赤山浦四百里。乍行山阪蹈破脚。策杖膝步而行矣。城南地界所由喬改來請行由。仍書行曆與之如左。
日本國求法僧圓仁弟子僧惟正惟曉行者丁雄滿
右圓仁等。日"
P216,Person,笠朝臣仲守・伴宿祢成益,1,且以左中弁從四位下笠朝臣仲守。右少弁從五位下伴宿祢成益。並爲遣唐裝束司。
G026,Group,第四兩船,1,"力而已。宜令五畿内七道諸國司轉讀般若走幣名神。』▼是日。大宰府馳驛。奏遣唐使第一第四兩船漂蕩却廻之状。兩船密封奏。同共到來。
甲申。勅符大使藤原朝臣常嗣。判官菅原朝臣善主等。得今月六日九日二道飛驛奏状。具知漂苦廻着肥前國也。使等忠貞之操。不敢告勞。蒙冒險難。廻渉蒼海。而事不諧偶。中路却廻。靖"
L273,Place,第四船柁師川部酒麻呂（肥前國松浦郡人）,1,"三行爲隼人正。
壬申。授川部酒麻呂外從五位下。酒麻呂肥前國松浦郡人也。勝寳四年。爲入唐使第四船柁師。歸日海中順風盛扇。忽於船尾失火。其炎覆艫而飛。人皆惶遽不知爲計。時酒麻呂廻柁。火乃傍出。手雖燒爛。把柁不動。因遂撲滅。以存人物。以功"
G027,Group,等二十人,1,北海而發。得好風十五箇日。流著長門國。頗解本國語([□@考]出州之州恐羽字。日本紀略弘仁十一年四月戊戌唐人李少貞等二十人漂著出羽國。是或
G028,Group,等二十人漂著出羽國,2,海而發。得好風十五箇日。流著長門國。頗解本國語([□@考]出州之州恐羽字。日本紀略弘仁十一年四月戊戌唐人李少貞等二十人漂著出羽國。是或; 北海而發。得好風十五箇日。流著長門國。頗解本國語([□@考]出州之州恐羽字。日本紀略弘仁十一年四月戊戌唐人李少貞等二十人漂著出羽國。是或
P217,Person,筑前国,1,大唐商人崔鐸等六十三人駕一隻船、来着管筑前国...崔鐸言。従大唐台州、載貴国使多安江等、頗賚貨物。六月一日解纜、今日得投聖岸。
P218,Person,筑紫,1,遣唐使等去年從筑紫而入海。風浪暴險不得渡海。至是乃發。
L274,Place,筑紫大宰府,1,"宰河內王等曰：「饗新羅送使大奈末金高訓等，准上送學生土師宿禰甥等送使之例。其慰勞賜物，一依詔書。」
乙丑，詔軍丁筑後國上陽咩郡人大伴部博麻曰：「於天豐財重日足姬天皇七年，救百濟之役，汝為唐軍見虜。洎天命開別天皇三年，土師連富杼、冰連老、筑紫君薩"
L275,Place,筑紫（大宰府）,2,"大伴部博麻，從新羅送使大奈末金高訓等，還至筑紫。
戊戌，天皇至自紀伊。
冬十月甲辰朔戊申，天皇幸吉野宮。
癸丑，大唐學問僧智宗等，至于京師。
戊午，遣使者，詔筑紫大宰河內王等曰：「饗新羅送使大奈末金高訓; 學問僧智宗、義德、淨願，軍丁筑紫國上陽咩郡大伴部博麻，從新羅送使大奈末金高訓等，還至筑紫。
戊戌，天皇至自紀伊。
冬十月甲辰朔戊申，天皇幸吉野宮。
癸丑，大唐學問僧"
L276,Place,管內望仙鄉王庭村寺,1,縣館。西北行廿里。到竪泰([□@考]泰東本作紊)孫花茂宅斷中。不報直入宅裏。得主人恠。但主心慇懃。齋後望西北行卅里。到蓬萊縣管內望仙鄉王庭村寺宿。入夜雷雨。唐國行五里立一候子。行十里立二候子。築土堆四角。上狹下闊。高四尺或五尺六尺不定。曰喚之為里隔柱。二日平明發。行廿里到安香村庭彥宅齋。行廿里到登州入開元寺宿。登州去赤山浦
P219,Person,節刀,4,"授大使葛野麻呂節刀。; 遣唐大使副使等自大宰府入京。奉還節刀。; 遣唐大使佐伯宿祢今毛人自大宰還而進節刀。; 舍人正六位上和朝臣豊永從五位下。
戊寅。賜入唐使節刀。大臣口宣。詞同去年。大使進賜節刀。■當于左肩退出。副使趨在大使前。相連而退。
壬午。遣唐大使藤原朝臣常嗣出自鴻臚。發向大宰府。
癸未。美濃國言。二月廿五日兵庫自鳴。至三月十五日亦鳴同前。』丹波"
P220,Person,粟田朝臣眞人,4,正四位下粟田朝臣眞人自唐國至。初至唐時。有人來問曰。何處使人。荅曰。日本國使。; 以守民部尚書直大貳粟田朝臣眞人。爲遣唐執節使。; 正四位下粟田朝臣眞人自唐國至。初至唐時...荅曰。是大周楚州塩城縣界也。; 己夘。入唐使粟田朝臣眞人授節刀。
L277,Place,粟田朝臣真人自唐國,3,"。君子曰：「有威、有恩、有禮乎？」因此留新羅献物。

同七年
三月，辨通、神睿二比丘赴新羅。

文武皇帝四年
二月，道慈赴唐。

大寶三年
釋智鳳入唐。

慶雲元年
秋七月，正四位下粟田朝臣真人自唐國至。初至唐時，有人來問曰：「何處使人？」答曰：「日本國使。」唐人謂使曰：「承聞海東有大倭國，謂之君子國，人民豊樂，禮敦; 禮乎？」因此留新羅献物。

同七年
三月，辨通、神睿二比丘赴新羅。

文武皇帝四年
二月，道慈赴唐。

大寶三年
釋智鳳入唐。

慶雲元年
秋七月，正四位下粟田朝臣真人自唐國至。初至唐時，有人來問曰：「何處使人？」答曰：「日本國使。」唐人謂使曰：「承聞海東有大倭國，謂之君子國，人民豊樂，禮敦; 神睿二比丘赴新羅。

文武皇帝四年
二月，道慈赴唐。

大寶三年
釋智鳳入唐。

慶雲元年
秋七月，正四位下粟田朝臣真人自唐國至。初至唐時，有人來問曰：「何處使人？」答曰：「日本國使。」唐人謂使曰：「承聞海東有大倭國，謂之君子國，人民豊樂，禮敦"
P221,Person,粟田朝臣飽田麻呂,1,甲寅。授入唐留學生无位粟田朝臣飽田麻呂正六位上。
P222,Person,紀朝臣廣濱,1,"二船判官正六位上菅原朝臣清公。來到肥前国松浦郡鹿嶋。附驛上奏。事多不載。
丙辰。授從五位下紀朝臣廣濱從五位上。正六位上犬上朝臣望成外從五位下。
庚申。近衛中將從三位勳二等坂上大宿禰田村麻呂爲參議。
辛酉。傳燈大法師位常騰爲律師。"
L278,Place,紫宸殿,1,遣唐持節大使參議正四位下行左大弁兼大宰權帥藤原朝臣常嗣進節刀...獨召大使藤原朝臣常嗣。昇自東階。天顏咫尺。勅曰。遠渉危難之途。平安參來
P223,Person,紫檀琵琶、紫藤琵琶,1,贈紫檀紫藤琵琶各一面。
C034,Culture,經史,1,留學受業。研覽經史。該渉衆藝。
C035,Culture,繡文袈裟、寶幡,1,後遣沙門惠萼泛海入唐，以繡文袈裟，奉施定聖者僧伽和上康僧等以寶幡及鏡奩之具，施入五臺山寺。
P224,Person,纔歸,1,承和十四年。卽大唐大中二年〈歳次丁卯〉夏六月二十二日。乗唐張支信元浄等之船。從明州望海鎭頭上帆。〈得西南風三箇日夜。纔歸著遠値嘉島那留浦。纔入浦口。風卽止。學船歎云奇快。〉旋歸本朝。其取來儀軌經論佛像祖師像曼荼羅道
L279,Place,纔歸著遠値嘉島,2,承和十四年。卽大唐大中二年〈歳次丁卯〉夏六月二十二日。乗唐張支信元浄等之船。從明州望海鎭頭上帆。〈得西南風三箇日夜。纔歸著遠値嘉島那留浦。纔入浦口。風卽止。學船歎云奇快。〉旋歸本朝。其取來儀軌經論佛像祖師像曼荼羅道; 。承和十四年。卽大唐大中二年〈歳次丁卯〉夏六月二十二日。乗唐張支信元浄等之船。從明州望海鎭頭上帆。〈得西南風三箇日夜。纔歸著遠値嘉島那留浦。纔入浦口。風卽止。學船歎云奇快。〉旋歸本朝。其取來儀軌經論佛像祖師像曼荼羅道
P225,Person,羅越國,1,"也。

同四年
釋真如泛海入唐，遍詢名德，不充如意，遂杖錫西邁。元慶五年，在唐留學沙門中瓘寄書來曰：「如皇子過流沙，傳聞到羅越國，逆旅迁化。」

村上天皇天德三年
《楚帖》曰：「五代後周世祖顯德五年，歲在戊午，有日本國傳瑜伽大教弘順大師，賜紫寛輔。又云：本國都城南五百餘里有金峰山，頂上有金剛藏王菩薩，第一靈異。山有松檜、名花、"
P226,Person,群臣,2,"課役田租。
己未。置酒田村舊宮。群臣奉觴上壽。極日盡歡。賜祿有差。
夏四月戊辰。正七位上飯高公若舍人等十一人賜姓宿祢。
己巳。河内。攝津兩國有鼠食五穀及草木。」遣使奉幣於諸國群神。
辛未。授正五位下佐伯宿祢助從四位下。; 。寫案進上。其本者却付使人。凡所有消息。驛傳奏上。
己酉。是日當天長節。仍宴群臣賜祿。有差。又詔贈外祖父從五位上紀朝臣諸人從一位。
壬子。詔以少僧都弘耀法師爲大僧都。惠忠法師爲少僧都。又施高叡法師封卅戸。優宿徳也。
癸丑。勅大宰府。唐客高鶴林等"
P227,Person,義眞,1,延暦寺僧傳灯大法師位義眞奏言。天台一門。已立圓宗。
P228,Person,義眞阿闍梨,2,明年向青竜寺。礼拜義眞阿闍梨。屈請爲師。; 入胎藏潅頂道場。始習學毘盧遮那經中眞言印契。
P229,Person,義空共惠,2,"城天皇大同元年
八月，空海歸。

嵯峨天皇
唐國釋義空共惠蕚法師泛海，著大宰府。初，蕚跨海覓法，皇太后橘氏欽唐地之禪化，委金幣於蕚，聘有道尊宿。蕚到杭州靈池院，參國師，且通大后之幣。國師感納之。蕚曰：「我國信根純熟，教法甚盛，然最上禪宗未有傳也。願得師之一枝佛法，爲吾土宗門之根; 歸。

嵯峨天皇
唐國釋義空共惠蕚法師泛海，著大宰府。初，蕚跨海覓法，皇太后橘氏欽唐地之禪化，委金幣於蕚，聘有道尊宿。蕚到杭州靈池院，參國師，且通大后之幣。國師感納之。蕚曰：「我國信根純熟，教法甚盛，然最上禪宗未有傳也。願得師之一枝佛法，爲吾土宗門之根抵，不亦宜乎？」國師令室中上首義空充其請。空便共蕚泛海，著大宰府。蕚先馳奏，勑迎"
P230,Person,羽栗吉麻呂,1,父吉麻呂、霊亀二年、以学生阿倍朝臣中麻呂■ｹﾝ人入唐、娶唐女生翼及翔。
P231,Person,羽栗翼,1,翼年十六、天平六年、随父帰国。
P232,Person,羽栗臣翼,1,寳龜十一年。遣唐使録事故從五位下行内藥正羽栗臣翼貢寳應五紀暦經云。大唐今停大衍暦。唯用此經。
G029,Group,聞第四舶,1,時到白湖([□@考]湖上文及下文作潮)口。逆流極遄。大唐人三人。并本國水手等。曳船截流。到岸結纜。暫待潮生。於此聞第四舶漂着北海。午時僅到海陵縣白潮鎮管內守捉軍中村。爰先於海中相別錄事山代氏益等卅餘人迎出。再
L280,Place,肥前国松浦郡鹿嶋,2,"遣唐使第二船判官正六位上菅原朝臣清公。來到肥前国松浦郡鹿嶋。; 二船判官正六位上菅原朝臣清公。來到肥前国松浦郡鹿嶋。附驛上奏。事多不載。
丙辰。授從五位下紀朝臣廣濱從五位上。正六位上犬上朝臣望成外從五位下。
庚申。近衛中將從三位勳二等坂上大宿禰田村麻呂爲參議。
辛酉。傳燈大法師位常騰爲律師。"
P233,Person,肥前國,4,"遣唐使第一第四舶廻着肥前國之状。; 兩舶摧殘。更須改營。; 臣善主等。得今月六日九日二道飛驛奏状。具知漂苦廻着肥前國也。使等忠貞之操。不敢告勞。蒙冒險難。廻渉蒼海。而事不諧偶。中路却廻。靖言念之。憂心何已。今案奏状。兩舶並已無完。必須改營。宜俟修造畢以遂渡海耳。第二第三等舶。未知平不。欝嗟乎懷。』又勅符大宰大貳藤原朝臣廣敏等。得今月十日飛驛奏。知遣唐使第一第四; 定。
辛丑。遣唐第三舶人九人。駕桴漂着肥前國。
乙巳。勅曰。遣唐第三舶。未遂利渉。半途漂損。纔乘桴所着使下之徒廿有五人。漂着之後。已經旬日。而判官録事史生知乘船事等惣一百餘人。未知所去。存亡難量。宜仰大宰府。差海邊諳路之人。遣絶嶋無人之處。漂損人物一向尋覓。募以穀帛。"
L281,Place,肥前國松浦郡,4,"九日。臣船得正南風。發船入海。行已三日。忽遭逆風。船著沙上。損壞處多。竭力修造。今月十六日。船僅得浮。便即入海。廿三日。到肥前國松浦郡橘浦。但今唐客隨臣入朝。迎接祗供。令同蕃例。臣具牒大宰府。仰令准擬。其唐消息。今天子廣平王。名迪。年五十三。皇太子雍王。名■。年号大暦十三年。當寳龜九年。
丁酉。皇太子向伊勢。先是。皇太子寢疾久不平復。至; 由奏聞。便寄乘臣等船發遣。其第一第二船。並在揚子塘頭。第四船在楚州塩城縣。九月九日。臣船得正南風。發船入海。行已三日。忽遭逆風。船著沙上。損壞處多。竭力修造。今月十六日。船僅得浮。便即入海。廿三日。到肥前國松浦郡橘浦。但今唐客隨臣入朝。迎接祗供。令同蕃例。臣具牒大宰府。仰令准擬。其唐消息。今天子廣平王。名迪。年五十三。皇太子; 大宰權帥正四位下兼左大弁藤原朝臣常嗣。大貳從四位上南淵朝臣永河等。得今月十九日奏状。知遣唐大使藤原常嗣朝臣等率七隻船。廻着肥前國松浦郡生属嶋。与先到録事大神宗雄船。總是八艘。宜依例; 議大宰權帥正四位下兼左大弁藤原朝臣常嗣。大貳從四位上南淵朝臣永河等。得今月十九日奏状。知遣唐大使藤原常嗣朝臣等率七隻船。廻着肥前國松浦郡生属嶋。与先到録事大神宗雄船。總是八艘。宜依例"
L282,Place,肥前國松浦郡→博多大津,1,"姓臣。
戊辰。大風。
庚午。天下諸國蝗。畿内者遣使巡視。餘者令國司行事。
壬午。授正五位上石川朝臣豊人從四位下。
閏八月庚寅。先是。遣唐使船到肥前國松浦郡合蚕田浦。積月餘日。不得信風。既入秋節。弥違水候。乃引還於博多大津。奏上曰。今既入於秋節。逆風"
L283,Place,肥前國松浦郡別島附近海域,1,"喜非常。臣等顧躬庸櫟。曷答重厚。更煩天覽。伏増■焦。
辛夘。大宰府馳驛。奏第二舶漂廻之状。
壬辰。勅符副使小野朝臣篁。得今月八日飛驛奏状。知歸着肥前國松浦郡別島也。近聞。第一第四兩隻舶。半路漂廻。疾懐未弭。尋省茲奏。轉以驚嗟。本謂忠貞必蒙利往。"
L284,Place,肥前國松浦郡生属嶋,1,遣唐大使藤原常嗣朝臣等率七隻船。廻着肥前國松浦郡生属嶋。
P234,Person,肥後國天草郡,1,渤海國人崔宗佐。門孫。宰孫等漂着肥後國天草郡。
G030,Group,胎藏金剛兩部曼茶羅、經論章疏等一百二十八部,1,胎藏金剛兩部曼茶羅、諸尊壇樣、高僧真影及舍利二十一種，經論章疏等一百二十八部，一百九十八卷。
P235,Person,胥要徳,1,"。五月到渤海界。適遇其王大欽茂差使。欲聘我朝。即時同發。及渡沸海。渤海一船遇浪傾覆。大使胥要徳等■人沒死。廣成等率遣衆。到著出羽國。
十二月戊辰。渤海使己珎蒙等拜朝。上其王啓并方物。其詞曰。欽茂啓。山河杳絶。國土夐遥。佇望風猷。唯増傾仰。伏惟。天皇聖叡。至徳遐暢。奕葉重光。澤流萬姓。欽茂忝繼祖業。濫惣如始。義洽情深。毎脩隣好。今"
P236,Person,能登國,1,"。常陸国人生部連廣成特授從八位下。以出私物。屡救貧民也。
己丑。能登国言。舶一艘漂著珠洲郡。遣使検船上雜物。
辛卯。賜親王已下參議已上及内侍唐国彩帛各有差。
壬辰。勅。如聞。疫癘之時。民庶相憚。不通水火。存心救療。何有死亡。父子至親。畏忌無近。"
P237,Person,能登國珠洲郡,1,"。常陸国人生部連廣成特授從八位下。以出私物。屡救貧民也。
己丑。能登国言。舶一艘漂著珠洲郡。遣使検船上雜物。
辛卯。賜親王已下參議已上及内侍唐国彩帛各有差。
壬辰。勅。如聞。疫癘之時。民庶相憚。不通水火。存心救療。何有死亡。父子至親。畏忌無近。"
P238,Person,膳臣大丘,1,大丘天平勝寳四年。隨使入唐。問先聖之遺風。覽膠庠之餘烈。
L285,Place,自唐國,1,"從四位上藤原朝臣御楯第。宴飮。授御楯正四位上。其室從四位下。藤原惠美朝臣兒從正四位下。
甲子。迎藤原河清使高元度等至自唐國。初元度奉使之日。取渤海道。隨賀正使揚方慶等。往於唐國。事畢欲歸。兵仗樣。甲冑一具。伐刀一口。槍一竿。矢二隻分付元度。又有"
P239,Person,至使,1,"冥妨。况巨海之程。艱虞無測。不資霊祐。何以利征。請令諸國轉讀大般若經。▼是日。詔。令五畿内七道諸國。始自今月中旬。至使等歸朝之日。堅固講海龍王經。相并轉讀大般若經。
辛酉。天皇御武徳殿。觀騎射。
乙丑。安藝國言。管驛家十一處。驛家別驛子百廿人。山路險阻。送迎繁多。良倍他國。勞逸不等。始自今年減公廨穎。加擧三万一千二百束。以"
P240,Person,興原敏久・額田今人,1,嘗大判事興原敏久。明法博士額田今人等。抄出刑法難義數十事。欲遣問大唐。永直聞之。自請詳解其義。累年疑滯。一時氷釋。遣唐之問。因斯止矣。
L286,Place,興善寺,1,重受潅頂、学胎蔵界法、尽其殊旨。阿闍梨以金剛杵并儀軌法門等、付属宗叡、用充印信。更尋慈恩寺造玄、興善寺智慧輪等阿闍梨、承受秘奥、詢求幽■、廻至洛陽、便入聖善寺善無畏三蔵旧院。其門徒、以三蔵所持金剛杵并経論梵夾
G031,Group,舶一艘,1,"。常陸国人生部連廣成特授從八位下。以出私物。屡救貧民也。
己丑。能登国言。舶一艘漂著珠洲郡。遣使検船上雜物。
辛卯。賜親王已下參議已上及内侍唐国彩帛各有差。
壬辰。勅。如聞。疫癘之時。民庶相憚。不通水火。存心救療。何有死亡。父子至親。畏忌無近。"
G032,Group,船舶上官人（遣唐使船員）,1,"縣百六十里。去州三百里。從此東有新羅國。得好風。兩三日得到(云々)。船舶上官人。賜酒及綿。便作帖報州縣。緣天未晴。望見山頭未得顯然。東風吹。日暮霧彌暗。
十八日。改食法。日每人糒一升。水一升。東風不變。又此州但有粟。其粳米最貴(云々)。請益僧。"
L287,Place,船連副使麻呂（下行山城権守）・津宿祢輔主（内蔵権少充）・葛井連直臣（主殿充）三人,1,"輔主、主殿充大初位下葛井連直臣等三人、賜姓菅野朝臣。其先、百済国人也。

十七日癸未。遣荷前幣諸山陵墓。於建礼門前発使、公卿行事。』（以下類聚国史107により補う）詔置隼人司佑一員。復旧也。

廿一日丁"
L288,Place,船連副使麻呂（山城権守）・津宿祢輔主（内蔵権少充）・葛井連直臣（主殿充）三人,1,"権守船連副使麻呂、内蔵権少充正七位上津宿祢輔主、主殿充大初位下葛井連直臣等三人、賜姓菅野朝臣。其先、百済国人也。

十七日癸未。遣荷前幣諸山陵墓。於建礼門前発使、"
P241,Person,良岑朝臣長松,3,兼為遣唐准順判官。; 聘礼既訖、帰舶解纜。遭風漂堕南海賊地、殆致殞命、僅以得還。; 僅以得還。
P242,Person,良枝宿祢清上,2,承和之初。清上從聘唐使。入於大唐。歸朝之日。舶遭造風。漂墮南海賊地。爲賊所殺。; 河内國人遣唐音聲長外從五位下良枝宿祢清上。遣唐畫師雅樂答笙師同姓朝生。
P243,Person,苦求,2,灯修行賢大法師位。親王、心自為、真言宗義、師資相伝、猶有不通。凡在此間、難可質疑。況復、観電露之遂空、顧形骸之早弃、苦求入唐、了悟幽旨、乃至、庶幾尋法天竺。貞観三年、上表曰。真如出家以降、四十余年。企三菩; 況復、観電露之遂空、顧形骸之早弃、苦求入唐、了悟幽旨、乃至、庶幾尋法天竺。貞観三年、上表曰。真如出家以降、四十余年。企三菩提、在一道場。窃以。菩薩之道、不必一致。或住戒行、乃禅乃学。而一時未遂、余算稍頽。所願、跋渉諸国之山林、渇仰斗薮之勝跡。
P244,Person,英保首代作,1,"。而去此就彼損害極多。臣等商量。改東山道。属東海道。公私得所。人馬有息。奏可。」授正六位上英保首代作外從五位下。以搆西大寺兜率天堂也。
十一月癸未朔。遣使造入唐使舶四艘於安藝國。
癸巳。陸奧國桃生郡人外從七位下牡鹿連猪手賜姓道嶋宿祢。
庚子。遣鍛冶"
L289,Place,荊州南泉寺,1,"實際寺登壇受具足戒。荊州南泉寺弘景律師爲和上巡遊二京，究學三藏。後歸淮南，教授戒律；江淮之間，獨爲化主。於是興建佛事，濟化羣生，其事繁多，不可具載。

日本［國］天平五年，歲次癸酉，沙門榮叡、普照等隨遣唐大使丹墀真人廣"
P245,Person,菅原梶成,1,遣唐知乘船事菅原梶成等所駕第二舶廻着於大隅國。
P246,Person,菅野朝臣佐世,1,但大唐六典注云。自大明宮。夾東羅城複道。經通化門磴道。而入興慶宮焉。
L290,Place,萊州,1,分乘二船。留連數月。取新羅道。泊於萊州。遂到于京。奉覲天子。
L291,Place,萊州、京,1,分乘二船。留連數月。取新羅道。泊於萊州。遂到于京。奉覲天子。
P247,Person,著出羽國,2,"。五月到渤海界。適遇其王大欽茂差使。欲聘我朝。即時同發。及渡沸海。渤海一船遇浪傾覆。大使胥要徳等■人沒死。廣成等率遣衆。到著出羽國。
十二月戊辰。渤海使己珎蒙等拜朝。上其王啓并方物。其詞曰。欽茂啓。山河杳絶。國土夐遥。佇望風猷。唯増傾仰。伏惟。天皇聖叡。至徳遐暢。奕葉重光。澤流萬姓。欽茂忝繼祖業。濫惣如始。義洽情深。毎脩隣好。今; 歸朝。天子許之。給船粮發遣。十年三月。從登州入海。五月到渤海界。適遇其王大欽茂差使。欲聘我朝。即時同發。及渡沸海。渤海一船遇浪傾覆。大使胥要徳等■人沒死。廣成等率遣衆。到著出羽國。
十二月戊辰。渤海使己珎蒙等拜朝。上其王啓并方物。其詞曰。欽茂啓。山河杳絶。國土夐遥。佇望風猷。唯増傾仰。伏惟。天皇聖叡。至徳遐暢。奕葉重光。澤流萬姓"
P248,Person,著有,1,"記
梁容若
圓仁，日本稱為慈覺大師，為天台宗名僧，唐文宗時來華留學，稽留十年，宣宗大中初回國，著有入唐求法巡禮記四卷，為外人所記唐代重要史料。今略考其生平，並論引其遊唐日記為本篇。
一、圓仁傳略
釋圓仁姓壬生氏，日本桓武天皇延曆十三年（唐德宗貞元十年，西元七九四）生於下野都賀郡。幼喪父，性聰敏，風貌溫雅。"
P249,Person,葛野麻呂,1,乙巳。葛野麻呂上表曰。云々。
P250,Person,葛野麻呂、石川道益,1,庚辰。遣唐大使葛野麻呂、副使石川道益賜餞。宴設之事、一依漢法。
L292,Place,蓬萊縣,1,齋後望西北行卅里到蓬萊縣管內望仙鄉王庭村寺宿
L293,Place,薨於唐國,3,土人。及合船被害。清河僅以身免。遂留唐國。不得歸朝。於後十餘年。薨於唐國。石根大宰大貳從四位下老之子也。寳龜八年。任副使入唐。事畢而歸。海中船斷。石根及唐送使趙寳英等六十三人。同時沒; 河僅以身免。遂留唐國。不得歸朝。於後十餘年。薨於唐國。石根大宰大貳從四位下老之子也。寳龜八年。任副使入唐。事畢而歸。海中船斷。石根及唐送使趙寳英等六十三人。同時沒; 。清河僅以身免。遂留唐國。不得歸朝。於後十餘年。薨於唐國。石根大宰大貳從四位下老之子也。寳龜八年。任副使入唐。事畢而歸。海中船斷。石根及唐送使趙寳英等六十三人。同時沒
P251,Person,薩摩國出水郡,1,第二船到泊薩摩國出水郡。
P252,Person,薩摩國天草郡,1,國天草郡。遣大唐通事張建忠覆問事由。審實情状。是渤海國入唐之使。去三月着薩摩國。逃去之一艦也。仍奉進宗佐等日記。并所蝋封函子。雜封書。弓劔等。▼是日。勅討覈宗佐等申状。知是渤海人。亦其表函牒書。印封官等。讎校先來入覲在
P253,Person,薩摩國甑嶋郡,1,遣唐第四船來泊薩摩國甑嶋郡。
L294,Place,薩摩國石籬浦,1,"宿祢御笠。巨萬朝臣大山並從五位下。自餘使下二百廿二人亦各有差。
癸未。大宰府言。入唐第四船判官正六位上布勢朝臣人主等來泊薩摩國石籬浦。
五月己酉。從五位下石川朝臣豊人爲越中守。
六月乙丑朔。正五位下中臣朝臣益人爲神祇大副。
秋七月丙午。詔曰。頃"
P254,Person,薬師恵日,2,副使大山下藥師惠日。; 以大仁犬上君三田耜、大仁藥師惠日，遣於大唐。
P255,Person,藤原常嗣,24,遣唐大使藤原常嗣朝臣等率七隻船。廻着肥前國松浦郡生属嶋。; 以遣唐大使參議從四位上藤原朝臣常嗣爲兼備中權守。; 遣唐大使參議右大弁從四位上藤原朝臣常嗣爲兼近江權守。; 度持沙彌戒。七年於東大寺受具足戒。最澄圓寂後，益勤學修鍊，張講席於各地。仁明帝承和三年(八三六)受詔入唐請益。五年六月，隨日本第十八次遣唐使藤原常嗣西渡，時年四十五。遊唐十年歸國，大弘佛法，受文德、清和諸帝寵遇，尊為傳燈大師，補天台座主，奏建總持院，為天; 益勤學修鍊，張講席於各地。仁明帝承和三年(八三六)受詔入唐請益。五年六月，隨日本第十八次遣唐使藤原常嗣西渡，時年四十五。遊唐十年歸國，大弘佛法，受文德、清和諸帝寵遇，尊為傳燈大師，補天台座主，奏建總持院，為天
P256,Person,藤原惠美朝臣兒,1,"從四位上藤原朝臣御楯第。宴飮。授御楯正四位上。其室從四位下。藤原惠美朝臣兒從正四位下。
甲子。迎藤原河清使高元度等至自唐國。初元度奉使之日。取渤海道。隨賀正使揚方慶等。往於唐國。事畢欲歸。兵仗樣。甲冑一具。伐刀一口。槍一竿。矢二隻分付元度。又有内使。宣勅曰。特進秘書監藤原河清。今依使奏。欲遣歸朝。唯恐殘賊未平。道路多難。"
L295,Place,藤原朝臣清河,4,召遣唐使副使已上於内裏。詔給節刀。仍授大使從四位上藤原朝臣清河正四位下。; 任遣唐使。以從四位下藤原朝臣清河爲大使。從五位下大伴宿祢古麻呂爲副使。; 故入唐大使贈正二位藤原朝臣清河野八十町; 在唐大使仁部卿正四位下藤原朝臣清河爲兼常陸守。
P257,Person,藤原朝臣田麻呂,1,遣唐副使從五位上石上朝臣宅嗣罷。以左虎賁衛督從五位上藤原朝臣田麻呂爲副使。
P258,Person,藤原朝臣貞敏,1,以從六位下藤原朝臣貞敏爲遣唐准判官。
P259,Person,藤原葛野麻呂,4,召遣唐大使從四位上藤原朝臣葛野麻呂。副使從五位上石川朝臣道益等兩人。賜餞殿上。; 授大使葛野麻呂節刀。; 喩所司。務存匍匐。若不遵改。隨即科處。』▼是日。遣唐大使從四位上藤原朝臣葛野麻呂授從三位。判官正六位上菅原朝臣清公從五位下。故副使從五位上; 改。隨即科處。』▼是日。遣唐大使從四位上藤原朝臣葛野麻呂授從三位。判官正六位上菅原朝臣清公從五位下。故副使從五位上石川朝臣道益贈從四位下。判官正六位上甘南備眞人信影從五位下。道益者。從三位中納言石足之孫。從五位上人成之子也。
P260,Person,藤原貞敏,2,。貞敏者。刑部卿從三位繼彦之第六子也。少耽愛音樂。好學鼓琴。尤善彈琵琶。承和二年爲美作掾兼遣唐使准判官。五年到大唐。達上都。逢能彈琵琶者劉二郎。貞敏贈砂金二百兩。劉二郎曰。礼貴往來。請欲相傅。即授兩三調。二三月間。盡了妙曲。劉二郎贈譜數十卷。因問曰。君師何; 第六子也。少耽愛音樂。好學鼓琴。尤善彈琵琶。承和二年爲美作掾兼遣唐使准判官。五年到大唐。達上都。逢能彈琵琶者劉二郎。貞敏贈砂金二百兩。劉二郎曰。礼貴往來。請欲相傅。即授兩三調。二三月間。盡了妙曲。劉二郎贈譜數十卷。因問曰。君師何人。素學妙曲乎。貞
L296,Place,蘇州,1,留學生起京。又差内使掖庭令趙寳英。判官四人。賚國土寳貨。隨使來朝。以結隣好。六月廿五日。到惟楊。九月三日。發自揚子江口。至蘇州常耽縣候風。其第三船在海陵縣。第四船在楚州塩城縣。並未知發日。十一月五日。得信風。第一第二船同發入海。比及海中。八日
L297,Place,行廿里,1,"。行十里立二候子。築土堆四角。上狹下闊。高四尺或五尺六尺不定。曰喚之為里隔柱。二日平明發。行廿里到安香村庭彥宅齋。行廿里到登州入開元寺宿。登州去赤山浦四百里。乍行山阪蹈破脚。策杖膝步而行矣。城南地界所由喬改來請行由。仍書行曆與之如左。
日本國求法僧圓仁弟子僧惟正惟曉行者丁雄滿
右圓仁等。日"
L298,Place,行廿里到,1,"行十里立二候子。築土堆四角。上狹下闊。高四尺或五尺六尺不定。曰喚之為里隔柱。二日平明發。行廿里到安香村庭彥宅齋。行廿里到登州入開元寺宿。登州去赤山浦四百里。乍行山阪蹈破脚。策杖膝步而行矣。城南地界所由喬改來請行由。仍書行曆與之如左。
日本國求法僧圓仁弟子僧惟正惟曉行者丁雄滿
右圓仁等。日"
L299,Place,行廿里到登州,1,"。行十里立二候子。築土堆四角。上狹下闊。高四尺或五尺六尺不定。曰喚之為里隔柱。二日平明發。行廿里到安香村庭彥宅齋。行廿里到登州入開元寺宿。登州去赤山浦四百里。乍行山阪蹈破脚。策杖膝步而行矣。城南地界所由喬改來請行由。仍書行曆與之如左。
日本國求法僧圓仁弟子僧惟正惟曉行者丁雄滿
右圓仁等。日"
P261,Person,行賀,2,"。
（『扶桑略記』）廿二年癸未二月己未日。大僧都行賀卒。春秋七十有五也。俗姓上毛野公、大和国広瀬郡人也。生年十五出家、廿受具足戒、廿五被宛入唐留学、学唯識法花両宗。住唐卅一年、帰来之日、歴試身才。東大寺僧明一、難問宗義、; 於是、河清、悲傷流涕、遂以大暦五年正月薨。時年七十三。贈■洲大都督。▼是日。造志波城使従三位行近衛中将坂上田村麻呂辞見。賜彩帛五十疋・綿三百屯。
（『扶桑略記』）廿二年癸未二月己未日。大僧都行賀卒。春秋七十有五也。俗姓上毛野公、大和国広瀬郡人也。生年十五出家、廿受具足戒、廿五被宛入唐留学、学唯識法花両宗。住唐卅一年、帰来之日"
L300,Place,西明寺,1,二十四年二月十日。准勅配住西明寺。
L301,Place,觀音寺,1,留唐僧法惠。令住觀音寺。以備通事。
L302,Place,詔大宰府,1,"羅使，責其緩而違禮也，乃以献物還之。新羅使大懼，求法聰、智等從新羅使而歸。新羅使乞救於聰、智二比丘，奏恕。六月，詔大宰府賜布帛於二比丘，而勞新羅使。君子曰：「有威、有恩、有禮乎？」因此留新羅献物。

同七年
三月，辨通、神睿二比丘赴新羅。

文武皇帝四年
二月，道慈赴唐。

大寶三年
釋智鳳入唐。

慶雲元年
秋七月，正四位"
L303,Place,諮開元寺,2,"止既了。須明年將發歸時。奉畫供養者。仍以戌時到開元寺大門。誓禱其由。
七日馳書信。諮開元寺三綱。兼贈土物。附還信送報禮書([□@考]書東本作唐今從池本)。
八日聞第四舶猶在泥上。未到泊處。國信物未運上。其舶廣棚離脫。淦水殆滿。隨潮生潮落。舶裏涸沈。不足; 禱其由。
七日馳書信。諮開元寺三綱。兼贈土物。附還信送報禮書([□@考]書東本作唐今從池本)。
八日聞第四舶猶在泥上。未到泊處。國信物未運上。其舶廣棚離脫。淦水殆滿。隨潮生潮落。舶裏涸沈。不足為渡海之器。求法僧等。未登陸地頭判官登陸。居白水郎舍。船中人五人身腫死。大唐迎船十隻許來。一日一度。運國信物至。波如高山。風吹不能運遷。辛苦尤甚。聞噵昨日揚州帖可行迎舶之狀。令發赴既了。未詳子細。九日巳時。節度使李相公牒於開元"
P262,Person,貞敏,3,明年聘礼既畢。解纜歸。臨別劉二郎設祖筵。贈紫檀紫藤琵琶各一面。是歳。大唐大中元年。本朝承和六年也。; 劉二郎贈譜數十卷...劉娘尤善琴箏。貞敏習得新聲數曲。; 贈紫檀紫藤琵琶各一面。
P263,Person,賀茂大神社,1,丙子。遣唐使奉幣帛賀茂大神社。
L304,Place,赤染長濱（遠江國蓁原郡人外從八位下）・赤染帶繩（因幡國八上郡人外從六位下）等十九人,1,"三人。遠江國蓁原郡人外從八位下赤染長濱。因幡國八上郡人外從六位下赤染帶繩等十九人賜姓常世連。
戊戌。遣唐大使"
P264,Person,趙玄默,1,開元初，又遣使來朝，因請儒士授經。詔四門助教趙玄默就鴻臚寺教之
P265,Person,迎入唐大使使,1,授正六位上高元度外從五位下。爲迎入唐大使使。
P266,Person,送唐客使,1,辛亥。送唐客使
P267,Person,造家繼,1,"造家繼授外從五位下。
己丑。伊賀国飢。遣使賑給。
甲寅。遣唐使第二船判官正六位上菅原朝臣清公。來到肥前国松浦郡鹿嶋。附驛上奏。事多不載。
丙辰。授從五位下紀朝臣廣濱從五位上。正"
L305,Place,遂留唐國,1,大臣房前之第四子也。勝寳五年。爲大使入唐。廻日遭逆風漂著唐國南邊驩州。時遇土人。及合船被害。清河僅以身免。遂留唐國。不得歸朝。於後十餘年。薨於唐國。石根大宰大貳從四位下老之子也。寳龜八年。任副使入唐。事畢而歸。海中船斷。石根及唐送使趙寳英等六十三人。同時沒
L306,Place,過太陽海,1,嘉島那留浦。而船主李處人等。弃唐來舊船。便採島裏楠木。更新織作船舶。三箇月日。其功巳訖。秋八月二十四日午後。上帆過太陽海入唐。〈得正東風六箇日夜法〔流歟〕著大唐温州樂城縣玉留鎭府前頭。〉經五箇年。巡禮求學。承和十四年。卽大唐大中二年〈歳次丁卯〉夏六月二十二日。乗唐張支信元浄等之船。從明州望海鎭頭上帆。〈得西南風三箇日夜。纔
L307,Culture,道公安野（左京人）,1,"舍人爲使。』左京人道公安野賜姓當道朝臣。
庚子。勅旨曰。左京人從六位下民首氏住。賜姓長岑宿祢焉。氏主等与白鳥村主同祖。出自魯公伯禽云。
辛丑。河内"
L308,Culture,道公廣持（左京人・遣唐史生）,1,"呂。門部連貞宗。大村直福吉並外從五位下。宴畢賜祿各有差。』左京人遣唐史生道公廣持賜姓當道朝臣。和銅年中。肥後守正五位下道君首名。治迹有聲。永存遺愛。廣持是首名之孫也。
甲寅。女叙位并外任。
乙夘。授正六位上永原朝臣貞主從五位下。
丁巳。正三位源"
L309,Place,道判官佐宿祢東人並授外,1,"倍朝臣津嶋。西海道判官佐宿祢東人並授外從五位下。
九月辛丑朔。賑給和泉監佰姓。
甲辰。遣使于近江。丹波。播磨。備中等國。爲遣唐使造舶四艘。
乙巳。以正五位上中朝臣廣見爲神祇伯。正五位下高橋朝臣安麻呂爲右中弁。從五位上縣犬養宿祢石次爲少弁。外從五位下箭集宿祢虫麻呂爲大判事。正五位上佐伯宿祢豊人爲左京亮。正五位下石川朝臣枚夫爲造難波宮"
L310,Place,道嚴等學問僧,1,學問僧道嚴、道通、道光、惠施、覺勝、辨正、惠照、僧忍、知聰、道昭、定惠...并一百廿人。
L311,Culture,道岸律師,1,便［就］智滿禪師出家爲沙彌，配住大雲寺。唐中宗孝和［聖］皇帝神龍元年，從道岸律師受菩薩戒。景龍元年杖錫東都，因入長安。其二年三月二十八日，於西京實際寺登壇受具足戒。荊州南泉寺弘景律師爲和上巡遊二京，究學三藏。後歸淮南，教授戒律；江淮之間，獨爲化主。
P268,Person,道慈,1,"。君子曰：「有威、有恩、有禮乎？」因此留新羅献物。

同七年
三月，辨通、神睿二比丘赴新羅。

文武皇帝四年
二月，道慈赴唐。

大寶三年
釋智鳳入唐。

慶雲元年
秋七月，正四位下粟田朝臣真人自唐國至。初至唐時，有人來問曰：「何處使人？」答曰：「日本國使。」唐人謂使曰：「承聞海東有大倭國，謂之君子國，人民豊樂，禮敦"
P269,Person,道慈大徳,2,法師、入唐學問道慈大徳之入室也。; 入唐學問道慈大徳之入室也。
P270,Person,道昭,7,"年
五月，釋道昭奉勑，從遣唐使小山長丹、副使小乙上掃守連泛海，緇侣同志者道嚴等十三人到長安，謁三蔵玄奘，即高宗永徽四年也。同年釋定惠随遣唐使浮海，乃到長安。

同五年
《唐録》曰：高宗永徽五年，倭國使献虎; 五月，釋道昭奉勑，從遣唐使小山長丹、副使小乙上掃守連泛海，緇侣同志者道嚴等十三人到長安，謁三蔵玄奘，即高宗永徽四年也。同年釋定惠随遣唐使浮海，乃到長安。

同五年
《唐録》曰：高宗永徽五年，倭國使献虎珀、馬瑙。高宗慰撫之，仍云：「王國與新羅、高麗; 漏汚被褥。和尚乃微笑曰。放蕩小子汚人之床。竟無復一言焉。初孝徳天皇白雉四年。隨使入唐。適遇玄弉三藏。師受業焉。三藏特愛。令住同房。謂曰。吾昔往西域。在路飢乏。無村可乞。忽有一沙門手持梨子。与吾食之。吾自啖後氣力日健。今汝是持梨沙門也。又謂曰。經; 器。漏汚被褥。和尚乃微笑曰。放蕩小子汚人之床。竟無復一言焉。初孝徳天皇白雉四年。隨使入唐。適遇玄弉三藏。師受業焉。三藏特愛。令住同房。謂曰。吾昔往西域。在路飢乏。無村可乞。忽有一沙門手持梨子。与吾食之。吾自啖後氣力日健。今汝是持梨沙門也。又謂曰。經; 謂曰。經論深妙不能究竟。不如學禪流傳東土。和尚奉教。始習禪定。所悟稍多。於後隨使歸朝。臨訣。三藏以所持舎利經論。咸授和尚而曰。人能弘道。今以斯文附"
L312,Place,道栄,1,禅院寺者、遣唐留学僧道栄
P271,Person,達脩,1,達脩朝貢。丹款之美，朕有嘉焉。稍暄，比如常也。故遣鴻臚寺掌客裴世清等，稍宣往意，并送物如別。」時，阿倍臣出進，以受其書而進行。大伴囓連迎出，承書置於大門前机上而奏之。事畢而退焉。是時，皇子、諸王、諸臣悉以金髻
L313,Place,遠値嘉島,1,大宰府博太津頭始上船。到於肥前國松浦郡遠値嘉島那留浦。而船主李處人等。弃唐來舊船。便採島裏楠木。更新織作船舶。三箇月日。其功巳訖。秋八月二十四日午後。上帆過太陽海入唐。〈得正東風六箇日夜法〔流歟〕著大唐温州樂城縣玉留鎭府前頭。〉經五箇年。
L314,Place,遠値嘉島那留浦,2,乗唐張支信元浄等之船。從明州望海鎭頭上帆。〈得西南風三箇日夜。纔歸著遠値嘉島那留浦。纔入浦口。風卽止。學船歎云奇快。〉旋歸本朝。其取來儀軌經論佛像祖師像曼荼羅道; 元浄等之船。從明州望海鎭頭上帆。〈得西南風三箇日夜。纔歸著遠値嘉島那留浦。纔入浦口。風卽止。學船歎云奇快。〉旋歸本朝。其取來儀軌經論佛像祖師像曼荼羅道
G033,Group,遣唐三舶,1,遣唐三ケ舶。共指松浦郡旻樂埼發行。第一第四舶。忽遇逆風。流着壹伎嶋。
P272,Person,遣唐使,19,分乘二船。留連數月。取新羅道。泊於萊州。遂到于京。奉覲天子。; 從彼郷達於大唐。欲迎前年入唐大使藤原朝臣河清。; 爲令遣唐使等平安也。; 遣唐使等拜朝。; 遣唐使於八省院朝拜。
G034,Group,遣唐使三舶,1,大宰府奏遣唐使三ケ舶漂廻之状。
G035,Group,遣唐使兩舶,1,兩舶摧殘。更須改營。
G036,Group,遣唐使第一・第四兩舶,1,朝臣篁。得今月八日飛驛奏状。知歸着肥前國松浦郡別島也。近聞。第一第四兩隻舶。半路漂廻。疾懐未弭。尋省茲奏。轉以驚嗟。本謂忠貞必蒙利往。不知此行何負幽明。雖無巨災。艱虞足患。今案來奏。舶船有損。・艇亦失。還大宰府。繕補其不完不足者。然後与持節使等
G037,Group,遣唐使第一・第四兩船,1,宜令五畿内七道諸國司轉讀般若走幣名神。』▼是日。大宰府馳驛。奏遣唐使第一第四兩船漂蕩却廻之状。兩船密封奏。同
G038,Group,遣唐使第一第四舶,1,遣唐使第一第四舶廻着肥前國之状。
G039,Group,遣唐使第一船,2,八月十日到福州長溪縣赤岸鎭已南海口。; 遣唐使第一船到泊對馬嶋下縣郡。
G040,Group,遣唐使第三舶水手,1,"与持節使等。共果國命。
八月戊戌朔。大宰府馳驛。奏遣唐使第三舶水手等十六人駕編板漂着之状。
己亥。勅符遣唐大使藤原朝臣常嗣。省"
G041,Group,遣唐使第二舶,1,"喜非常。臣等顧躬庸櫟。曷答重厚。更煩天覽。伏増■焦。
辛夘。大宰府馳驛。奏第二舶漂廻之状。
壬辰。勅符副使小野朝臣篁。得今月八日飛驛奏状。知歸着肥前國松浦郡別島也。近聞。第一第四兩隻舶。半路漂廻。疾懐未弭。尋省茲奏。轉以驚嗟。本謂忠貞必蒙利往。"
P273,Person,遣唐使第二船判官菅原朝臣清公,2,"遣唐使第二船判官正六位上菅原朝臣清公。來到肥前国松浦郡鹿嶋。; 二船判官正六位上菅原朝臣清公。來到肥前国松浦郡鹿嶋。附驛上奏。事多不載。
丙辰。授從五位下紀朝臣廣濱從五位上。正六位上犬上朝臣望成外從五位下。
庚申。近衛中將從三位勳二等坂上大宿禰田村麻呂爲參議。
辛酉。傳燈大法師位常騰爲律師。"
P274,Person,遣唐使者,2,又遣大唐使者，持死三足烏來; 遣唐使者向攝津國住吉神社奉神寳。
G042,Group,遣唐使舶,1,辛巳。恐遣唐使舶風涛或變漂着新羅境。所以太政官准舊例。牒彼國執事省。
G043,Group,遣唐使船,6,"遣唐使駕船一隻自安藝國到于難波江口。著灘不浮。其柁亦復不得發出。爲浪所搖。船尾破裂。; 姓臣。
戊辰。大風。
庚午。天下諸國蝗。畿内者遣使巡視。餘者令國司行事。
壬午。授正五位上石川朝臣豊人從四位下。
閏八月庚寅。先是。遣唐使船到肥前國松浦郡合蚕田浦。積月餘日。不得信風。既入秋節。弥違水候。乃引還於博多大津。奏上曰。今既入於秋節。逆風; 綿等。此舶([□@考]舶或泊字)多有潛磯。每當浪漂斷纜。沈矴五六度矣。未後。搖櫓向乳山去。出邵村浦。從海裏行。未及半; 州牟平縣唐陽陶村之南邊。去縣百六十里。去州三百里。從此東有新羅國。得好風。兩三日得到(云々)。船舶上官人。賜酒及綿。便作帖報州縣。緣天未晴。望見山頭未得顯然。東風吹。日暮霧彌暗。
十八日。改食法。日每人糒一升。水一升。東風不變。又此州但有粟。其; 暴雨疾風、沈石不禁。未初、風変打破舟、。云々。其明経請益大学助豊村家永、遂波没、不知所著。沈溺之徒、不可勝計"
P275,Person,遣唐使録事,1,延暦年中、任遣唐使録事、若有訳語語所不通、以文
G044,Group,遣唐使駕船,1,遣唐使駕船一隻自安藝國到于難波江口。著灘不浮。其柁亦復不得發出。爲浪所搖。船尾破裂。
G045,Group,遣唐使（第一・第四舶）,1,風不果。至五年六月十三日，復於九州博多分登第一舶與第四舶，是為三次首途。仁所著「入唐巡禮記」起於此日。六月二十二日放洋，風濤甚烈，飽歷艱險。唐文宗開成三年(八三八)七月二日，抵淮南道揚州府海陵縣(今江蘇泰州)。大使由淮南節度使李德裕奏准入長安。
P276,Person,遣唐准順判官,1,兼為遣唐准順判官。
P277,Person,遣唐判官,1,廿一年任遣唐判官。兼近江權掾。
P278,Person,遣唐副使小野石根,1,"唐國。石根大宰大貳從四位下老之子也。寳龜八年。任副使入唐。事畢而歸。海中船斷。石根及唐送使趙寳英等六十三人。同時沒死。故並有此贈也。」授正六位上大原眞人黒麻呂從五位下。
丁丑。散位從四位下佐伯宿祢三野卒。
庚辰。授外"
P279,Person,遣唐副使巨勢朝臣邑治,1,"六位下中臣朝臣人足。平羣朝臣安麻呂。正六位上高志連村君。國覓忌寸八嶋。幡文造通並授從五位下。
三月庚子。遣唐副使從五位下巨勢朝臣邑治等自唐國至。
庚申。從四位上下毛野朝臣古麻呂。請改下毛野朝臣石代姓爲下毛野川内朝臣。許之。
甲子。給鐵印于攝津伊勢等"
P280,Person,遣唐大使丹墀廣成,1,"門行善至自高麗。三蔵善無畏來遊。

聖武天皇五年
釋榮睿、普照等隨遣唐大使丹墀廣成入唐留学。

天平八年
七月，南天笁婆羅門種菩提來。釈佛哲，林邑國人，伴菩提同來。

孝謙天皇天平勝寶四年
《佛祖統紀》曰：日本國孝明天皇天平勝寶四年，遣使入中國，求内外教典。

同五年
正月十二日，鑑真"
P281,Person,遣唐大使佐伯宿祢今毛人,1,遣唐大使佐伯宿祢今毛人等辞見。
P282,Person,遣唐大使副使,1,遣唐大使副使等自大宰府入京。奉還節刀。
P283,Person,遣唐大使已下,1,乙丑。賜遣唐大使已下水手已上物有差。
L315,Culture,遣唐知乘船事槻本連良棟・民部少録槻本連豊額（右京人）,1,"臣知足。則免負乘之嘖。不許。』右京人遣唐知乘船事槻本連良棟。民部少録同姓豊額等。賜姓安・宿祢。其先。出自後漢献帝後也。
己巳。任官。
庚午。詔。尾張國課口三分之一。特從優復。河流漲溢。民多病水。故降此恩。
辛未。和泉淡路兩國飢。振給之。
壬申。"
G046,Group,遣唐第一第四舶,1,第一第四舶。忽遇逆風。流着壹伎嶋。
G047,Group,遣唐第一船,2,第一船擧帆指奄美嶋發去。未知其着處。; 第一船海中中斷。舳艫各分。
G048,Group,遣唐第三舶,2,柁折棚落。潮溢人溺。船頭已下百・餘人任波漂蕩。; 遣唐第三舶漂着對馬嶋上縣郡南浦舶上唯有三人。
G049,Group,遣唐第二舶,1,第二舶左右方便漂着値賀嶋。
G050,Group,遣唐第二舶知乘船事菅原朝臣梶成,2,"朝臣愛發等於山陵祈祷焉。』遣唐第二舶知乘船事正六位上菅原朝臣梶成等。海中遇造風。漂着南海賊地。相戰之時。所得兵; 中遇造風。漂着南海賊地。相戰之時。所得兵器。五尺鉾一枚。片盖鞘横佩一柄。箭一隻。齎來献之。並不以中國兵仗。
辛亥。設百高座於宮中。令講仁王經。爲攘中外妖祥也。晩頭講畢。布施法有差。〈外記日記云。不行衆僧布施。所謂无所得者也〉。
癸丑。勅。比來亢"
G051,Group,遣唐第二船,1,第二船到泊薩摩國出水郡。
G052,Group,遣唐第四船,1,遣唐第四船來泊薩摩國甑嶋郡。
C036,Culture,遣唐録事大神宗雄,1,貳從四位上南淵朝臣永河等。得今月十四日飛驛所奏。遣唐録事大神宗雄送大宰府牒状。知入唐三箇船嫌本舶之不完。倩駕楚州新羅船九隻。傍新羅南以歸朝。其第六船。宗雄所駕是也。餘八箇船。或隱或見。前後相失。未有
P284,Person,遣高麗使并彼國,2,"中介。
乙未。授正五位上掃守王從四位下。
九月甲辰。授從三位大野朝臣仲千正三位。
癸亥。送高麗使正六位上高麗朝臣殿嗣等來着越前國坂井郡三國湊。勅越前國。遣高麗使并彼國送使。宜安置便處。依例供給之。但殿嗣一人早令入京。
丁夘。詔賜橘宿祢綿裳。三笠。姓朝臣。
冬十月戊寅。授正六位上高麗朝臣殿嗣從五位下。
辛夘。復陽侯忌寸令■本位外從五位下。; 麗朝臣殿嗣等來着越前國坂井郡三國湊。勅越前國。遣高麗使并彼國送使。宜安置便處。依例供給之。但殿嗣一人早令入京。
丁夘。詔賜橘宿祢綿裳。三笠。姓朝臣。
冬十月戊寅。授正六位上高麗朝臣殿嗣從五位下。
辛夘。復陽侯忌寸令■本位外從五位下。
癸巳。授无位藤原朝臣今女從五位下。
乙未。遣唐使第三船到泊肥前國松浦郡橘浦。判官勅旨大丞正六位上"
L316,Place,邵村浦,1,"〈入唐求法巡禮行記卷第二〉
([□@考]開成四年四月)十九日平明。天晴。北風吹。舉矴南出。未時風止。搖櫓指西南行。申時。到邵村浦下矴繫住。當於陶村之西南。擬入於澳。逆潮遄流不能進行。
廿日早朝。新羅人乘小船來。便聞張寶亮。與新羅王子。同心罰得新羅國便令其王子作新羅國王子既了。南風稍切。緣潮逆遄不得定住。東西往復。搖振殊甚。
廿"
P285,Person,部連廣成,1,"不願公途。偏求苟存。泛船無人。何以能濟。奉使之道。豈其然乎。宜加科責。以峻懲沮。
甲申。地震。
丁亥。常陸国人生部連廣成特授從八位下。以出私物。屡救貧民也。
己丑。"
P286,Person,郭務悰,3,唐國使人郭務悰等六百人，送使沙宅孫登等一千四百人，總合二千人，乘船四十七隻，俱泊於比知嶋。; 在百濟國大唐行軍總管使人朝散大夫郭務悰等至; 復上送大唐大使郭務悰爲御近江大津宮天皇所造阿彌陀像。
P287,Person,釋圓珍,2,"方志道者，後當入日本國。」元佐送護四十里。

嘉祥三年
釋圓珍夢山王明神告曰：「入唐求法，勿爲留滯。」珍夢中曰：「此來入唐，請益闍梨仁公，精研顯密，已歸本山。我何汲汲於航海乎？」神曰：「世人薙發爲僧者多矣，子昔日何汲汲於薙發乎？」蓋珍躁甚於度世; 里。

嘉祥三年
釋圓珍夢山王明神告曰：「入唐求法，勿爲留滯。」珍夢中曰：「此來入唐，請益闍梨仁公，精研顯密，已歸本山。我何汲汲於航海乎？」神曰：「世人薙發爲僧者多矣，子昔日何汲汲於薙發乎？」蓋珍躁甚於度世。
四年春，又夢山王語曰：「求法忘身，"
P288,Person,釋圓珍夢山,1,"元佐及衆官皆曰：「我國教法随和尚東矣，斯方志道者，後當入日本國。」元佐送護四十里。

嘉祥三年
釋圓珍夢山王明神告曰：「入唐求法，勿爲留滯。」珍夢中曰：「此來入"
C037,Culture,釋宗睿,1,"，會李延考赴日本寮，共泛舶，凡三日夜，着大宰府，年丁亥也。

同四年
釋真如泛海入唐，遍詢名德，不充如意，遂杖錫西邁。元慶五年，在唐留學"
P289,Person,釋定惠,1,"志者道嚴等十三人到長安，謁三蔵玄奘，即高宗永徽四年也。同年釋定惠随遣唐使浮海，乃到長安。

同五年
《唐録》曰：高宗永徽五年，倭國使献虎珀、馬瑙。高宗慰撫之，仍云：「王國與新羅、高麗、百濟接近，若有危急，宜遣使救之。」

齊明天皇四年
七月，智通"
P290,Person,釋榮睿・普照,2,"行善至自高麗。三蔵善無畏來遊。

聖武天皇五年
釋榮睿、普照等隨遣唐大使丹墀廣成入唐留学。

天平八年
七月，南天笁婆羅; 老二年
十月，沙門行善至自高麗。三蔵善無畏來遊。

聖武天皇五年
釋榮睿、普照等隨遣唐大使丹墀廣成入唐留学。

天平八年
七月，南天笁婆羅"
P291,Person,釋永忠,1,"元年四月廿五日所勘。

光仁天皇
寶亀之初，釋永忠入唐。延曆之季，隨使歸。

桓武天皇延曆二十一年
釋最澄賜入唐求法詔。

同二十三年
五月，釋空海從遣唐使金紫光禄大夫藤賀能。八月，著衡州界，乃德宗貞元二十年也。十"
L317,Place,里到登州,1,"里立二候子。築土堆四角。上狹下闊。高四尺或五尺六尺不定。曰喚之為里隔柱。二日平明發。行廿里到安香村庭彥宅齋。行廿里到登州入開元寺宿。登州去赤山浦四百里。乍行山阪蹈破脚。策杖膝步而行矣。城南地界所由喬改來請行由。仍書行曆與之如左。
日本國求法僧圓仁弟子僧惟正惟曉行者丁雄滿
右圓仁等。日"
P292,Person,重受,1,重受潅頂、学胎蔵界法、尽其殊旨。阿闍梨以金剛杵并儀軌法門等、付属宗叡、用充印信。更尋慈恩寺造玄、興善寺智慧輪等阿闍梨、承受秘奥、詢求幽■、廻至洛陽、便入聖善寺善無畏三蔵旧院。其門徒、以三蔵所持金剛杵并経論梵夾
P293,Person,野臣妹子,2,"丘同來。
《日本書記》二十二卷曰：「推古十五年秋七月，大禮小野臣妹子遣於大唐，以鞍作福利爲通事。十六年夏四月，小野臣妹子至自大唐。（唐）國號妹子臣曰蘇因高，即大唐使人裴世清，下客十二人，從妹子臣至於筑紫，遣於難波高麗館之上。六月壬寅朔丙辰，客等泊於難波津。是日，以飾船卅艘迎客等於江口，安置新館。於是，以中臣宫地連摩吕、大河内直; 池、肩岡一作「罡」池、菅原池。山背國掘大溝於栗隈。且河内國作户苅池、依網池。亦毎國置屯倉。

十六年
夏四月，小野臣妹子至自大唐。唐圀號妹子臣曰蘇因高。即大唐使人裴世清、下客十二人，從妹子臣至於筑紫。遣難波吉士雄成，召大唐客裴世清等，爲唐客更造新舘於難波高麗舘之上。
六月壬寅朔丙辰，客等泊于難波津。是日，以餝舩卅艘迎客等于江口"
P294,Person,金初正,1,正等言。在唐大使藤原河清。學生朝衡等。属宿衛王子金隱居歸郷。附書送於郷親。是以。國王差初正等。令送河清等書。又因使次。便貢土毛。又問。新羅貢調。其來久矣。改稱土毛。其義安在。對言。便以附貢。故不稱調。至是。遣左大史外從五位下堅部使主人主。宣告初正等
P295,Person,錢俶,1,錢俶置書於其國主，奉黄金五百兩，求寫其本，盡得之。
L318,Place,鎭西府,1,天台宗入唐請益僧圓仁。將弟子僧性海惟正等。去年十月駕新羅商船。來著鎭西府。▼是日歸朝。
L319,Place,鎮家東本誤作倒鎮,2,"贈土物亦更向淮南鎮去。從江口北行十五里許。既到鎮家([□@考]到鎮家東本誤作倒鎮孚)鎮軍等申云。更可還向於掘港𨓍。即將鎮軍兩人歸于江口。垂到江口。判官元行存。在水路邊申云。今日已晚。夜頭停宿。隨言留居。勞問殊深。兼加引前之人。
三日丑時潮生。知路之船引前。而赴掘港𨓍。巳時到白湖(; 。乘小船來慰問。使等筆上([□@考]上池本作言)國風。大使贈土物亦更向淮南鎮去。從江口北行十五里許。既到鎮家([□@考]到鎮家東本誤作倒鎮孚)鎮軍等申云。更可還向於掘港𨓍。即將鎮"
P296,Person,鑑真,6,"平勝寶四年
《佛祖統紀》曰：日本國孝明天皇天平勝寶四年，遣使入中國，求内外教典。

同五年
正月十二日，鑑真乗副使古舶，着大宰府。四月，入京。
《唐録》曰：玄宗天寶十二年，日本又遣使朝貢。

同六年
正月，遣唐使大伴宿祢古麻吕自唐國至，奏曰：「大唐天寶十二載正月癸卯，百官諸蕃朝貢，天子於蓬莱宫含元殿受朝。是日，以我次西; 便［就］智滿禪師出家爲沙彌，配住大雲寺。唐中宗孝和［聖］皇帝神龍元年，從道岸律師受菩薩戒。景龍元年杖錫東都，因入長安。其二年三月二十八日，於西京實際寺登壇受具足戒。荊州南泉寺弘景律師爲和上巡遊二京，究學三藏。後歸淮南，教授戒律；江淮之間，獨爲化主。; 岸律師受菩薩戒。景龍元年杖錫東都，因入長安。其二年三月二十八日，於西京實際寺登壇受具足戒。荊州南泉寺弘景律師爲和上巡遊二京，究學三藏。後歸淮南，教授戒律；江淮之間，獨爲化主。於是興建佛; 志，許焉。是時，大周則天長安元年有詔于天下諸州度僧，便［就］智滿禪師出家爲沙彌，配住大雲寺。唐中宗孝和［聖］皇帝神龍元年，從道岸律師受菩薩戒。景龍元年杖錫東都，因入長安。其二年三月二十八日，於西京實際寺登壇受具足戒。荊州南泉寺弘景律師爲和上巡遊二京，; 大和上住此一春，發向韶州...至韶州禪居寺"
P297,Person,鑑真之父,1,"真，揚州江陽縣人也，俗姓淳于，齊［大夫］髡之後也。

其父先就揚州大雲寺智滿禪師受戒，學禪門。大和上年十四，隨父入寺，見佛像感動心，因請父求出家；父奇其志，許焉。是時，大周則天長安元年有詔于天下諸州度僧，便［就］智滿禪師出家爲沙彌，配住大雲寺。"
L320,Culture,長安,12,"空海以去延暦二十三年。銜命留學之末。問津萬里之外。其年臘月得到長安。; 其年八月。到長安城。; 凡住長安六年之間。求得念誦教法經論章疏等五百五十九卷。胎藏金剛界兩部大曼荼羅。及諸尊曼荼羅。壇樣。高僧眞影。舍利并道具等廿一種。; 十五人入京。十月十六日。發赴上都。至高武縣。有中書門下勅牒。爲路次乏車馬。減却人數。定廿人。正月十三日。到長安。即遣内使趙寳英。將馬迎接。安置外宅。三月廿四日。乃對龍顏奏事。四月廿二日。辞見首路。勅令内使揚光耀監送。至揚州發遣。便領留學生起京; 云云〉。此亦師安、廣忠、信俊、師遠、廣宗五人同所勘也。

同十年
十一月，唐務悰來，釋道旻從之。

天武天皇七年
釋定惠伴百濟使而至。
《唐録》曰：則天長安三年，日本國遣其大臣朝臣真人來貢方物。因言其國近日所出，故号曰日本國。

同十四年
沙門觀常、雲觀二比丘從國使歸。

持統皇帝元年
沙門智隆至自新羅。

同三年
四月，新羅王吊"
L321,Place,長安千福寺天台宗惠雲,1,長安千福寺天台宗惠雲。禪門宗學人僧弘鑒...竝閑々無繫。雲遊山水。從此五峯下游楚泗。今到此郡。
L322,Culture,長安城,2,"其年八月。到長安城。; 闍梨之所付也。空 
海去延暦二十三年季夏之月。隨入唐
大使藤原朝臣。同上第一船發赴咸陽。
其年八月到福州著岸。十二月下旬到
長安城。宣陽坊宮宅安置。二十四年仲
春十一日。大使等旋軔本朝。唯空海孑
然准勅留住西明寺永忠和尚故院。於
是歴城中訪名徳。偶然奉遇青龍寺東
塔院和尚法諱惠果阿闍梨。其大徳則
大興善寺大廣智三藏之付法弟子也。"
L323,Place,長安西明寺,1,二十四年二月十日。准勅配住西明寺。
L324,Place,長安青龍寺,1,授我以發菩提心戒。許我以入灌頂道場。沐受明灌頂再三焉。受阿闍梨位一度也。
P298,Person,長岡,1,靈龜二年。入唐請益。凝滯之處。多有發明。
C038,Culture,長慶宣明暦經,3,貞觀元年。渤海國大使烏孝愼新貢長慶宣明暦經云。是大唐新用經也。; 請停舊用新。欽若天歩。詔從之。; 始頒行長慶宣明暦經。先是。陰陽頭從五位下兼行暦博士大春日朝臣眞野麻呂奏言...寳龜十一年。遣唐使録事故從
L325,Place,長門國,1,癸亥。入唐留學天台宗僧圓載之弟子仁好。順昌。与新羅人張公靖等廿六人。來着於長門國。
P299,Person,阿倍仲麻呂,2,開元中，有朝衡者，隸太學，應舉，仕至補闕。求歸國，授撿校秘書監，放還。; 故留學問贈從二品安倍朝臣仲滿大唐光祿大夫右散騎常侍兼御史中丞北海郡開國公贈・州大都督朝衡
C039,Culture,阿彌陀像,1,復上送大唐大使郭務悰爲御近江大津宮天皇所造阿彌陀像。
P300,Person,隋煬帝,1,，愛育之情，無隔遐迩。知皇介居海表，撫寧民庶，境内安樂，風俗融和，深氣至誠，達脩朝貢。丹款之美，朕有嘉焉。稍暄，比如常也。故遣鴻臚寺掌客裴世清等，稍宣往意，并送物如別。」時，阿倍臣出進，以受其書而進
L326,Place,隋煬帝（鴻臚寺掌客裴世清傳達）,1,，愛育之情，無隔遐邇。知皇介居海表，撫寧民庶，境内安樂，風俗融和，深氣至誠，遠脩朝貢，丹款之美，朕有嘉焉。稍暄，比如常。世一作「也」故遣鴻臚寺掌客裴世清等，指一作「稍」宣往意，并送物如别。』時，阿倍臣出進以受其書而進行，大伴嚙連迎出承書，置於大
L327,Place,際寺登壇,1,"實際寺登壇受具足戒。荊州南泉寺弘景律師爲和上巡遊二京，究學三藏。後歸淮南，教授戒律；江淮之間，獨爲化主。於是興建佛事，濟化羣生，其事繁多，不可具載。

日本［國］天平五年，歲次癸酉，沙門榮叡、普照等隨遣唐大使丹墀真人廣"
P301,Person,隱岐國,1,漂流十餘日。着隱岐國。
P302,Person,雄谷姓,1,摂津国俘囚勲六等吉弥侯部子成等男女八人、陸奥国勲六等吉弥侯部押人等男女八人、賜姓雄谷。
L328,Place,難波江口,1,遣唐使駕船一隻自安藝國到于難波江口。著灘不浮。其柁亦復不得發出。爲浪所搖。船尾破裂。
L329,Place,難波津,1,暴雨疾風、沈石不禁。未初、風変打破舟、。云々。其明経請益大学助豊村家永、遂波没、不知所著。沈溺之徒、不可勝計
P303,Person,難波高麗館,1,"丘同來。
《日本書記》二十二卷曰：「推古十五年秋七月，大禮小野臣妹子遣於大唐，以鞍作福利爲通事。十六年夏四月，小野臣妹子至自大唐。（唐）國號妹子臣曰蘇因高，即大唐使人裴世清，下客十二人，從妹子臣至於筑紫，遣於難波高麗館之上。六月壬寅朔丙辰，客等泊於難波津。是日，以飾船卅艘迎客等於江口，安置新館。於是，以中臣宫地連摩吕、大河内直"
C040,Culture,難義一卷,1,遣唐陰陽師兼陰陽請益正八位上春苑宿祢玉成。在唐間得難義一卷。令陰陽寮諸生傳學。
L330,Place,青竜寺,2,明年向青竜寺。礼拜義眞阿闍梨。屈請爲師。; 入胎藏潅頂道場。始習學毘盧遮那經中眞言印契。
L331,Place,青龍寺,2,幸遇青龍寺灌頂阿闍梨法號惠果和尚。以爲師主。; 遇青龍寺惠果和尚。禀學眞言。其宗旨義味莫不該通。
L332,Place,韶州,1,大和上住此一春，發向韶州...至韶州禪居寺
P304,Person,領唐客使,1,使之行。左右建旗。亦有帶仗。行官立旗前後。臣等稽之古例。未見斯儀。禁不之旨。伏請處分者。唯聽帶仗。勿令建旗。又奏曰。往時遣唐使粟田朝臣眞人等發從楚州。到長樂驛。五品舍人宣勅勞問。此時未見拜謝之禮。又新羅朝貢使王子泰廉入京之日。官使宣命。賜以迎馬。客徒斂轡。馬上答謝。但渤海國使。皆悉下馬。再拜舞踏。今領唐客。准據何例者。進退之
P305,Person,頭陀僧義圓,1,頭陀僧義圓。見雇博士。自出帔子一領。畫五臺山化現圖。擬付傳日本國。
G053,Group,飯高公若舍人等十一人（正七位上）,1,"宮。群臣奉觴上壽。極日盡歡。賜祿有差。
夏四月戊辰。正七位上飯高公若舍人等十一人賜姓宿祢。
己巳。河内。攝津兩國有鼠食五穀及草木。」遣使奉幣於諸國群神。
辛未。授正五位下佐伯宿祢助從四位下。
庚午。外從五位下大隅忌寸三行爲隼人正。
壬申。授川部"
P306,Person,養老二年,2,慈法師卒。〈天平元年爲律師。〉法師俗姓額田氏。添下郡人也。性聰悟爲衆所推。大寳元年隨使入唐。渉覽經典。尤精三論。養老二年歸朝。是時釋門之秀者唯法師及神叡法師二人而已。著述愚志一卷論僧尼之事。其略曰。今察日本素緇行佛法軌模; 養老二年歸朝。是時釋門之秀者唯法師及神叡法師二人而已。著述愚志一卷論僧尼之事。其略曰。今察日本素緇行佛法軌模全異大唐道俗傳聖教法則。若順經典。能護國土。如違憲章。不利人民。一國佛法。万家修善。何用虚設。豈不愼乎。
P307,Person,駕桴,1,"不欲更入都者。隨願駐之。但大使副使。去留任意。其縁修造事。應留判官并録事者。任大使之簡定。
辛丑。遣唐第三舶人九人。駕桴漂着肥前國。
乙巳。勅曰。遣唐第三舶。未遂利渉。半途漂損。纔乘桴所着使下之徒廿有五人。漂着之後。已經旬日。而判官録事史生知乘船事等惣一百餘人。未知所去。存亡難量。宜仰大宰府。差海邊諳路之人。遣絶嶋無人之處"
P308,Person,駕桴漂,1,"欲更入都者。隨願駐之。但大使副使。去留任意。其縁修造事。應留判官并録事者。任大使之簡定。
辛丑。遣唐第三舶人九人。駕桴漂着肥前國。
乙巳。勅曰。遣唐第三舶。未遂利渉。半途漂損。纔乘桴所着使下之徒廿有五人。漂着之後。已經旬日。而判官録事史生知乘船事等惣一百餘人。未知所去。存亡難量。宜仰大宰府。差海邊諳路之人。遣絶嶋無人之處。漂損"
P309,Person,駕桴漂着肥前國,2,"欲更入都者。隨願駐之。但大使副使。去留任意。其縁修造事。應留判官并録事者。任大使之簡定。
辛丑。遣唐第三舶人九人。駕桴漂着肥前國。
乙巳。勅曰。遣唐第三舶。未遂利渉。半途漂損。纔乘桴所着使下之徒廿有五人。漂着之後。已經旬日。而判官録事史生知乘船事等惣一百餘人。未知所去。存亡難量。宜仰大宰府。差海邊諳路之人。遣絶嶋無人之處。漂損; 不欲更入都者。隨願駐之。但大使副使。去留任意。其縁修造事。應留判官并録事者。任大使之簡定。
辛丑。遣唐第三舶人九人。駕桴漂着肥前國。
乙巳。勅曰。遣唐第三舶。未遂利渉。半途漂損。纔乘桴所着使下之徒廿有五人。漂着之後。已經旬日。而判官録事史生知乘船事等惣一百餘人。未知所去。存亡難量。宜仰大宰府。差海邊諳路之人。遣絶嶋無人之處"
P310,Person,高丘親王,2,無品高丘親王入唐之後。多歴年序。歸却之期已過。存亡之分難决。; 无品高丘親王入唐之後、男正五位下在原朝臣安貞等、請被返収親王封邑。
P311,Person,高元度,1,授正六位上高元度外從五位下。爲迎入唐大使使。
P312,Person,高南申,1,"正税貳仟束。其軍士蝦夷俘囚有功者。按察使簡定奏聞。
丁夘。帝臨軒。渤海國使高南申等貢方物。奏曰。國王大欽茂言。爲獻日本朝遣唐大使特進兼秘書監藤原朝臣河清上表并恒貢物。差輔國大將軍高南申等。充使入朝。詔曰。遣唐大使藤原河清久不來歸。所鬱念也。而高麗王差南申令齎河清表文入朝。王之款誠。實有嘉"
P313,Person,高向史玄理,1,二月、遣大唐押使大錦上高向史玄理。
P314,Person,高向玄理,1,遣大唐押使大錦上高向史玄理。大使小錦下河邊臣麻呂。副使大山下藥師惠日。
P315,Person,高橋朝臣笠間,1,左大辨直廣參高橋朝臣笠間爲大使。
L333,Place,高武縣,1,同入海。七月三日着泊揚州海陵縣。八月廿九日。到揚州大都督府。即節度使陳少遊且奏且放。六十五人入京。十月十六日。發赴上都。至高武縣。有中書門下勅牒。爲路次乏車馬。減却人數。定廿人。正月十三日。到長安。即遣内使
P316,Person,高表仁,1,大唐客高表仁等歸國。送使吉士雄摩呂、黑麻呂等，到對馬而還之。
P317,Person,高階眞人遠成,1,壬申。遣唐判官正六位上高階眞人遠成従従五位上。遠成、率爾奉使、不遑治行。其意可矜。故復命之日特授焉。
L334,Place,高雄寺,2,秋八月宣勅令最澄師修入唐所受潅頂秘法。是大法師修圓勤操等七人爲受法弟子。於清瀧峯高雄寺。; 法師亦在其中。共禀潅頂三摩耶戒。是則本朝潅頂始興之日也。
L335,Place,高麗→唐,1,"以傷乃心，我不取也。」初，師還，帝以弓服賜蓋蘇文，受之，不遣使者謝，於是下詔削棄朝貢。

又明年三月，詔左武衛大將軍牛進達為青丘道行軍大總管，右武衛將軍李海岸副之，自萊州度海；李勣為遼東道行軍大總管，右武衛將軍孫貳朗、右屯衛大將軍鄭仁泰副之，率"
L336,Place,高麗（蓋蘇文）,1,"以傷乃心，我不取也。」初，師還，帝以弓服賜蓋蘇文，受之，不遣使者謝，於是下詔削棄朝貢。

又明年三月，詔左武衛大將軍牛進達為青丘道行軍大總管，右武衛將軍李海岸副之，自萊州度海；李勣為遼東道行軍大總管，右武衛將軍孫貳朗、右屯衛大將軍鄭仁泰副之，率"
L337,Place,鴻臚寺,1,開元初，又遣使來朝，因請儒士授經。詔四門助教趙玄默就鴻臚寺教之
P318,Person,鴻臚館,1,"十一日平旦。筑前國丹判官家人大和武藏共嶋長來相見。粗知國中事宜。
十五日到橘浦。
十七日到博太西南能舉嶋下泊船。
十八日到鴻臚館前。
十九日入館住。
十月六日。借得官庫絹八十疋。綿二百屯。給船上肆拾肆人冬衣。
六日生料米十碩送來。依國府從十月一日始充行。
十九日太政官符來太宰府。圓仁五人。速令入京。唐人金珍等卌四人。仰太宰府。"
L338,Place,麟德殿,1,則天宴之於麟德殿，授司膳卿，放還本國。
P319,Person,齊詮,1,縁齊詮等求法入唐也。
